{
  "portfolio_value": 288192.49845435994,
  "net_invested": 288258.49845435994
}