{
  "portfolio_value": 52308.291114798514,
  "net_invested": 52528.291114798514
}