{
  "portfolio_value": 102346.29323385339,
  "net_invested": 102512.11372844802
}