{
  "portfolio_value": 101801.49301997334,
  "net_invested": 102036.20301810413
}