Date,Security,Close,Return,LogRet
2024-03-14,A200.AX,121.1946792602539,-0.0018490503344841258,-0.001850761938273656
2024-03-15,A200.AX,120.44631958007812,-0.006174855899150122,-0.0061939991671366
2024-03-18,A200.AX,120.68017578125,0.0019415802989015685,0.0019396978680729386
2024-03-19,A200.AX,121.0917739868164,0.003410653016552523,0.0034048499306842898
2024-03-20,A200.AX,120.9140396118164,-0.0014677658865527299,-0.0014688441100838873
2024-03-21,A200.AX,122.38268280029297,0.012146175855107577,0.012073002979026588
2024-03-22,A200.AX,122.073974609375,-0.002522482624618738,-0.002525669444173838
2024-03-25,A200.AX,122.85974884033203,0.0064368693939180766,0.006416241223360103
2024-03-26,A200.AX,122.43880462646484,-0.003426217437691892,-0.003432100361952517
2024-03-27,A200.AX,122.97199249267578,0.004354729432695548,0.004345275036101477
2024-03-28,A200.AX,124.16934204101562,0.009736766267417929,0.009689669425927762
2024-03-29,A200.AX,124.16934204101562,0.0,0.0
2024-04-01,A200.AX,124.16934204101562,0.0,0.0
2024-04-02,A200.AX,123.98728942871094,-0.0014661639444344399,-0.001467239814520291
2024-04-03,A200.AX,122.40279388427734,-0.012779499832074603,-0.012861860074251748
2024-04-04,A200.AX,122.99699401855469,0.004854465453126178,0.004842720530585277
2024-04-05,A200.AX,122.22357940673828,-0.006288077346831233,-0.006307930574703748
2024-04-08,A200.AX,122.51596069335938,0.002392183963522365,0.0023893272464195446
2024-04-09,A200.AX,123.05355072021484,0.004387918307239946,0.0043783194627578835
2024-04-10,A200.AX,123.4591064453125,0.0032957661337198463,0.0032903470000494764
2024-04-11,A200.AX,122.79890441894531,-0.005347536081995119,-0.0053618853313498836
2024-04-12,A200.AX,122.42166137695312,-0.003072039150326389,-0.0030767675489639557
2024-04-15,A200.AX,121.90291595458984,-0.0042373663004456885,-0.004246369378923051
2024-04-16,A200.AX,119.76194763183594,-0.01756289671980804,-0.017718954305513804
2024-04-17,A200.AX,119.65821075439453,-0.0008661923047570408,-0.0008665676660838328
2024-04-18,A200.AX,120.20521545410156,0.004571392938757857,0.004560975857042172
2024-04-19,A200.AX,118.99800109863281,-0.010042944899755213,-0.010093715481005305
2024-04-22,A200.AX,120.28068542480469,0.010779040944634888,0.010721361200815504
2024-04-23,A200.AX,120.86543273925781,0.004861522965120546,0.004849743922980092
2024-04-24,A200.AX,120.89373016357422,0.00023412338561223933,0.00023409598300937074
2024-04-25,A200.AX,120.89373016357422,0.0,0.0
2024-04-26,A200.AX,119.20549011230469,-0.01396466176521538,-0.014063085027028332
2024-04-29,A200.AX,120.11092376708984,0.007595570086009751,0.007566868986067641
2024-04-30,A200.AX,120.55419921875,0.003690550682298621,0.003683757309190865
2024-05-01,A200.AX,119.0923080444336,-0.01212642266955588,-0.012200547589180674
2024-05-02,A200.AX,119.37525177001953,0.0023758354358232037,0.0023730176010727257
2024-05-03,A200.AX,120.0448989868164,0.005609598362037227,0.0055939231588864585
2024-05-06,A200.AX,120.82772064208984,0.0065210738805270285,0.006499903663441779
2024-05-07,A200.AX,122.71402740478516,0.015611539741636316,0.01549093327067534
2024-05-08,A200.AX,122.78004455566406,0.000537975586614392,0.0005378309296274552
2024-05-09,A200.AX,121.72370910644531,-0.008603478301719036,-0.008640701876418848
2024-05-10,A200.AX,122.1575698852539,0.0035643079067626537,0.0035579708151019583
2024-05-13,A200.AX,122.31790161132812,0.0013124993090876114,0.0013116387347892463
2024-05-14,A200.AX,121.98779296875,-0.0026987762071578603,-0.002702424469039265
2024-05-15,A200.AX,122.4876708984375,0.004097770092582609,0.004089397098658917
2024-05-16,A200.AX,124.46829223632812,0.016169964890040855,0.016040623442765852
2024-05-17,A200.AX,123.30823516845703,-0.009320101103889922,-0.009363805008014063
2024-05-20,A200.AX,124.18534851074219,0.00711317732418193,0.007087998011127631
2024-05-21,A200.AX,123.97783660888672,-0.0016709853806748942,-0.001672383033935219
2024-05-22,A200.AX,123.94012451171875,-0.0003041841848470117,-0.00030423045824016137
2024-05-23,A200.AX,123.345947265625,-0.004794066880557057,-0.00480559527921847
2024-05-24,A200.AX,122.08211517333984,-0.010246239299322113,-0.010299093356055439
2024-05-27,A200.AX,123.11014556884766,0.008420810812854507,0.008385553576883876
2024-05-28,A200.AX,122.71402740478516,-0.003217591549682486,-0.0032227791280337805
2024-05-29,A200.AX,121.10123443603516,-0.013142694464994054,-0.013229823926505374
2024-05-30,A200.AX,120.45988464355469,-0.005295980635269482,-0.005310054051063602
2024-05-31,A200.AX,121.65769958496094,0.00994368328469375,0.00989457017450474
2024-06-03,A200.AX,122.62914276123047,0.00798505297719454,0.007953341143594791
2024-06-04,A200.AX,122.3556137084961,-0.0022305387330885385,-0.0022330300900099626
2024-06-05,A200.AX,122.69515228271484,0.002775014271332754,0.0027711710276253528
2024-06-06,A200.AX,123.6006088256836,0.00737972549137389,0.0073526285475518935
2024-06-07,A200.AX,124.25135803222656,0.0052649352841032115,0.005251123968243551
2024-06-10,A200.AX,124.25135803222656,0.0,0.0
2024-06-11,A200.AX,122.5536880493164,-0.013663190566253869,-0.013757390990874408
2024-06-12,A200.AX,121.94063568115234,-0.005002316763550785,-0.005014870231833701
2024-06-13,A200.AX,122.50653076171875,0.004640742418680732,0.004630007373157396
2024-06-14,A200.AX,122.09153747558594,-0.0033875196983579325,-0.0033932703338113257
2024-06-17,A200.AX,121.7425765991211,-0.0028581905321212187,-0.002862282958496559
2024-06-18,A200.AX,122.83663940429688,0.008986690077854576,0.008946550083133819
2024-06-19,A200.AX,122.74231719970703,-0.0007678670227976303,-0.0007681619836834711
2024-06-20,A200.AX,122.8177719116211,0.0006147408134009602,0.0006145519376695795
2024-06-21,A200.AX,123.23277282714844,0.003378997266177297,0.003373301282450638
2024-06-24,A200.AX,122.27074432373047,-0.007806596259643972,-0.007837227252227857
2024-06-25,A200.AX,123.91184997558594,0.013421899579758811,0.013332623831862194
2024-06-26,A200.AX,122.99699401855469,-0.007383119186837317,-0.007410509310943343
2024-06-27,A200.AX,122.79890441894531,-0.0016105239090599133,-0.0016118221968269763
2024-06-28,A200.AX,122.91209411621094,0.0009217484292813882,0.0009213238800629676
2024-07-01,A200.AX,122.74798583984375,-0.00133516784940646,-0.001336059980184143
2024-07-02,A200.AX,122.22566223144531,-0.004255251968695806,-0.0042643313191244
2024-07-03,A200.AX,122.52955627441406,0.0024863358268683022,0.0024832500078095904
2024-07-04,A200.AX,124.0585708618164,0.012478740916828324,0.012401523152770188
2024-07-05,A200.AX,123.88761901855469,-0.0013779930082552516,-0.0013789433137305093
2024-07-08,A200.AX,122.93791961669922,-0.007665813657402154,-0.007695347035312257
2024-07-09,A200.AX,123.88761901855469,0.007725032315631264,0.007695347035312328
2024-07-10,A200.AX,123.75466918945312,-0.0010731486338569907,-0.0010737248701471792
2024-07-11,A200.AX,124.9322738647461,0.009515638343230437,0.009470649827816566
2024-07-12,A200.AX,125.99594116210938,0.008513951315052726,0.008477912044805925
2024-07-15,A200.AX,126.983642578125,0.007839152649725678,0.00780858613240248
2024-07-16,A200.AX,126.67973327636719,-0.0023932948810382326,-0.002396163388936181
2024-07-17,A200.AX,127.66740417480469,0.007796597552686579,0.007766361145034451
2024-07-18,A200.AX,127.19255065917969,-0.003719457747999755,-0.0037263921310727623
2024-07-19,A200.AX,126.24286651611328,-0.007466507575676684,-0.007494521474467681
2024-07-22,A200.AX,125.56859588623047,-0.005341059249448721,-0.005355373698700293
2024-07-23,A200.AX,126.3473129272461,0.00620152702608201,0.00618237669078703
2024-07-24,A200.AX,126.0719223022461,-0.0021796318308611173,-0.002182010685633814
2024-07-25,A200.AX,124.47644805908203,-0.01265527021424373,-0.01273603022967609
2024-07-26,A200.AX,125.43562316894531,0.007705675449608096,0.007676138370931873
2024-07-29,A200.AX,126.48028564453125,0.008328275885223668,0.008293787151098825
2024-07-30,A200.AX,125.93894958496094,-0.00428000345517654,-0.004289188888458149
2024-07-31,A200.AX,128.1612548828125,0.017645893547431513,0.017492012377863655
2024-08-01,A200.AX,128.5601043701172,0.003112090995592842,0.0031072584639998953
2024-08-02,A200.AX,125.654052734375,-0.02260461478294873,-0.02286401564581975
2024-08-05,A200.AX,121.19049835205078,-0.03552256600716175,-0.03616884349602112
2024-08-06,A200.AX,121.72232055664062,0.004388316013396842,0.00437871543135817
2024-08-07,A200.AX,121.98822784423828,0.0021845400776263624,0.0021821574392993045
2024-08-08,A200.AX,121.47539520263672,-0.0042039518949023025,-0.004212813344795808
2024-08-09,A200.AX,123.22283935546875,0.014385169522742158,0.014282684643973758
2024-08-12,A200.AX,123.81163024902344,0.004778261048312249,0.00476688139456253
2024-08-13,A200.AX,123.89712524414062,0.0006905247507462686,0.0006902864482267869
2024-08-14,A200.AX,124.39094543457031,0.003985727590181121,0.003977805620867233
2024-08-15,A200.AX,124.67586517333984,0.002290518315253065,0.0022878990770230684
2024-08-16,A200.AX,126.1858901977539,0.012111606543212083,0.012038847930001265
2024-08-19,A200.AX,126.49927520751953,0.0024835186348846072,0.002480439798990313
2024-08-20,A200.AX,126.75569152832031,0.0020270181025159317,0.002024966473313843
2024-08-21,A200.AX,127.06909942626953,0.002472535111996965,0.0024694834262885515
2024-08-22,A200.AX,127.51546478271484,0.003512776579520205,0.003506621190663432
2024-08-23,A200.AX,127.40148162841797,-0.0008938771033858428,-0.0008942768497576607
2024-08-26,A200.AX,128.43666076660156,0.008125330451044688,0.008092497685051598
2024-08-27,A200.AX,128.2372283935547,-0.001552768281708028,-0.0015539750757858617
2024-08-28,A200.AX,128.17074584960938,-0.0005184340364974283,-0.0005185684698877658
2024-08-29,A200.AX,127.9618148803711,-0.0016300987238025977,-0.0016314287803394297
2024-08-30,A200.AX,128.71205139160156,0.005862971793044958,0.005845851458687519
2024-09-02,A200.AX,129.00645446777344,0.002287300007954629,0.002284688119315145
2024-09-03,A200.AX,129.0824432373047,0.0005890307569862419,0.0005888573464626505
2024-09-04,A200.AX,126.74620819091797,-0.018098782357967913,-0.01826456872004347
2024-09-05,A200.AX,127.24004364013672,0.0038962542254115107,0.0038886834855633165
2024-09-06,A200.AX,127.828857421875,0.004627582362385585,0.0046169080213853825
2024-09-09,A200.AX,127.4584732055664,-0.002897500797384156,-0.002901706679148153
2024-09-10,A200.AX,128.06626892089844,0.004768578345919483,0.004757244692194587
2024-09-11,A200.AX,127.60092163085938,-0.0036336444714141214,-0.0036402621933158403
2024-09-12,A200.AX,129.433837890625,0.014364443738644095,0.014262252567030103
2024-09-13,A200.AX,129.79473876953125,0.0027883039303155943,0.0027844238218527133
2024-09-16,A200.AX,130.07962036132812,0.0021948623996441707,0.0021924572079011387
2024-09-17,A200.AX,130.4500274658203,0.0028475414016684297,0.0028434948356740237
2024-09-18,A200.AX,130.4595184326172,7.275557530528332e-05,7.275292874678146e-05
2024-09-19,A200.AX,131.2477264404297,0.006041782288347175,0.006023603904880895
2024-09-20,A200.AX,131.3332061767578,0.0006512854633480281,0.0006510734690115364
2024-09-23,A200.AX,130.71592712402344,-0.004700098860783153,-0.004711179057747099
2024-09-24,A200.AX,130.56396484375,-0.0011625383655754495,-0.0011632146374799981
2024-09-25,A200.AX,130.0986328125,-0.003564015781895691,-0.0035703820168848793
2024-09-26,A200.AX,131.5326690673828,0.011022685049654424,0.010962378015735016
2024-09-27,A200.AX,131.60865783691406,0.0005777178405186323,0.0005775510258118015
2024-09-30,A200.AX,132.44436645507812,0.006349951681747568,0.006329875681500994
2024-10-01,A200.AX,131.47425842285156,-0.007324645496006088,-0.007351602425792708
2024-10-02,A200.AX,131.27297973632812,-0.0015309360854204312,-0.0015321091654958688
2024-10-03,A200.AX,131.39756774902344,0.0009490758337744598,0.0009486257460610688
2024-10-04,A200.AX,130.46798706054688,-0.007074565415488565,-0.00709970880929729
2024-10-07,A200.AX,131.40716552734375,0.0071985357324553245,0.007172749946760234
2024-10-08,A200.AX,130.96632385253906,-0.0033547765301501498,-0.0033604164101578276
2024-10-09,A200.AX,131.11009216308594,0.001097750217901483,0.0010971481307183047
2024-10-10,A200.AX,131.66590881347656,0.004239312483277358,0.004230351913622109
2024-10-11,A200.AX,131.58924865722656,-0.0005822323860507073,-0.0005824019491463353
2024-10-14,A200.AX,132.0300750732422,0.003350018489458151,0.0033444196781147895
2024-10-15,A200.AX,133.30467224121094,0.009653839606329706,0.009607539043728665
2024-10-16,A200.AX,132.7584228515625,-0.0040977512675626215,-0.004106170056895267
2024-10-17,A200.AX,133.64968872070312,0.006713441226528838,0.00669100643377852
2024-10-18,A200.AX,132.66256713867188,-0.0073858876251788885,-0.007413298344915786
2024-10-21,A200.AX,133.77426147460938,0.00837986449316519,0.008344948354765206
2024-10-22,A200.AX,131.46466064453125,-0.017264911834452445,-0.017415688373972015
2024-10-23,A200.AX,131.6179962158203,0.0011663634206888762,0.0011656837473204159
2024-10-24,A200.AX,131.570068359375,-0.00036414364162418167,-0.0003642099580196671
2024-10-25,A200.AX,131.6179962158203,0.000364276290519161,0.0003642099580196595
2024-10-28,A200.AX,131.79049682617188,0.0013106156856292905,0.001309757578575461
2024-10-29,A200.AX,132.09716796875,0.0023269594543118277,0.002324256276804967
2024-10-30,A200.AX,131.0334014892578,-0.008052909050584978,-0.00808550885614202
2024-10-31,A200.AX,130.52549743652344,-0.0038761418612490717,-0.003883673568055721
2024-11-01,A200.AX,129.9984130859375,-0.004038171552207759,-0.004046346983568924
2024-11-04,A200.AX,130.77467346191406,0.005971306553283817,0.0059535489579394165
2024-11-05,A200.AX,130.24758911132812,-0.004030477283045508,-0.00403862154749123
2024-11-06,A200.AX,131.3688507080078,0.008608693675867585,0.00857185017109666
2024-11-07,A200.AX,131.83840942382812,0.003574353534263608,0.003567980713963481
2024-11-08,A200.AX,133.007568359375,0.008868120759772724,0.008829029915100426
2024-11-11,A200.AX,132.46133422851562,-0.0041067898435936945,-0.004115245864344068
2024-11-12,A200.AX,132.47091674804688,7.234201276218322e-05,7.233939620496856e-05
2024-11-13,A200.AX,131.59884643554688,-0.006583107703244995,-0.006604871926831475
2024-11-14,A200.AX,132.2217559814453,0.004733396703469728,0.004722229406924728
2024-11-15,A200.AX,133.03634643554688,0.006160789864384064,0.006141889785062758
2024-11-18,A200.AX,133.4484100341797,0.0030973760906192194,0.0030925891034816653
2024-11-19,A200.AX,134.53135681152344,0.008115096890748852,0.008082346554107937
2024-11-20,A200.AX,133.69760131835938,-0.006197480742962669,-0.006216764843254532
2024-11-21,A200.AX,133.67843627929688,-0.00014334616981548365,-0.00014335644485962126
2024-11-22,A200.AX,134.81884765625,0.00853100476557378,0.008494821385839749
2024-11-25,A200.AX,135.23094177246094,0.0030566506343510103,0.0030519885755747552
2024-11-26,A200.AX,134.2630157470703,-0.007157578086080751,-0.007183316437821323
2024-11-27,A200.AX,135.00091552734375,0.005495927349520535,0.005480879848941277
2024-11-28,A200.AX,135.6238555908203,0.004614339547574398,0.00460372611962734
2024-11-29,A200.AX,135.499267578125,-0.000918629043191288,-0.0009190512414329664
2024-12-02,A200.AX,135.70053100585938,0.0014853469788560503,0.0014842449421685253
2024-12-03,A200.AX,136.46717834472656,0.005649552976576766,0.0056336541050633375
2024-12-04,A200.AX,135.94012451171875,-0.0038621288972241485,-0.003869606175383887
2024-12-05,A200.AX,136.1221923828125,0.001339323998324371,0.0013384279039560189
2024-12-06,A200.AX,135.23094177246094,-0.006547430619139094,-0.006568959065118243
2024-12-09,A200.AX,135.25967407226562,0.00021246838503152787,0.00021244581682083985
2024-12-10,A200.AX,134.86676025390625,-0.002904885148173997,-0.0029091125156989867
2024-12-11,A200.AX,134.21511840820312,-0.004831745379486496,-0.00484345599823907
2024-12-12,A200.AX,133.9180145263672,-0.002213639457012029,-0.0022160931786069163
2024-12-13,A200.AX,133.343017578125,-0.0042936489931978405,-0.004302893174371902
2024-12-16,A200.AX,132.6051025390625,-0.005533960851232145,-0.005549329940100387
2024-12-17,A200.AX,133.67843627929688,0.008094211457045475,0.00806162902878192
2024-12-18,A200.AX,133.4771728515625,-0.0015055788602573728,-0.0015067133829948867
2024-12-19,A200.AX,131.32090759277344,-0.016154561957848812,-0.01628646942789407
2024-12-20,A200.AX,129.63424682617188,-0.012843809851146526,-0.012927004703855684
2024-12-23,A200.AX,131.83840942382812,0.01700293442219669,0.01686000243315176
2024-12-24,A200.AX,132.12591552734375,0.0021807461480467527,0.0021783717724793024
2024-12-25,A200.AX,132.12591552734375,0.0,0.0
2024-12-26,A200.AX,132.12591552734375,0.0,0.0
2024-12-27,A200.AX,132.777587890625,0.004932206983620846,0.00492008349810778
2024-12-30,A200.AX,132.48049926757812,-0.002237490737454828,-0.0022399976600303746
2024-12-31,A200.AX,131.37841796875,-0.00831881903314835,-0.00835361350853165
2025-01-01,A200.AX,131.37841796875,0.0,0.0
2025-01-02,A200.AX,132.01840209960938,0.004871303375046043,0.004859476967887743
2025-01-03,A200.AX,132.84130859375,0.006233271127760842,0.006213924646239387
2025-01-06,A200.AX,132.8800048828125,0.00029129710834774336,0.00029125468958252
2025-01-07,A200.AX,133.28660583496094,0.0030599107255226965,0.0030552387268715266
2025-01-08,A200.AX,134.39991760253906,0.00835276553562081,0.008318074234574445
2025-01-09,A200.AX,133.99331665039062,-0.0030253065582293015,-0.0030298920487934105
2025-01-10,A200.AX,133.4705352783203,-0.003901548115525233,-0.003909179009039606
2025-01-13,A200.AX,131.82479858398438,-0.012330337110764922,-0.012406986443852921
2025-01-14,A200.AX,132.37661743164062,0.004186001826543162,0.004177264894287228
2025-01-15,A200.AX,132.1345977783203,-0.001828265882721225,-0.0018299392006145643
2025-01-16,A200.AX,133.92555236816406,0.013554017039870248,0.013462983012960766
2025-01-17,A200.AX,133.74159240722656,-0.0013735986724310312,-0.0013745429238682133
2025-01-20,A200.AX,134.3418426513672,0.004488134419043943,0.0044780927780414485
2025-01-21,A200.AX,135.1356658935547,0.005908979857061736,0.005891590304968841
2025-01-22,A200.AX,135.6778106689453,0.004011855580877244,0.004003829547306761
2025-01-23,A200.AX,134.73873901367188,-0.00692133555695984,-0.006945399098750563
2025-01-24,A200.AX,135.31959533691406,0.004310982331393598,0.004301716666928693
2025-01-27,A200.AX,135.31959533691406,0.0,0.0
2025-01-28,A200.AX,135.14535522460938,-0.0012876192237412099,-0.0012884489176702605
2025-01-29,A200.AX,135.9972686767578,0.006303682806801492,0.006283897700827748
2025-01-30,A200.AX,136.7039794921875,0.005196507417435159,0.005183052166177527
2025-01-31,A200.AX,137.3719482421875,0.004886242174377831,0.0048743432380656
2025-02-03,A200.AX,134.79685974121094,-0.018745373665638554,-0.01892329516097822
2025-02-04,A200.AX,134.73873901367188,-0.00043117271166881466,-0.0004312656933508618
2025-02-05,A200.AX,135.43577575683594,0.005173246746010607,0.005159911476384103
2025-02-06,A200.AX,136.98472595214844,0.011436787559688133,0.011371881910798286
2025-02-07,A200.AX,136.9363250732422,-0.0003533304795102499,-0.0003533929154315678
2025-02-10,A200.AX,136.39418029785156,-0.003959101247245078,-0.003966959235826902
2025-02-11,A200.AX,136.5587615966797,0.0012066592465214132,0.0012059318183659413
2025-02-12,A200.AX,137.2654571533203,0.005175029037886469,0.0051616845939054115
2025-02-13,A200.AX,137.4203643798828,0.0011285230077182629,0.0011278867043058216
2025-02-14,A200.AX,137.778564453125,0.0026066011020897673,0.002603209809323716
2025-02-17,A200.AX,137.23641967773438,-0.00393489928961388,-0.00394266137452945
2025-02-18,A200.AX,136.49099731445312,-0.005431665770876948,-0.005446470902755885
2025-02-19,A200.AX,135.60035705566406,-0.0065252674265188215,-0.006546650053007542
2025-02-20,A200.AX,134.1288604736328,-0.010851716131006883,-0.010911025464812632
2025-02-21,A200.AX,133.74159240722656,-0.0028872836542317426,-0.0028914598982863462
2025-02-24,A200.AX,133.98362731933594,0.0018097205794620486,0.0018080850081615746
2025-02-25,A200.AX,133.1026611328125,-0.0065751779090421625,-0.006596889615864828
2025-02-26,A200.AX,133.11236572265625,7.291056212666014e-05,7.290790428081456e-05
2025-02-27,A200.AX,133.54798889160156,0.0032725973021390242,0.0032672540100432156
2025-02-28,A200.AX,131.99905395507812,-0.011598339663360102,-0.011666125046511098
2025-03-03,A200.AX,133.2963104248047,0.009827770963934723,0.009779792514247732
2025-03-04,A200.AX,132.44436645507812,-0.00639135447193917,-0.006411866624935873
2025-03-05,A200.AX,131.66021728515625,-0.005920592856532236,-0.005938189054075299
2025-03-06,A200.AX,131.38916015625,-0.0020587625821638644,-0.002060884747038075
2025-03-07,A200.AX,128.97860717773438,-0.01834666555177733,-0.018517052864028553
2025-03-10,A200.AX,129.27871704101562,0.0023268189186420596,0.0023241160673869773
2025-03-11,A200.AX,128.16542053222656,-0.008611599297012273,-0.008648893380400478
2025-03-12,A200.AX,126.46159362792969,-0.01329396725904286,-0.013383123079779274
2025-03-13,A200.AX,125.96784973144531,-0.00390429918143409,-0.003911940854219331
2025-03-14,A200.AX,126.52934265136719,0.004457430377028171,0.004447525456998801
2025-03-17,A200.AX,127.61360931396484,0.008569290252184336,0.00853278230103045
2025-03-18,A200.AX,127.7781982421875,0.0012897443235675432,0.0012889133178040236
2025-03-19,A200.AX,127.27477264404297,-0.003939839542817403,-0.003947621156225744
2025-03-20,A200.AX,128.75595092773438,0.011637642345933674,0.011570445823164917
2025-03-21,A200.AX,128.86244201660156,0.0008270770251772586,0.0008267351854466769
2025-03-24,A200.AX,129.00767517089844,0.001127040214542685,0.0011264055815132928
2025-03-25,A200.AX,129.16253662109375,0.0012004049370719638,0.0011996850271301946
2025-03-26,A200.AX,130.14999389648438,0.0076450749669572104,0.007615999476839492
2025-03-27,A200.AX,129.64659118652344,-0.0038678657976836117,-0.003875365334979928
2025-03-28,A200.AX,129.7627716064453,0.0008961316981694889,0.0008957304118782728
2025-03-31,A200.AX,127.623291015625,-0.016487630191108216,-0.016625063897199376
2025-04-01,A200.AX,128.90365600585938,0.010032377162861428,0.009982386936258863
2025-04-02,A200.AX,129.0401153564453,0.0010586150526230576,0.001058055114845769
2025-04-03,A200.AX,127.87055206298828,-0.009063563607536795,-0.009104887584678511
2025-04-04,A200.AX,124.76151275634766,-0.02431395858140295,-0.024614423193180114
2025-04-07,A200.AX,119.56678009033203,-0.041637301049408215,-0.042528972505037954
2025-04-08,A200.AX,122.26648712158203,0.02257907279271376,0.02232793874940261
2025-04-09,A200.AX,120.11256408691406,-0.01761662648020712,-0.017773646081222474
2025-04-10,A200.AX,125.52172088623047,0.04503406317595804,0.04404948122615486
2025-04-11,A200.AX,124.4886245727539,-0.008230418657285132,-0.008264475549978228
2025-04-14,A200.AX,126.09675598144531,0.012917898436186626,0.012835174041398759
2025-04-15,A200.AX,126.35015106201172,0.0020095289414399087,0.0020075125390507536
2025-04-16,A200.AX,126.2429428100586,-0.0008485011774976847,-0.0008488613583788062
2025-04-17,A200.AX,127.1883316040039,0.007488646675226196,0.007460745966499003
2025-04-18,A200.AX,127.1883316040039,0.0,0.0
2025-04-21,A200.AX,127.1883316040039,0.0,0.0
2025-04-22,A200.AX,127.21757507324219,0.00022992257913512226,0.00022989615098979813
2025-04-23,A200.AX,128.88418579101562,0.013100475439921988,0.01301540636957878
2025-04-24,A200.AX,129.6736297607422,0.006125219823374106,0.006106536916889529
2025-04-25,A200.AX,129.6736297607422,0.0,0.0
2025-04-28,A200.AX,130.1999053955078,0.004058463048629335,0.004050249702346222
2025-04-29,A200.AX,131.34022521972656,0.008758223139677446,0.00872009238012399
2025-04-30,A200.AX,131.9347381591797,0.004526510735447076,0.004516296896165087
2025-05-01,A200.AX,132.5974884033203,0.005023318751283146,0.005010743979454891
2025-05-02,A200.AX,134.17637634277344,0.011907374404035664,0.01183703940765828
2025-05-05,A200.AX,132.76316833496094,-0.010532465150215775,-0.01058832412932215
2025-05-06,A200.AX,132.68521118164062,-0.0005871896121342202,-0.0005873620754702769
2025-05-07,A200.AX,133.1042938232422,0.0031584728838232046,0.0031534953864506133
2025-05-08,A200.AX,133.4551544189453,0.0026359825489106203,0.002632514440157418
2025-05-09,A200.AX,134.09840393066406,0.004819967535307335,0.004808388683340813
2025-05-12,A200.AX,134.2640838623047,0.0012355100939627217,0.001234747479447237
2025-05-13,A200.AX,135.01454162597656,0.005589415591153335,0.005573852772271761
2025-05-14,A200.AX,135.13150024414062,0.0008662668239696192,0.0008658918314112462
2025-05-15,A200.AX,135.47262573242188,0.0025243965149868153,0.0025212155782767666
2025-05-16,A200.AX,136.19384765625,0.005323746549746877,0.00530962550681463
2025-05-19,A200.AX,135.51161193847656,-0.005009299094738684,-0.00502188769107474
2025-05-20,A200.AX,136.33030700683594,0.006041512285538175,0.006023335523537312
2025-05-21,A200.AX,137.0320281982422,0.005147213461281774,0.005134011839738507
2025-05-22,A200.AX,136.38877868652344,-0.00469415449932753,-0.004705206643103291
2025-05-23,A200.AX,136.6421661376953,0.001857832100353729,0.0018561084647839867
2025-05-26,A200.AX,136.6226806640625,-0.0001426022009426431,-0.000142612369603227
2025-05-27,A200.AX,137.3828887939453,0.005564289371192022,0.005548865900407493
2025-05-28,A200.AX,137.18795776367188,-0.0014188887130318628,-0.0014198962888265754
2025-05-29,A200.AX,137.43161010742188,0.0017760476044823559,0.0017744722968740668
2025-05-30,A200.AX,137.8701934814453,0.0031912845500436937,0.003186203209303375
2025-06-02,A200.AX,137.4803466796875,-0.002827636575488457,-0.002831641891958041
2025-06-03,A200.AX,138.3769989013672,0.0065220392829585805,0.0065008628107399566
2025-06-04,A200.AX,139.5758056640625,0.008663338359793382,0.008626026983218543
2025-06-05,A200.AX,139.5758056640625,0.0,0.0
2025-06-06,A200.AX,139.23468017578125,-0.0024440158998779715,-0.0024470073818844635
2025-06-09,A200.AX,139.23468017578125,0.0,0.0
2025-06-10,A200.AX,140.29701232910156,0.00762979562260746,0.0076008359429980046
2025-06-11,A200.AX,140.44322204589844,0.0010421441937331632,0.0010416015384568703
2025-06-12,A200.AX,139.92665100097656,-0.0036781486311461276,-0.003684929652665838
2025-06-13,A200.AX,139.68301391601562,-0.00174117713257671,-0.0017426947433555155
2025-06-16,A200.AX,139.6732635498047,-6.98035211124104e-05,-6.980595749156946e-05
2025-06-17,A200.AX,139.55630493164062,-0.000837372988870988,-0.0008377237814754057
2025-06-18,A200.AX,139.4685821533203,-0.0006285834120018929,-0.0006287810533818835
2025-06-19,A200.AX,139.38084411621094,-0.0006290881842687668,-0.0006292861432673585
2025-06-20,A200.AX,139.00076293945312,-0.0027269254908580676,-0.002730650325279406
2025-06-23,A200.AX,138.4939422607422,-0.0036461719201620335,-0.003652835407408942
2025-06-24,A200.AX,139.93638610839844,0.010415212565330512,0.010361347923910332
2025-06-25,A200.AX,139.94615173339844,6.97861740721617e-05,6.978373913039874e-05
2025-06-26,A200.AX,139.82919311523438,-0.000835740152304254,-0.0008360895778048532
2025-06-27,A200.AX,139.4783172607422,-0.002509317594381222,-0.002512471208493537
2025-06-30,A200.AX,139.8486785888672,0.0026553326380662767,0.0026518134706870074
2025-07-01,A200.AX,139.85435485839844,4.058865331102446e-05,4.0587829613924083e-05
2025-07-02,A200.AX,140.7086639404297,0.006108562603547307,0.006089980968000638
2025-07-03,A200.AX,140.65957641601562,-0.00034885928868488847,-0.00034892015424262774
2025-07-04,A200.AX,140.6890411376953,0.00020947540459337333,0.00020945346768425036
2025-07-07,A200.AX,140.56137084960938,-0.0009074643415970529,-0.0009078763366287458
2025-07-08,A200.AX,140.44354248046875,-0.0008382699203089983,-0.0008386214650119425
2025-07-09,A200.AX,139.74632263183594,-0.004964413716136318,-0.004976777353689822
2025-07-10,A200.AX,140.56137084960938,0.005832341076485337,0.0058153988187017005
2025-07-11,A200.AX,140.37478637695312,-0.0013274235412508162,-0.0013283053483204412
2025-07-14,A200.AX,140.2864227294922,-0.0006294837537537123,-0.0006296819618353752
2025-07-15,A200.AX,141.27822875976562,0.007069864716601204,0.007044990392968442
2025-07-16,A200.AX,140.09002685546875,-0.008410368071058771,-0.008445934776388936
2025-07-17,A200.AX,141.3175048828125,0.00876206575797256,0.008723901628850027
2025-07-18,A200.AX,143.34039306640625,0.01431449122506967,0.01421300621983972
2025-07-21,A200.AX,141.7986602783203,-0.010755745502746605,-0.010814006671550495
2025-07-22,A200.AX,141.88705444335938,0.0006233779985336252,0.0006231837791796205
2025-07-23,A200.AX,142.97706604003906,0.0076822483978959966,0.007652890189838844
2025-07-24,A200.AX,142.5056915283203,-0.003296853997456828,-0.003302300594983026
2025-07-25,A200.AX,141.7299346923828,-0.005443690196635598,-0.0054585610709561245
2025-07-28,A200.AX,142.27984619140625,0.0038799954308663676,0.0038724876623999717
2025-07-29,A200.AX,142.33876037597656,0.0004140725910755094,0.00041398688667791455
2025-07-30,A200.AX,143.25201416015625,0.0064160582947849765,0.006395563012003907
2025-07-31,A200.AX,143.0065155029297,-0.0017137536157229016,-0.0017152237713470436
2025-08-01,A200.AX,141.7102813720703,-0.009064161351675093,-0.00910549079624348
2025-08-04,A200.AX,141.6808319091797,-0.0002078145820154642,-0.00020783617845780225
2025-08-05,A200.AX,143.51715087890625,0.012960955585747058,0.012877681173038379
2025-08-06,A200.AX,144.63661193847656,0.007800190100727855,0.007769925893761266
2025-08-07,A200.AX,144.3616485595703,-0.001901063466719033,-0.0019028727813161766
2025-08-08,A200.AX,144.05723571777344,-0.00210868222158922,-0.0021109086223434427
2025-08-11,A200.AX,144.61697387695312,0.0038855261687533726,0.0038779970088127064
2025-08-12,A200.AX,145.32400512695312,0.004888992149715277,0.0048770798379504845
2025-08-13,A200.AX,144.3616485595703,-0.006622144542067332,-0.006644168224419816
2025-08-14,A200.AX,145.15707397460938,0.005509949650587709,0.00549482540845234
2025-08-15,A200.AX,146.29615783691406,0.007847250093398372,0.007816620560438227
2025-08-18,A200.AX,146.59075927734375,0.0020137332708225486,0.002011708427852967
2025-08-19,A200.AX,145.68734741210938,-0.006162815921603615,-0.006181884455924376
2025-08-20,A200.AX,146.25689697265625,0.003909396187548042,0.0039017743563196728
2025-08-21,A200.AX,148.04409790039062,0.01221960102208719,0.012145544382216163
2025-08-22,A200.AX,147.25851440429688,-0.005306415502104755,-0.005320544530005679
2025-08-25,A200.AX,147.37635803222656,0.0008002500120716238,0.0007999299827549755
2025-08-26,A200.AX,146.70860290527344,-0.004530951475996581,-0.004541247348472426
2025-08-27,A200.AX,147.15049743652344,0.0030120560246580386,0.0030075288723230287
2025-08-28,A200.AX,147.59239196777344,0.0030030107879222,0.0029985107578676153
2025-08-29,A200.AX,147.53347778320312,-0.00039916816703655655,-0.00039924785585620983
2025-09-01,A200.AX,146.7478790283203,-0.005324884674902219,-0.005339112403120037
2025-09-02,A200.AX,146.51219177246094,-0.0016060692489728856,-0.0016073603607842978
2025-09-03,A200.AX,143.8706512451172,-0.018029492941080028,-0.018194004623575115
2025-09-04,A200.AX,145.64805603027344,0.012354185998143752,0.012278495798576134
2025-09-05,A200.AX,146.45327758789062,0.0055285431166332,0.005513316815864871
2025-09-08,A200.AX,146.1095733642578,-0.002346852383870668,-0.0023496105581234036
2025-09-09,A200.AX,145.32400512695312,-0.00537656923647456,-0.005391075002384579
2025-09-10,A200.AX,145.84446716308594,0.003581390670303497,0.0035749927617930895
2025-09-11,A200.AX,145.4418487548828,-0.002760601180385569,-0.0027644186671484327
2025-09-12,A200.AX,146.50238037109375,0.007291791360533928,0.007265334782627668
2025-09-15,A200.AX,146.25689697265625,-0.0016756273708022906,-0.0016770328045534449
2025-09-16,A200.AX,146.6987762451172,0.003021254256088568,0.0030166994393155643
2025-09-17,A200.AX,145.61859130859375,-0.007363285258212171,-0.007390528056487777
2025-09-18,A200.AX,144.5580596923828,-0.007282941049494562,-0.007309591137510312
2025-09-19,A200.AX,144.9508514404297,0.002717190234032829,0.0027135053461671585
2025-09-22,A200.AX,145.52040100097656,0.003929259848335143,0.0039215604688422456
2025-09-23,A200.AX,146.09976196289062,0.003981304050352241,0.003973399632363255
2025-09-24,A200.AX,144.72500610351562,-0.009409706360262171,-0.009454257341846083
2025-09-25,A200.AX,144.89193725585938,0.0011534368305663456,0.001152772133380337
2025-09-26,A200.AX,145.02940368652344,0.0009487514161765631,0.0009483016360156102
2025-09-29,A200.AX,146.40419006347656,0.009479363094705207,0.009434715862152165
2025-09-30,A200.AX,146.20777893066406,-0.0013415677019035233,-0.001342468409516539
2025-10-01,A200.AX,146.13673400878906,-0.00048591752364068874,-0.0004860356198187971
2025-10-02,A200.AX,147.87290954589844,0.011880486784417554,0.011810467828556206
2025-10-03,A200.AX,148.5872344970703,0.004830668128229076,0.00481903789045368
2025-10-06,A200.AX,148.3987274169922,-0.001268662686375266,-0.0012694681201691016
2025-10-07,A200.AX,148.0018768310547,-0.0026742182554057026,-0.00267780036469773
2025-10-08,A200.AX,147.83322143554688,-0.0011395490322081425,-0.0011401988118906567
2025-10-09,A200.AX,148.1507110595703,0.002147620277366702,0.0021453174374332492
2025-10-10,A200.AX,147.99195861816406,-0.0010715604418692903,-0.0010721349732263007
2025-10-13,A200.AX,146.8113555908203,-0.007977480927797154,-0.008009471277296905
2025-10-14,A200.AX,146.91058349609375,0.0006758871265379884,0.0006756588177022884
2025-10-15,A200.AX,148.5277099609375,0.011007555932052604,0.01094741373152653
2025-10-16,A200.AX,149.87696838378906,0.009084220198415593,0.009043206865747664
2025-10-17,A200.AX,148.66659545898438,-0.008075776671071289,-0.008108562388216143
2025-10-20,A200.AX,149.29161071777344,0.004204140525714051,0.004195327818207116
2025-10-21,A200.AX,150.34324645996094,0.0070441717195719455,0.007019477441302493
2025-10-22,A200.AX,149.32138061523438,-0.006796885585404033,-0.006820089615430197
2025-10-23,A200.AX,149.39083862304688,0.00046515781950517976,0.0004650496671439676
2025-10-24,A200.AX,149.39083862304688,0.0,0.0
2025-10-27,A200.AX,149.76783752441406,0.0025235744363043544,0.0025203955692850908
2025-10-28,A200.AX,149.0634307861328,-0.0047033244915913874,-0.004714419926184309
2025-10-29,A200.AX,147.62489318847656,-0.00965050643252785,-0.009697374346216241
2025-10-30,A200.AX,146.94033813476562,-0.004637124802772563,-0.0046479096192664215
2025-10-31,A200.AX,146.95025634765625,6.749823102714103e-05,6.74959531240475e-05
2025-11-03,A200.AX,147.12884521484375,0.001215301501516164,0.0012145636204178684
2025-11-04,A200.AX,145.80934143066406,-0.00896835547273478,-0.00900881324746611
2025-11-05,A200.AX,145.7101287841797,-0.00068042723127959,-0.0006806588269500831
2025-11-06,A200.AX,146.17640686035156,0.003200038872126054,0.003194929644650478
2025-11-07,A200.AX,145.32321166992188,-0.005836750326232765,-0.005853850726395132
2025-11-10,A200.AX,146.275634765625,0.006553826362345916,0.006532443418239602
2025-11-11,A200.AX,146.23593139648438,-0.0002714284522110644,-0.00027146529558044253
2025-11-12,A200.AX,145.9978485107422,-0.0016280737809689638,-0.0016294005333164535
2025-11-13,A200.AX,145.24383544921875,-0.005164549130105556,-0.005177931509820809
2025-11-14,A200.AX,143.41836547851562,-0.012568312899870815,-0.012647962219864382
2025-11-17,A200.AX,143.58702087402344,0.0011759679100029619,0.0011752770013448428
2025-11-18,A200.AX,140.70001220703125,-0.02010633446824639,-0.0203112177640001
2025-11-19,A200.AX,140.16427612304688,-0.0038076477434563216,-0.0038149152881578278
2025-11-20,A200.AX,141.96990966796875,0.012882266401010423,0.012799995808324876
2025-11-21,A200.AX,139.81703186035156,-0.015164324698467513,-0.015280478832280684
2025-11-24,A200.AX,141.3349609375,0.010856539127969356,0.010798029997245814
2025-11-25,A200.AX,141.62266540527344,0.002035621376799135,0.0020335523070236033
2025-11-26,A200.AX,142.85287475585938,0.008686528720989184,0.008649017899742489
2025-11-27,A200.AX,143.04136657714844,0.0013194821708082394,0.001318612419205787
2025-11-28,A200.AX,142.96200561523438,-0.0005548112676290184,-0.0005549652323505711
2025-12-01,A200.AX,142.1484832763672,-0.005690479336563636,-0.0057067317996339195
2025-12-02,A200.AX,142.3667449951172,0.0015354488047940595,0.0015342712085497055
2025-12-03,A200.AX,142.5155487060547,0.0010452139714411945,0.0010446681156424404
2025-12-04,A200.AX,143.0115966796875,0.0034806586238245174,0.003474615151047089
2025-12-05,A200.AX,143.27947998046875,0.0018731578906936441,0.0018714057181745552
2025-12-08,A200.AX,143.18028259277344,-0.0006923349226898301,-0.0006925746971883114
2025-12-09,A200.AX,142.42626953125,-0.00526617944782215,-0.005280094645595769
2025-12-10,A200.AX,142.46595764160156,0.000278657234246138,0.0002786184165300966
2025-12-11,A200.AX,142.6643829345703,0.0013927909253095283,0.0013918218916985068
2025-12-12,A200.AX,144.5196075439453,0.013004118976394086,0.012920291375154411
2025-12-15,A200.AX,143.408447265625,-0.007688647216831379,-0.007718357249458901
2025-12-16,A200.AX,142.7139892578125,-0.00484251814348291,-0.004854281124799096
2025-12-17,A200.AX,142.50563049316406,-0.0014599743566275913,-0.0014610411576497808
2025-12-18,A200.AX,142.5949249267578,0.0006266028456891615,0.0006264066120954551
2025-12-19,A200.AX,143.2100372314453,0.004313704046644329,0.004304426695605718
2025-12-22,A200.AX,144.52952575683594,0.009213659537411933,0.009171472708439573
2025-12-23,A200.AX,146.15658569335938,0.01125763007941294,0.011194734558057952
2025-12-24,A200.AX,145.4918670654297,-0.004547989574170019,-0.00455836314329238
2025-12-25,A200.AX,145.4918670654297,0.0,0.0
2025-12-26,A200.AX,145.4918670654297,0.0,0.0
2025-12-29,A200.AX,144.8470001220703,-0.00443232296324414,-0.004442174828546571
2025-12-30,A200.AX,145.07518005371094,0.0015753169306118586,0.0015740774204727158
2025-12-31,A200.AX,144.92637634277344,-0.0010257006807257163,-0.0010262270716460704
2026-01-01,A200.AX,144.92637634277344,0.0,0.0
2026-01-02,A200.AX,145.2100067138672,0.0019570652233995567,0.001955152666181513
2026-01-05,A200.AX,145.25,0.00027541687406995585,0.000275378953805122
2026-01-06,A200.AX,144.4600067138672,-0.005438852228108915,-0.0054536966337070635
2026-01-07,A200.AX,144.55999755859375,0.0006921697361168544,0.0006919302971269672
2026-01-08,A200.AX,145.02999877929688,0.003251253656895159,0.0032459797598174142
2026-01-09,A200.AX,144.97000122070312,-0.0004136906784716343,-0.0004137762720673573
2026-01-12,A200.AX,145.66000366210938,0.004759622236298222,0.004748331048067846
2026-01-13,A200.AX,146.4199981689453,0.005217592254074921,0.005204027781742481
2026-01-14,A200.AX,146.60000610351562,0.0012293944599193196,0.0012286393733530793
2026-01-15,A200.AX,147.24000549316406,0.004365616391560856,0.004356114732018379
2026-01-16,A200.AX,148.0800018310547,0.0057049463906031495,0.005688734812176695
2026-01-19,A200.AX,147.57000732421875,-0.0034440471402600314,-0.003449991523026224
2026-01-20,A200.AX,146.52999877929688,-0.007047560434397249,-0.0070725117883278735
2026-01-21,A200.AX,146.00999450683594,-0.0035487905329485425,-0.0035551024275577076
2026-01-22,A200.AX,147.05999755859375,0.007191309439496196,0.007165575275008906
2026-01-23,A200.AX,147.27999877929688,0.0014959963576461899,0.0014948784698603015
2026-01-26,A200.AX,147.27999877929688,0.0,0.0
2026-01-27,A200.AX,148.72999572753906,0.009845172190794615,0.009797024241710636
2026-01-28,A200.AX,148.52999877929688,-0.0013446981374797273,-0.001345603055338741
2026-01-29,A200.AX,148.36000061035156,-0.0011445376041369082,-0.00114519308749852
2026-01-30,A200.AX,147.52000427246094,-0.005661878770793272,-0.005677967965186992
2026-02-02,A200.AX,146.07000732421875,-0.009829154733239642,-0.00987777976563392
2026-02-03,A200.AX,147.3300018310547,0.00862596319338338,0.0085889721429579
2026-02-04,A200.AX,148.47000122070312,0.007737727383969606,0.00770794470627143
2026-02-05,A200.AX,147.97000122070312,-0.0033676836794575005,-0.0033733670896792436
2026-02-06,A200.AX,144.77999877929688,-0.02155844032634857,-0.021794218330548596
2026-02-09,A200.AX,147.6300048828125,0.019685081693226136,0.019493836187098525
2026-02-10,A200.AX,147.91000366210938,0.0018966251441847604,0.0018948288216576769
2026-02-11,A200.AX,150.0,0.01413018921063025,0.014031288653938942
2026-02-12,A200.AX,150.60000610351562,0.0040000406901041785,0.0039920617975288415
2026-02-13,A200.AX,148.60000610351562,-0.013280211945179365,-0.013369182536670163
2026-02-16,A200.AX,148.85000610351562,0.001682368706134918,0.0016809551091420446
2026-02-17,A200.AX,149.3800048828125,0.0035606231613338757,0.0035542991498540744
2026-02-18,A200.AX,150.24000549316406,0.005757133366183886,0.005740624406435173
2026-02-19,A200.AX,151.61000061035156,0.009118710510495953,0.00907738609674462
2026-02-20,A200.AX,151.5399932861328,-0.00046175927667646555,-0.0004618659203216558
2026-02-23,A200.AX,150.6699981689453,-0.005741026499485269,-0.0057575695385208275
2026-02-24,A200.AX,150.8000030517578,0.0008628451874455045,0.0008624731505282172
2026-02-25,A200.AX,152.5,0.011273189083814028,0.01121012023649012
2026-02-26,A200.AX,153.44000244140625,0.006163950435450927,0.0061450309988078065
2026-02-27,A200.AX,153.72999572753906,0.0018899457867485037,0.0018881620862546361
2026-03-02,A200.AX,153.82000732421875,0.0005855174603608404,0.0005853461118943968
2026-03-03,A200.AX,151.7100067138672,-0.013717335261232644,-0.013812287229810795
2026-03-04,A200.AX,149.0,-0.0178630716098932,-0.01802454206915324
2026-03-05,A200.AX,150.1999969482422,0.008053670793571666,0.008021413066613492
2026-03-06,A200.AX,148.55999755859375,-0.010918771124965976,-0.01097881840142873
2026-03-09,A200.AX,144.5,-0.027329009324952636,-0.02770939305815716
2026-03-10,A200.AX,146.17999267578125,0.011626246891219827,0.011559181395647987
2026-03-11,A200.AX,147.0399932861328,0.005883162220831295,0.005865923999099695
2026-03-12,A200.AX,145.2100067138672,-0.012445502283889298,-0.012523596169019085
2026-03-13,A200.AX,145.0399932861328,-0.001170810687099455,-0.0011714966213836988
2024-03-14,IEU.AX,79.2751235961914,0.0015520528071943929,0.0015508496180174412
2024-03-15,IEU.AX,79.31292724609375,0.00047686648960532096,0.00047675282491468576
2024-03-18,IEU.AX,79.33182525634766,0.00023827150138178155,0.00023824311923594435
2024-03-19,IEU.AX,79.29402923583984,-0.000476429483195151,-0.00047654301178172236
2024-03-20,IEU.AX,79.30347442626953,0.00011911603585690322,0.00011910894210521822
2024-03-21,IEU.AX,79.61532592773438,0.003932381320250755,0.003924669718853913
2024-03-22,IEU.AX,79.9460678100586,0.004154248927203064,0.00414564385862773
2024-03-25,IEU.AX,79.9460678100586,0.0,0.0
2024-03-26,IEU.AX,80.01221466064453,0.0008273934215639045,0.0008270513203154241
2024-03-27,IEU.AX,80.23902130126953,0.0028346502041838306,0.002830640159555615
2024-03-28,IEU.AX,80.62646484375,0.004828617500526988,0.004816997118949024
2024-03-29,IEU.AX,80.62646484375,0.0,0.0
2024-04-01,IEU.AX,80.62646484375,0.0,0.0
2024-04-02,IEU.AX,80.4941635131836,-0.0016409169225365394,-0.001642264701306991
2024-04-03,IEU.AX,79.58697509765625,-0.01127023843634034,-0.011334228819080505
2024-04-04,IEU.AX,79.73817443847656,0.0018998000694809836,0.0018979977316889317
2024-04-05,IEU.AX,78.73648071289062,-0.012562285663547668,-0.012641858285782683
2024-04-08,IEU.AX,79.00109100341797,0.0033607076177588624,0.003355073060450118
2024-04-09,IEU.AX,79.13337707519531,0.0016744841127778187,0.0016730837273200335
2024-04-10,IEU.AX,78.8404312133789,-0.0037019254408672264,-0.003708794524649545
2024-04-11,IEU.AX,79.05778503417969,0.0027568826990878037,0.002753089468042247
2024-04-12,IEU.AX,78.89714050292969,-0.0020319887684754345,-0.00203405605860131
2024-04-15,IEU.AX,78.76483154296875,-0.0016769804218192963,-0.0016783881275035928
2024-04-16,IEU.AX,78.43408966064453,-0.004199106071137715,-0.004207947075258712
2024-04-17,IEU.AX,78.34903717041016,-0.0010843816840657716,-0.0010849700512656755
2024-04-18,IEU.AX,78.69867706298828,0.004462593354116917,0.0044526655093928905
2024-04-19,IEU.AX,77.9804916381836,-0.009125762358493938,-0.009167657204191115
2024-04-22,IEU.AX,78.86878204345703,0.011391187547200365,0.011326796502590915
2024-04-23,IEU.AX,79.17117309570312,0.003834103233386843,0.0038267717932749306
2024-04-24,IEU.AX,79.70982360839844,0.006803619191598775,0.006780579019879682
2024-04-25,IEU.AX,79.70982360839844,0.0,0.0
2024-04-26,IEU.AX,79.04833221435547,-0.008298743669196584,-0.008333369945238023
2024-04-29,IEU.AX,79.53971862792969,0.006216278064434366,0.006197036706530587
2024-04-30,IEU.AX,79.4830322265625,-0.0007126804362026506,-0.0007129345136292366
2024-05-01,IEU.AX,79.05778503417969,-0.005350163179113077,-0.005364526555981236
2024-05-02,IEU.AX,78.73648071289062,-0.004064170545002632,-0.004072451731162958
2024-05-03,IEU.AX,78.52859497070312,-0.002640272213150441,-0.0026437638791501784
2024-05-06,IEU.AX,78.7081298828125,0.0022862361433608758,0.0022836266819823985
2024-05-07,IEU.AX,79.42633819580078,0.009124957155729918,0.009083576276190306
2024-05-08,IEU.AX,80.05001831054688,0.007852308552971587,0.007821639621489788
2024-05-09,IEU.AX,80.3807601928711,0.004131690276960809,0.004123178282583172
2024-05-10,IEU.AX,81.06116485595703,0.008464770194426263,0.008429144925835623
2024-05-13,IEU.AX,81.47695922851562,0.005129390544750256,0.005116280034576503
2024-05-14,IEU.AX,81.4675064086914,-0.00011601831872132262,-0.00011602504936705259
2024-05-15,IEU.AX,81.6092529296875,0.00173991481075908,0.0017384029124468672
2024-05-16,IEU.AX,82.0250473022461,0.00509494153704404,0.005082006240194646
2024-05-17,IEU.AX,81.45805358886719,-0.00691244603967911,-0.00693644766538268
2024-05-20,IEU.AX,81.55255126953125,0.0011600778130669287,0.001159405442751761
2024-05-21,IEU.AX,81.68485260009766,0.0016222831598382559,0.00162096867995993
2024-05-22,IEU.AX,81.6281509399414,-0.0006941514656804149,-0.0006943925003585728
2024-05-23,IEU.AX,81.88330841064453,0.003125851409899738,0.0031209760934158884
2024-05-24,IEU.AX,81.4675064086914,-0.0050779824365165815,-0.005090919203027711
2024-05-27,IEU.AX,81.65650177001953,0.00231988641434544,0.0023171996324079813
2024-05-28,IEU.AX,81.98725128173828,0.004050498178948203,0.00404231699567048
2024-05-29,IEU.AX,81.09896087646484,-0.010834494282787266,-0.010893614831261264
2024-05-30,IEU.AX,80.41856384277344,-0.00838971333711458,-0.008425105072079948
2024-05-31,IEU.AX,81.04226684570312,0.007755709293056912,0.007725788385402859
2024-06-03,IEU.AX,81.99669647216797,0.011776936450728748,0.011708128042592194
2024-06-04,IEU.AX,81.47695922851562,-0.006338514428185005,-0.006358688103365306
2024-06-05,IEU.AX,81.72265625,0.0030155399000013627,0.0030110022795188274
2024-06-06,IEU.AX,82.38414001464844,0.008094251888055126,0.008061669135161246
2024-06-07,IEU.AX,82.34634399414062,-0.00045877787279313686,-0.00045888314355991606
2024-06-10,IEU.AX,82.34634399414062,0.0,0.0
2024-06-11,IEU.AX,82.0250473022461,-0.00390177239583811,-0.003909404167845649
2024-06-12,IEU.AX,80.74931335449219,-0.015552980336031696,-0.015675196811171077
2024-06-13,IEU.AX,81.19345092773438,0.005500202475932081,0.005485131598955259
2024-06-14,IEU.AX,80.65481567382812,-0.006633974141407761,-0.006656076754202457
2024-06-17,IEU.AX,79.92716979980469,-0.009021728807441232,-0.009062671035256207
2024-06-18,IEU.AX,79.92716979980469,0.0,0.0
2024-06-19,IEU.AX,79.75707244873047,-0.002128154312235342,-0.0021304220505930366
2024-06-20,IEU.AX,79.76652526855469,0.00011852014541147149,0.00011851312245393979
2024-06-21,IEU.AX,79.9460678100586,0.0022508507284155765,0.0022483213586928243
2024-06-24,IEU.AX,79.58697509765625,-0.004491686986475729,-0.004501804921567461
2024-06-25,IEU.AX,80.10671997070312,0.006530526790459401,0.006509295285523689
2024-06-26,IEU.AX,79.76652526855469,-0.0042467685891127704,-0.004255811722649125
2024-06-27,IEU.AX,79.31292724609375,-0.005686571164204346,-0.0057028012683481575
2024-06-28,IEU.AX,79.53971862792969,0.0028594504037438018,0.002855369952153318
2024-07-01,IEU.AX,79.97027587890625,0.005413110058769766,0.005398511836010837
2024-07-02,IEU.AX,79.40188598632812,-0.007107514464984477,-0.0071328931704263835
2024-07-03,IEU.AX,79.24774932861328,-0.0019412216196147414,-0.0019431082322538425
2024-07-04,IEU.AX,79.52713012695312,0.0035254098785990617,0.003519210187887563
2024-07-05,IEU.AX,79.796875,0.003391859766802341,0.0033861203849208
2024-07-08,IEU.AX,79.23810577392578,-0.007002394844086601,-0.0070270266660424656
2024-07-09,IEU.AX,79.36334228515625,0.0015805086455218387,0.0015792609562153717
2024-07-10,IEU.AX,78.6022720336914,-0.009589695060098213,-0.009635972279701597
2024-07-11,IEU.AX,79.49821472167969,0.011398432447401241,0.011333959778622484
2024-07-12,IEU.AX,79.88357543945312,0.004847413481202878,0.0048357026022076924
2024-07-15,IEU.AX,80.43269348144531,0.006873979275106246,0.006850461193262034
2024-07-16,IEU.AX,80.0569839477539,-0.0046711047141306805,-0.004682048416507917
2024-07-17,IEU.AX,80.07624816894531,0.0002406313633296353,0.0002406024162467506
2024-07-18,IEU.AX,80.07624816894531,0.0,0.0
2024-07-19,IEU.AX,79.92211151123047,-0.0019248736203230088,-0.0019267285702951793
2024-07-22,IEU.AX,79.93174743652344,0.00012056645039493219,0.0001205591828445944
2024-07-23,IEU.AX,81.08779907226562,0.014462984643995869,0.014359393313503367
2024-07-24,IEU.AX,80.80841827392578,-0.003445411042552249,-0.0034513601398325692
2024-07-25,IEU.AX,80.3652572631836,-0.00548409460558863,-0.005499187458122838
2024-07-26,IEU.AX,80.73135375976562,0.004555407511272147,0.004545063046081245
2024-07-29,IEU.AX,81.7428970336914,0.012529744972886947,0.012451897318038932
2024-07-30,IEU.AX,80.91439056396484,-0.010135516354223162,-0.010187230429422366
2024-07-31,IEU.AX,82.63884735107422,0.021312114879566968,0.02108818774596095
2024-08-01,IEU.AX,82.2920150756836,-0.004196964097492595,-0.00420579607162487
2024-08-02,IEU.AX,80.41343688964844,-0.022828195230210846,-0.023092793095254773
2024-08-05,IEU.AX,78.03388214111328,-0.029591506601075013,-0.030038168918500217
2024-08-06,IEU.AX,79.08396911621094,0.013456808072148885,0.013367069398103268
2024-08-07,IEU.AX,78.75641632080078,-0.004141835558718943,-0.004150436717555798
2024-08-08,IEU.AX,78.63117980957031,-0.0015901753416551756,-0.0015914410124006734
2024-08-09,IEU.AX,79.10323333740234,0.006003388591844239,0.005985440053429388
2024-08-12,IEU.AX,79.54638671875,0.005602215771098207,0.0055865817233527425
2024-08-13,IEU.AX,79.45004272460938,-0.001211167447256467,-0.0012119015033188467
2024-08-14,IEU.AX,79.89320373535156,0.005577857425178134,0.005562358784545924
2024-08-15,IEU.AX,80.65909576416016,0.00958644782033824,0.009540789398888354
2024-08-16,IEU.AX,81.44425201416016,0.009734255542558135,0.009687182908584674
2024-08-19,IEU.AX,80.9047622680664,-0.006624037089811519,-0.006646073390250318
2024-08-20,IEU.AX,81.27084350585938,0.004524841647516542,0.004514635327954245
2024-08-21,IEU.AX,81.1456069946289,-0.0015409771306413855,-0.0015421656570515662
2024-08-22,IEU.AX,81.56949615478516,0.005223809098924059,0.005210212338870058
2024-08-23,IEU.AX,81.9837417602539,0.0050784377125816516,0.0050655859406989676
2024-08-26,IEU.AX,81.92594909667969,-0.0007049283471742829,-0.0007051769259886414
2024-08-27,IEU.AX,82.02228546142578,0.0011758956204757087,0.0011752047967252956
2024-08-28,IEU.AX,82.08971405029297,0.0008220764452959717,0.0008217387255299855
2024-08-29,IEU.AX,81.8296127319336,-0.003168500723489176,-0.003173531050446675
2024-08-30,IEU.AX,82.12825012207031,0.003649502669834437,0.003642859393163774
2024-09-02,IEU.AX,82.55213928222656,0.0051613075832761535,0.005148033689466614
2024-09-03,IEU.AX,82.812255859375,0.0031509368431890117,0.0031459830450363806
2024-09-04,IEU.AX,81.4827880859375,-0.016053997800701048,-0.016184259249336756
2024-09-05,IEU.AX,81.25157165527344,-0.002837610691723058,-0.0028416443413673163
2024-09-06,IEU.AX,81.25157165527344,0.0,0.0
2024-09-09,IEU.AX,80.96255493164062,-0.003557060100437548,-0.0035634014809637115
2024-09-10,IEU.AX,80.97219848632812,0.00011911129404995613,0.00011910420086301786
2024-09-11,IEU.AX,80.88548278808594,-0.0010709317501961246,-0.0010715056073473943
2024-09-12,IEU.AX,81.15523529052734,0.0033349927965211634,0.0033294440413279883
2024-09-13,IEU.AX,81.29010772705078,0.001661906789384604,0.0016605273504174845
2024-09-16,IEU.AX,81.63691711425781,0.004266317229785432,0.004257242300295867
2024-09-17,IEU.AX,81.81033325195312,0.0021242367280063235,0.002121983727208552
2024-09-18,IEU.AX,81.55022430419922,-0.003179414352864729,-0.003184479429512604
2024-09-19,IEU.AX,81.3575439453125,-0.0023627201584141,-0.0023655157860796006
2024-09-20,IEU.AX,81.55022430419922,0.0023683158259575343,0.002365515786079554
2024-09-23,IEU.AX,80.92401885986328,-0.007678770348933162,-0.007708403902944571
2024-09-24,IEU.AX,80.84695434570312,-0.0009523070560003566,-0.0009527607884494243
2024-09-25,IEU.AX,80.67354583740234,-0.0021448984653061887,-0.0021472020545856103
2024-09-26,IEU.AX,81.55986022949219,0.010986431585345402,0.010926519162266305
2024-09-27,IEU.AX,82.03190612792969,0.005787723239216724,0.005771038715054487
2024-09-30,IEU.AX,81.66583251953125,-0.0044625759131763365,-0.004472562928017014
2024-10-01,IEU.AX,80.8565902709961,-0.009909189970501053,-0.009958612757669023
2024-10-02,IEU.AX,80.5194091796875,-0.004170112667112313,-0.004178831835325453
2024-10-03,IEU.AX,80.03771209716797,-0.005982372292928417,-0.0060003383710684815
2024-10-04,IEU.AX,79.81613159179688,-0.0027684512658493476,-0.0027722905145407925
2024-10-07,IEU.AX,80.54830932617188,0.009173305192483827,0.009131485980781643
2024-10-08,IEU.AX,80.86622619628906,0.003946909286820954,0.0039391406749899865
2024-10-09,IEU.AX,80.75061798095703,-0.0014296229806917138,-0.0014306458666355755
2024-10-10,IEU.AX,81.22267150878906,0.005845819383615725,0.005828798881788836
2024-10-11,IEU.AX,80.82768249511719,-0.004863038931551711,-0.004874901981318566
2024-10-14,IEU.AX,81.18412780761719,0.004409941018926666,0.00440024572237167
2024-10-15,IEU.AX,81.9837417602539,0.009849387734158777,0.009801198678229714
2024-10-16,IEU.AX,80.93366241455078,-0.01280838521342298,-0.012891119802888597
2024-10-17,IEU.AX,80.8758544921875,-0.0007142630228097469,-0.0007145182301733149
2024-10-18,IEU.AX,81.12633514404297,0.0030971005305380217,0.0030923143942404537
2024-10-21,IEU.AX,81.52132415771484,0.00486881372085346,0.004856999379694716
2024-10-22,IEU.AX,80.98182678222656,-0.006617868159802476,-0.006639863343818029
2024-10-23,IEU.AX,80.84695434570312,-0.001665465473952965,-0.0016668539033770876
2024-10-24,IEU.AX,80.83732604980469,-0.00011909287092337628,-0.0001190999630424148
2024-10-25,IEU.AX,81.21304321289062,0.004647817802069021,0.00463705004838921
2024-10-28,IEU.AX,81.8296127319336,0.007592001169402174,0.007563326966795105
2024-10-29,IEU.AX,82.47506713867188,0.007887785181786677,0.007856839227757501
2024-10-30,IEU.AX,81.76216888427734,-0.008643803262334826,-0.008681377609954757
2024-10-31,IEU.AX,80.73135375976562,-0.012607482636262879,-0.012687631306670855
2024-11-01,IEU.AX,80.2689208984375,-0.005728045422156547,-0.005744513591393617
2024-11-04,IEU.AX,80.88548278808594,0.007681203169886297,0.00765185292977651
2024-11-05,IEU.AX,80.6157455444336,-0.0033348041497017755,-0.0033403770020902627
2024-11-06,IEU.AX,80.57720947265625,-0.0004780216509453483,-0.00047813593971785765
2024-11-07,IEU.AX,78.89129638671875,-0.020922951998103234,-0.021144938831412843
2024-11-08,IEU.AX,79.44042205810547,0.006960535528468759,0.00693642282792421
2024-11-11,IEU.AX,79.10323333740234,-0.004244548454897301,-0.004253582122311983
2024-11-12,IEU.AX,79.24774932861328,0.0018269290029464536,0.001825262197936392
2024-11-13,IEU.AX,78.12057495117188,-0.014223424475657942,-0.014325546887738648
2024-11-14,IEU.AX,78.55411529541016,0.005549630740803613,0.005534288277288211
2024-11-15,IEU.AX,78.91056823730469,0.004537673685892196,0.004527409483340543
2024-11-18,IEU.AX,78.88165283203125,-0.0003664326074358515,-0.00036649976026890713
2024-11-19,IEU.AX,78.82386016845703,-0.0007326502614908303,-0.0007329187808555274
2024-11-20,IEU.AX,78.2458267211914,-0.007333229380422246,-0.007360249685433842
2024-11-21,IEU.AX,77.8797378540039,-0.004678701504323812,-0.004689680887764695
2024-11-22,IEU.AX,78.03388214111328,0.001979260477203093,0.0019773043219200597
2024-11-25,IEU.AX,78.83348846435547,0.010246911999023833,0.010194768301666815
2024-11-26,IEU.AX,78.34215545654297,-0.006232541745690434,-0.006252045113260726
2024-11-27,IEU.AX,78.61190795898438,0.0034432611774517508,0.003437346726461469
2024-11-28,IEU.AX,79.14176940917969,0.006740218676180243,0.006717604959670869
2024-11-29,IEU.AX,79.04544067382812,-0.001217166814321824,-0.0012179081634735472
2024-12-02,IEU.AX,79.20921325683594,0.0020718789295337547,0.002069735548424609
2024-12-03,IEU.AX,80.19185638427734,0.012405667056118563,0.012329347318481815
2024-12-04,IEU.AX,80.91439056396484,0.00901006925472747,0.008969720761447171
2024-12-05,IEU.AX,81.13597106933594,0.002738456087065577,0.002734713347523415
2024-12-06,IEU.AX,81.8199691772461,0.008430269569654092,0.008394933304412258
2024-12-09,IEU.AX,82.46543884277344,0.007888901352786748,0.007857946662928795
2024-12-10,IEU.AX,82.45579528808594,-0.00011694056107414141,-0.00011694739915465809
2024-12-11,IEU.AX,82.04154968261719,-0.005023850707175259,-0.005036512670817881
2024-12-12,IEU.AX,82.02228546142578,-0.00023481054741081309,-0.00023483811972366516
2024-12-13,IEU.AX,81.81033325195312,-0.00258408075659311,-0.0025874252561517985
2024-12-16,IEU.AX,81.70436096191406,-0.0012953411363415546,-0.001296180815863915
2024-12-17,IEU.AX,81.41534423828125,-0.003537347581330841,-0.0035436187886140756
2024-12-18,IEU.AX,81.89704132080078,0.005916539284164024,0.005899105297725818
2024-12-19,IEU.AX,81.29010772705078,-0.007410934314129425,-0.007438531720752241
2024-12-20,IEU.AX,80.44232940673828,-0.010429046584107149,-0.010483810177909923
2024-12-23,IEU.AX,80.3749008178711,-0.0008382227288105115,-0.0008385742339221682
2024-12-24,IEU.AX,80.98182678222656,0.0075511877237741665,0.0075228202218069196
2024-12-25,IEU.AX,80.98182678222656,0.0,0.0
2024-12-26,IEU.AX,80.98182678222656,0.0,0.0
2024-12-27,IEU.AX,81.34796142578125,0.004521195163197378,0.004511005262487993
2024-12-30,IEU.AX,81.39640045166016,0.0005954546989244136,0.0005952774861198198
2024-12-31,IEU.AX,81.2607650756836,-0.0016663559472400724,-0.0016677458625885988
2025-01-01,IEU.AX,81.2607650756836,0.0,0.0
2025-01-02,IEU.AX,81.37702178955078,0.0014306623098971905,0.001429639887619217
2025-01-03,IEU.AX,80.89263153076172,-0.005952420574468098,-0.005970206845849764
2025-01-06,IEU.AX,80.96044921875,0.0008383666930464884,0.0008380154599848417
2025-01-07,IEU.AX,81.43515014648438,0.00586336825345124,0.005846245608128614
2025-01-08,IEU.AX,81.99703216552734,0.006899748057592525,0.00687605372348321
2025-01-09,IEU.AX,81.99703216552734,0.0,0.0
2025-01-10,IEU.AX,82.26829528808594,0.0033082065947338535,0.003302746518024367
2025-01-13,IEU.AX,81.61921691894531,-0.00788977536082025,-0.007921064322357015
2025-01-14,IEU.AX,81.43515014648438,-0.0022551891504145605,-0.002257735919150569
2025-01-15,IEU.AX,81.33826446533203,-0.0011897280348605044,-0.0011904363230949497
2025-01-16,IEU.AX,82.0261001586914,0.0084564835244616,0.008420927778091824
2025-01-17,IEU.AX,83.1014404296875,0.013109732986399392,0.013024544164304094
2025-01-20,IEU.AX,83.4695816040039,0.004430021578601728,0.00442023791692137
2025-01-21,IEU.AX,83.59552001953125,0.0015087941392208926,0.0015076570529526587
2025-01-22,IEU.AX,84.22522735595703,0.007532788076187069,0.007504558305372093
2025-01-23,IEU.AX,84.10896301269531,-0.0013803980934400384,-0.0013813517205793079
2025-01-24,IEU.AX,84.53522491455078,0.005067972384716457,0.005055173437596985
2025-01-27,IEU.AX,84.53522491455078,0.0,0.0
2025-01-28,IEU.AX,85.1843032836914,0.007678200061533191,0.0076488727086325365
2025-01-29,IEU.AX,85.8043212890625,0.00727854758999702,0.007252186797391275
2025-01-30,IEU.AX,86.153076171875,0.004064537514813393,0.004056299596881937
2025-01-31,IEU.AX,86.54058837890625,0.004497949745382979,0.004487864200966159
2025-02-03,IEU.AX,85.09711456298828,-0.016679731938011755,-0.016820405121272558
2025-02-04,IEU.AX,85.38774871826172,0.0034153232664346778,0.003409504295275298
2025-02-05,IEU.AX,85.1843032836914,-0.002382606844941959,-0.002385449769242412
2025-02-06,IEU.AX,86.06588745117188,0.010349138673406921,0.010295952973819656
2025-02-07,IEU.AX,86.29840087890625,0.002701574742563162,0.002697932048716574
2025-02-10,IEU.AX,85.79463195800781,-0.005837523242236298,-0.005854628180504646
2025-02-11,IEU.AX,86.12401580810547,0.0038392128106439216,0.00383186184175668
2025-02-12,IEU.AX,86.63746643066406,0.005961758955859819,0.005944057988694221
2025-02-13,IEU.AX,87.85812377929688,0.014089254902319936,0.01399092388134524
2025-02-14,IEU.AX,88.1003189086914,0.0027566617516547876,0.0027528691280364393
2025-02-17,IEU.AX,87.74187469482422,-0.004068591559114432,-0.00407689079620474
2025-02-18,IEU.AX,88.2940673828125,0.006293376907079651,0.006273656306831678
2025-02-19,IEU.AX,88.36188507080078,0.000768088842189707,0.0007677940129153502
2025-02-20,IEU.AX,87.34467315673828,-0.011511885619545636,-0.011578660338083484
2025-02-21,IEU.AX,87.18966674804688,-0.0017746521120212133,-0.0017762286725876962
2025-02-24,IEU.AX,88.15843963623047,0.011111097499467038,0.011049822724519317
2025-02-25,IEU.AX,88.11968994140625,-0.0004395460602990564,-0.0004396426889848281
2025-02-26,IEU.AX,89.18534088134766,0.01209322162447446,0.012020682852552289
2025-02-27,IEU.AX,89.6794204711914,0.005539919284505146,0.005524630371902127
2025-02-28,IEU.AX,89.23377990722656,-0.004969262308156863,-0.004981650148090834
2025-03-03,IEU.AX,90.67725372314453,0.016176315935721997,0.016046873406899503
2025-03-04,IEU.AX,91.52977752685547,0.00940173823871926,0.009357816973977988
2025-03-05,IEU.AX,91.4038314819336,-0.0013760117016008433,-0.0013769592750501652
2025-03-06,IEU.AX,92.11104583740234,0.007737250660094341,0.0077074716427202004
2025-03-07,IEU.AX,91.65571594238281,-0.004943271362082835,-0.004955529742314458
2025-03-10,IEU.AX,92.34355163574219,0.007504558622309698,0.007476539515620657
2025-03-11,IEU.AX,91.57821655273438,-0.008287910411186594,-0.008322446092141658
2025-03-12,IEU.AX,90.54161834716797,-0.01131926613759171,-0.011383816602067215
2025-03-13,IEU.AX,90.28974151611328,-0.0027818900926743773,-0.002785766740192321
2025-03-14,IEU.AX,90.50287628173828,0.002360564578501645,0.0023577828227529978
2025-03-17,IEU.AX,91.1616439819336,0.007278969766049803,0.007252605922731849
2025-03-18,IEU.AX,91.32633209228516,0.0018065504652833297,0.00180492061563339
2025-03-19,IEU.AX,92.1788558959961,0.00933491780716067,0.009291616728014382
2025-03-20,IEU.AX,92.3629150390625,0.00199676098468915,0.001994770107237925
2025-03-21,IEU.AX,91.93666076660156,-0.004614993715612692,-0.004625675676569156
2025-03-24,IEU.AX,91.80103302001953,-0.0014752302884520896,-0.0014763195120229384
2025-03-25,IEU.AX,91.06475830078125,-0.008020331525874225,-0.008052667397092246
2025-03-26,IEU.AX,91.32633209228516,0.002872393189030875,0.0028682757504319843
2025-03-27,IEU.AX,90.42536926269531,-0.009865312763020273,-0.009914297393031481
2025-03-28,IEU.AX,90.55131530761719,0.0013928175903377138,0.0013918485196391832
2025-03-31,IEU.AX,89.97005462646484,-0.006419130182457433,-0.0064398213925164986
2025-04-01,IEU.AX,89.63097381591797,-0.0037688185469560986,-0.0037759384382580028
2025-04-02,IEU.AX,89.32096862792969,-0.003458683698170706,-0.003464678772000374
2025-04-03,IEU.AX,88.92377471923828,-0.004446815958142336,-0.004456732453030101
2025-04-04,IEU.AX,89.24346923828125,0.0035951523656339024,0.0035887052529821363
2025-04-07,IEU.AX,84.91305541992188,-0.04852359343849699,-0.04974038860012502
2025-04-08,IEU.AX,84.69991302490234,-0.0025101251387725787,-0.0025132807846955864
2025-04-09,IEU.AX,84.38021850585938,-0.0037744373946284604,-0.003781578558365134
2025-04-10,IEU.AX,86.18214416503906,0.021354835186336407,0.021130015716765774
2025-04-11,IEU.AX,86.50183868408203,0.0037095215272291426,0.003702658220069288
2025-04-14,IEU.AX,86.86028289794922,0.004143775662113658,0.004135213867698826
2025-04-15,IEU.AX,86.3177719116211,-0.006245788848805778,-0.006265375386152293
2025-04-16,IEU.AX,87.04434967041016,0.008417475830272636,0.008382246437581772
2025-04-17,IEU.AX,87.77093505859375,0.008347301013044373,0.00831265496309517
2025-04-18,IEU.AX,87.77093505859375,0.0,0.0
2025-04-21,IEU.AX,87.77093505859375,0.0,0.0
2025-04-22,IEU.AX,87.28653717041016,-0.005518887178998622,-0.005534172501433519
2025-04-23,IEU.AX,88.7009506225586,0.016204256670041328,0.016074368980019717
2025-04-24,IEU.AX,89.41785430908203,0.00808225482919589,0.00804976833300488
2025-04-25,IEU.AX,89.41785430908203,0.0,0.0
2025-04-28,IEU.AX,89.8247299194336,0.004550272576941516,0.004539951384328921
2025-04-29,IEU.AX,90.47380828857422,0.007226054224964473,0.007200071388970631
2025-04-30,IEU.AX,90.70631408691406,0.0025698685922255216,0.0025665721263830677
2025-05-01,IEU.AX,91.01631927490234,0.0034176803578551684,0.003411853361108115
2025-05-02,IEU.AX,91.2585220336914,0.0026610915571911864,0.002657557121968612
2025-05-05,IEU.AX,91.14226531982422,-0.0012739272045657613,-0.0012747393396342717
2025-05-06,IEU.AX,91.7138442993164,0.006271283443378017,0.006251700775029114
2025-05-07,IEU.AX,91.21977233886719,-0.005387103378163616,-0.0054016661438634804
2025-05-08,IEU.AX,91.54915618896484,0.003610882176662722,0.0036043785926975864
2025-05-09,IEU.AX,91.81071472167969,0.0028570283288571474,0.002852954780405628
2025-05-12,IEU.AX,91.92697143554688,0.0012662652090185134,0.00126546417137482
2025-05-13,IEU.AX,91.98509216308594,0.0006322489105365925,0.0006320491253990103
2025-05-14,IEU.AX,91.67508697509766,-0.003370167716293171,-0.003375859523338721
2025-05-15,IEU.AX,92.02384948730469,0.0038043324933170197,0.0037971143215487237
2025-05-16,IEU.AX,93.25419616699219,0.013369867556531911,0.013281279609843917
2025-05-19,IEU.AX,93.52545166015625,0.002908775200617386,0.0029045528998676933
2025-05-20,IEU.AX,94.46516418457031,0.010047666252697596,0.00999752404915327
2025-05-21,IEU.AX,95.07548522949219,0.0064608054216621635,0.006440023880615552
2025-05-22,IEU.AX,94.66860961914062,-0.00427950075005612,-0.00428868402263717
2025-05-23,IEU.AX,94.66860961914062,0.0,0.0
2025-05-26,IEU.AX,94.46516418457031,-0.0021490273849884556,-0.002151339857978359
2025-05-27,IEU.AX,94.62985229492188,0.0017433739915995172,0.0017418560790989418
2025-05-28,IEU.AX,95.02704620361328,0.004197342583326824,0.0041885583127626875
2025-05-29,IEU.AX,95.01736450195312,-0.00010188364309893227,-0.00010188883358985158
2025-05-30,IEU.AX,94.82360076904297,-0.002039245499238951,-0.0020413275914216568
2025-06-02,IEU.AX,94.3101577758789,-0.005414717317206996,-0.005429430033185768
2025-06-03,IEU.AX,95.29830932617188,0.010477678901155363,0.010423168454932553
2025-06-04,IEU.AX,94.81391906738281,-0.00508288407437707,-0.005095845870493441
2025-06-05,IEU.AX,94.67829132080078,-0.0014304624037916325,-0.0014314864918654612
2025-06-06,IEU.AX,94.95923614501953,0.0029673626371944373,0.0029629687067946994
2025-06-09,IEU.AX,94.95923614501953,0.0,0.0
2025-06-10,IEU.AX,94.82360076904297,-0.0014283536966264165,-0.0014293747661825536
2025-06-11,IEU.AX,94.74610137939453,-0.0008173006405567396,-0.0008176348128171416
2025-06-12,IEU.AX,95.0948715209961,0.0036811028266479084,0.0036743441488184276
2025-06-13,IEU.AX,94.77517700195312,-0.0033618481620470986,-0.003367511870827976
2025-06-16,IEU.AX,94.44578552246094,-0.0034755037121735333,-0.0034815573054607137
2025-06-17,IEU.AX,93.806396484375,-0.006769905449448332,-0.006792925212584339
2025-06-18,IEU.AX,93.38982391357422,-0.004440769354893237,-0.004450658859992846
2025-06-19,IEU.AX,92.76011657714844,-0.006742783207392411,-0.006765618476817405
2025-06-20,IEU.AX,93.28325653076172,0.005639707806729399,0.005623864195636177
2025-06-23,IEU.AX,93.28325653076172,0.0,0.0
2025-06-24,IEU.AX,94.22296905517578,0.010073753419019837,0.010023351374253295
2025-06-25,IEU.AX,94.5620346069336,0.0035985445497823676,0.003592085279686765
2025-06-26,IEU.AX,93.6513900756836,-0.00963012836002608,-0.00967679791034103
2025-06-27,IEU.AX,93.8935775756836,0.0025860534457020634,0.0025827153632246636
2025-06-30,IEU.AX,94.93986511230469,0.011143334439224217,0.011081704904378362
2025-07-01,IEU.AX,94.61672973632812,-0.003403579472061824,-0.003409384825069673
2025-07-02,IEU.AX,94.78487396240234,0.0017771088320510664,0.0017755316424325326
2025-07-03,IEU.AX,95.03214263916016,0.0026087356180470866,0.0026053387736481278
2025-07-04,IEU.AX,94.63650512695312,-0.004163196800784363,-0.0041718870324014955
2025-07-07,IEU.AX,95.2299575805664,0.006270861892217816,0.006251281850972116
2025-07-08,IEU.AX,95.04203033447266,-0.001973404702346526,-0.0019753544308974127
2025-07-09,IEU.AX,95.61570739746094,0.006036035435789788,0.006017891548721725
2025-07-10,IEU.AX,96.18938446044922,0.0059998203078035495,0.005981893057057902
2025-07-11,IEU.AX,95.39810180664062,-0.008226299172690466,-0.008260321887558354
2025-07-14,IEU.AX,94.06282806396484,-0.01399685861027089,-0.014095738390936832
2025-07-15,IEU.AX,95.48712921142578,0.015142019188412847,0.015028523088479679
2025-07-16,IEU.AX,94.30020904541016,-0.012430158659263557,-0.012508059299443191
2025-07-17,IEU.AX,95.39810180664062,0.01164252733206328,0.011575274601900382
2025-07-18,IEU.AX,95.5860366821289,0.0019700064459269306,0.001968068527951646
2025-07-21,IEU.AX,95.15083312988281,-0.004553003423432678,-0.004563399912355034
2025-07-22,IEU.AX,95.2200698852539,0.0007276526446866605,0.0007273880338564004
2025-07-23,IEU.AX,95.60581970214844,0.004051139821251715,0.004042956049283474
2025-07-24,IEU.AX,96.43665313720703,0.008690197287644086,0.008652654867104717
2025-07-25,IEU.AX,95.84320068359375,-0.00615380598877624,-0.006172818693311724
2025-07-28,IEU.AX,96.79273223876953,0.009907135283497626,0.009858381362079454
2025-07-29,IEU.AX,95.40799713134766,-0.014306188857299618,-0.014409508972332999
2025-07-30,IEU.AX,95.15083312988281,-0.002695413478922659,-0.0026990526466793624
2025-07-31,IEU.AX,95.2200698852539,0.0007276526446866605,0.0007273880338564004
2025-08-01,IEU.AX,93.82544708251953,-0.014646311480499663,-0.014754627622831525
2025-08-04,IEU.AX,93.30123138427734,-0.0055871377599846506,-0.005602804195097054
2025-08-05,IEU.AX,94.34966278076172,0.011237058513903442,0.011174391794612167
2025-08-06,IEU.AX,94.59693908691406,0.002620849920014434,0.002617421481837619
2025-08-07,IEU.AX,94.53759765625,-0.0006273081479892806,-0.000627504988069443
2025-08-08,IEU.AX,95.13105010986328,0.006277422616249861,0.006257801668740037
2025-08-11,IEU.AX,95.50690460205078,0.003950912890727576,0.0039431285312069774
2025-08-12,IEU.AX,95.50690460205078,0.0,0.0
2025-08-13,IEU.AX,95.71461486816406,0.0021748193701676133,0.0021724578737867574
2025-08-14,IEU.AX,95.84320068359375,0.0013434292726017816,0.0013425276788911267
2025-08-15,IEU.AX,97.35651397705078,0.015789469494585484,0.015666112619898063
2025-08-18,IEU.AX,97.15869903564453,-0.002031861385801914,-0.0020339284165687426
2025-08-19,IEU.AX,97.42575073242188,0.002748613345258777,0.0027448428151705556
2025-08-20,IEU.AX,98.10822296142578,0.007005049731444224,0.006980628352892969
2025-08-21,IEU.AX,98.98851776123047,0.008972691312030046,0.00893267590315393
2025-08-22,IEU.AX,98.3258285522461,-0.006694606849077633,-0.006717116246801517
2025-08-25,IEU.AX,98.62255096435547,0.0030177463691720696,0.0030132021125782392
2025-08-26,IEU.AX,97.80160522460938,-0.008324117878909854,-0.008358956818478338
2025-08-27,IEU.AX,97.06967163085938,-0.007483860741028248,-0.0075120053348961885
2025-08-28,IEU.AX,96.93120574951172,-0.0014264587385668381,-0.001427477099381584
2025-08-29,IEU.AX,96.45643615722656,-0.0048980056382672554,-0.0049100401808033454
2025-09-01,IEU.AX,96.29817962646484,-0.0016407047270931008,-0.0016420521571187474
2025-09-02,IEU.AX,96.15971374511719,-0.0014378867999867984,-0.0014389215512339711
2025-09-03,IEU.AX,95.03214263916016,-0.011726023945389352,-0.01179531597683485
2025-09-04,IEU.AX,95.57614135742188,0.005724365495233474,0.005708043573877817
2025-09-05,IEU.AX,96.38719940185547,0.008485988583704307,0.008450184992566534
2025-09-08,IEU.AX,96.1003646850586,-0.0029758590204598256,-0.0029802956930423175
2025-09-09,IEU.AX,95.93221282958984,-0.0017497525219578591,-0.0017512851269491326
2025-09-10,IEU.AX,95.89264678955078,-0.00041243747925778784,-0.0004125225549880201
2025-09-11,IEU.AX,95.57614135742188,-0.0033006225474568884,-0.003306081617587064
2025-09-12,IEU.AX,95.63549041748047,0.000620961039184964,0.0006207683226543823
2025-09-15,IEU.AX,95.54647064208984,-0.0009308236409101278,-0.0009312571262551808
2025-09-16,IEU.AX,96.0904769897461,0.0056936310048967265,0.005677483550657763
2025-09-17,IEU.AX,95.5959243774414,-0.005146739071317796,-0.005160029152851476
2025-09-18,IEU.AX,95.77396392822266,0.0018624177959543076,0.0018606856462551264
2025-09-19,IEU.AX,96.74327087402344,0.010120777151159999,0.010069905041672027
2025-09-22,IEU.AX,96.406982421875,-0.003476091402639714,-0.003482147045744733
2025-09-23,IEU.AX,97.03011322021484,0.006463544265010057,0.0064427451387177965
2025-09-24,IEU.AX,96.21905517578125,-0.008358828177319144,-0.00839395908737308
2025-09-25,IEU.AX,96.28829193115234,0.0007195742594292565,0.0007193154900002792
2025-09-26,IEU.AX,96.30807495117188,0.00020545613202571644,0.00020543502880509754
2025-09-29,IEU.AX,97.0795669555664,0.008010667898674884,0.007978752825987244
2025-09-30,IEU.AX,96.53556060791016,-0.005603716257873703,-0.005619475978734945
2025-10-01,IEU.AX,97.29717254638672,0.007889444404533208,0.00785848546398061
2025-10-02,IEU.AX,98.46430206298828,0.011995513189708928,0.01192413724843835
2025-10-03,IEU.AX,99.0874252319336,0.006328417059684233,0.006308476711453313
2025-10-06,IEU.AX,99.11709594726562,0.00029943976506174863,0.000299394941922962
2025-10-07,IEU.AX,98.83026123046875,-0.0028938975063341754,-0.0028980929237497266
2025-10-08,IEU.AX,98.7115707397461,-0.0012009529191253643,-0.0012016746409761845
2025-10-09,IEU.AX,98.64234161376953,-0.0007013273667691999,-0.0007015734118523823
2025-10-10,IEU.AX,98.59288024902344,-0.0005014212349070402,-0.0005015469885732441
2025-10-13,IEU.AX,98.06866455078125,-0.005316973161937577,-0.005331158568365997
2025-10-14,IEU.AX,98.74124908447266,0.0068583021577002246,0.006834890983109587
2025-10-15,IEU.AX,99.05775451660156,0.003205402352750575,0.003200276002384894
2025-10-16,IEU.AX,99.28524017333984,0.002296495189583192,0.0022938622747190316
2025-10-17,IEU.AX,99.92815399169922,0.006475421897926825,0.006454546423422963
2025-10-20,IEU.AX,99.8292465209961,-0.0009897858286398442,-0.0009902759900963997
2025-10-21,IEU.AX,100.45237731933594,0.006241966358113249,0.0062225659752758854
2025-10-22,IEU.AX,100.0666275024414,-0.0038401263084918424,-0.003847518524287868
2025-10-23,IEU.AX,99.77979278564453,-0.002866437332365135,-0.002870553431430427
2025-10-24,IEU.AX,99.77979278564453,0.0,0.0
2025-10-27,IEU.AX,100.16553497314453,0.0038659349426459766,0.00385848141986907
2025-10-28,IEU.AX,100.23477172851562,0.0006912233373450594,0.0006909845525234391
2025-10-29,IEU.AX,98.90939331054688,-0.013222740922267162,-0.013310939710300644
2025-10-30,IEU.AX,99.13688659667969,0.0023000170005951226,0.0022973760102668263
2025-10-31,IEU.AX,99.02808380126953,-0.0010975006291331635,-0.00109810332396096
2025-11-03,IEU.AX,98.55331420898438,-0.004794292427569569,-0.00480582191275286
2025-11-04,IEU.AX,98.23680877685547,-0.0032115148503047974,-0.0032166828317874664
2025-11-05,IEU.AX,98.03899383544922,-0.002013653984379582,-0.0020156841113372894
2025-11-06,IEU.AX,98.77091979980469,0.007465661730310602,0.007437931608058509
2025-11-07,IEU.AX,98.77091979980469,0.0,0.0
2025-11-10,IEU.AX,98.96873474121094,0.002002765002160567,0.002000762142059868
2025-11-11,IEU.AX,99.8094711303711,0.008494969561433363,0.00845909035946437
2025-11-12,IEU.AX,100.96670532226562,0.01159443266043314,0.011527732299550017
2025-11-13,IEU.AX,101.28321838378906,0.0031348260846304488,0.0031299227620431957
2025-11-14,IEU.AX,100.82823181152344,-0.004492220720530016,-0.004502341063948583
2025-11-17,IEU.AX,99.96772003173828,-0.008534432909561462,-0.0085710597237186
2025-11-18,IEU.AX,99.00830078125,-0.009597290507212475,-0.009643641299502008
2025-11-19,IEU.AX,98.14778900146484,-0.008691309445723938,-0.008729299156054351
2025-11-20,IEU.AX,98.49397277832031,0.0035271683690225597,0.0035209624991548983
2025-11-21,IEU.AX,97.63346099853516,-0.008736694799811762,-0.00877508347480085
2025-11-24,IEU.AX,98.7115707397461,0.011042420602370262,0.010981898210867508
2025-11-25,IEU.AX,98.2664794921875,-0.004509007852099511,-0.004519204089492149
2025-11-26,IEU.AX,99.47317504882812,0.012279828919042224,0.012205043432778557
2025-11-27,IEU.AX,99.70066833496094,0.0022869812491774777,0.002284370087920517
2025-11-28,IEU.AX,99.7501220703125,0.0004960221047407565,0.0004958991264415168
2025-12-01,IEU.AX,99.73033905029297,-0.00019832577252976158,-0.00019834544168642978
2025-12-02,IEU.AX,99.6808853149414,-0.0004958745334919801,-0.0004959975199273711
2025-12-03,IEU.AX,99.92815399169922,0.002480602735184023,0.0024775311188104466
2025-12-04,IEU.AX,99.8094711303711,-0.0011876819153286977,-0.0011883877684360274
2025-12-05,IEU.AX,99.81935119628906,9.898926230222926e-05,9.898436318850747e-05
2025-12-08,IEU.AX,99.3149185180664,-0.005053455789656658,-0.0050662676784674135
2025-12-09,IEU.AX,99.05775451660156,-0.0025893793732314485,-0.0025927376144270152
2025-12-10,IEU.AX,98.88961029052734,-0.0016974362773996,-0.0016988785547044725
2025-12-11,IEU.AX,99.49295043945312,0.006101148008908375,0.006082611363729412
2025-12-12,IEU.AX,100.63040924072266,0.01143255674141197,0.011367698923609233
2025-12-15,IEU.AX,100.33368682861328,-0.0029486356494841104,-0.002952991440114442
2025-12-16,IEU.AX,100.5710678100586,0.0023659150674966156,0.002363120697070823
2025-12-17,IEU.AX,100.54139709472656,-0.0002950223755013859,-0.0002950659031637092
2025-12-18,IEU.AX,100.70954132080078,0.001672388000693914,0.0016709911170855473
2025-12-19,IEU.AX,101.16452026367188,0.0045177342375317675,0.004507559907980457
2025-12-22,IEU.AX,101.6986312866211,0.00527962789283376,0.005265739519671662
2025-12-23,IEU.AX,101.5403823852539,-0.0015560573369093333,-0.00155726925149609
2025-12-24,IEU.AX,101.09528350830078,-0.004383466621825205,-0.00439310218004605
2025-12-25,IEU.AX,101.09528350830078,0.0,0.0
2025-12-26,IEU.AX,101.09528350830078,0.0,0.0
2025-12-29,IEU.AX,100.94000244140625,-0.0015359872538641683,-0.0015371680916089006
2025-12-30,IEU.AX,101.18000030517578,0.0023776288682857416,0.0023748067811334883
2025-12-31,IEU.AX,101.56999969482422,0.00385451065894582,0.0038471010668669303
2026-01-01,IEU.AX,101.56999969482422,0.0,0.0
2026-01-02,IEU.AX,101.61000061035156,0.0003938260869107424,0.00039374855777204033
2026-01-05,IEU.AX,102.91000366210938,0.012794046294153594,0.012712893928957756
2026-01-06,IEU.AX,103.2699966430664,0.003498133982571927,0.003492029743380829
2026-01-07,IEU.AX,102.6500015258789,-0.006003632587792129,-0.00602172684712219
2026-01-08,IEU.AX,102.83000183105469,0.0017535343643457768,0.0017519987179060905
2026-01-09,IEU.AX,103.04000091552734,0.002042196642354277,0.002040114193489334
2026-01-12,IEU.AX,103.79000091552734,0.007278726643401789,0.007252364556948732
2026-01-13,IEU.AX,104.18000030517578,0.003757581522384257,0.0037505394482012823
2026-01-14,IEU.AX,104.0999984741211,-0.0007679192822070968,-0.0007682142832534192
2026-01-15,IEU.AX,104.66000366210938,0.0053794927588544095,0.005365074971491461
2026-01-16,IEU.AX,104.18000030517578,-0.004586311295031731,-0.004596860688237953
2026-01-19,IEU.AX,103.33000183105469,-0.008158940983213459,-0.008192407299638882
2026-01-20,IEU.AX,102.66000366210938,-0.006484062296260862,-0.00650517514234969
2026-01-21,IEU.AX,102.55000305175781,-0.001071504056376349,-0.001072078527249675
2026-01-22,IEU.AX,102.31999969482422,-0.002242841054012512,-0.0022453599890947633
2026-01-23,IEU.AX,102.20999908447266,-0.0010750646078933057,-0.0010756429043567385
2026-01-26,IEU.AX,102.20999908447266,0.0,0.0
2026-01-27,IEU.AX,102.55999755859375,0.0034243075751505536,0.003418457984028363
2026-01-28,IEU.AX,102.70999908447266,0.0014625734150706116,0.0014615048963045859
2026-01-29,IEU.AX,100.81999969482422,-0.018401318337993855,-0.01857272863645325
2026-01-30,IEU.AX,101.37999725341797,0.005554429282769613,0.005539060324703751
2026-02-02,IEU.AX,101.29000091552734,-0.0008877129643796167,-0.0008881072148712973
2026-02-03,IEU.AX,102.0199966430664,0.0072069870761266586,0.007181140852737896
2026-02-04,IEU.AX,101.58999633789062,-0.004214862961427146,-0.004223770534596901
2026-02-05,IEU.AX,102.01000213623047,0.004134322408506641,0.004125799580288961
2026-02-06,IEU.AX,101.16000366210938,-0.008332501287334093,-0.008367410632886174
2026-02-09,IEU.AX,102.0,0.0083036408410615,0.00826935528134702
2026-02-10,IEU.AX,102.41000366210938,0.004019643746170365,0.0040115865623692945
2026-02-11,IEU.AX,101.80999755859375,-0.005858862240599838,-0.00587609270756033
2026-02-12,IEU.AX,102.19000244140625,0.0037324908351343833,0.0037255423758902704
2026-02-13,IEU.AX,101.43000030517578,-0.007437147647258779,-0.0074649411183330345
2026-02-16,IEU.AX,101.26000213623047,-0.001676014674493076,-0.0016774207583854176
2026-02-17,IEU.AX,101.18000030517578,-0.0007900634936492956,-0.0007903757582947254
2026-02-18,IEU.AX,102.20999908447266,0.010179865350763206,0.010128399503710986
2026-02-19,IEU.AX,103.06999969482422,0.008414055552831146,0.008378854704173927
2026-02-20,IEU.AX,102.81999969482422,-0.0024255360506473256,-0.0024284824285419476
2026-02-23,IEU.AX,103.0199966430664,0.0019451171837754355,0.0019432278928775484
2026-02-24,IEU.AX,103.01000213623047,-9.70152122073964e-05,-9.701991848748586e-05
2026-02-25,IEU.AX,102.97000122070312,-0.00038832069408600844,-0.0003883961100910984
2026-02-26,IEU.AX,102.80000305175781,-0.0016509484988831424,-0.00165231281617462
2026-02-27,IEU.AX,103.0199966430664,0.0021400154161264062,0.002137728844753336
2026-03-02,IEU.AX,102.41000366210938,-0.0059211124134518345,-0.005938711705537183
2026-03-03,IEU.AX,99.80000305175781,-0.025485797451613945,-0.025816185950486927
2026-03-04,IEU.AX,98.33999633789062,-0.014629325342906063,-0.014737389151626307
2026-03-05,IEU.AX,98.83000183105469,0.004982769080857263,0.004970396170881717
2026-03-06,IEU.AX,98.37999725341797,-0.004553319531512057,-0.0045637174663088415
2026-03-09,IEU.AX,94.30999755859375,-0.04137019524751828,-0.042250300780341546
2026-03-10,IEU.AX,96.55000305175781,0.02375151681848342,0.02347383781382075
2026-03-11,IEU.AX,96.37999725341797,-0.001760805727253123,-0.0017623577678198843
2026-03-12,IEU.AX,94.58999633789062,-0.01857232793668573,-0.01874695920528891
2026-03-13,IEU.AX,95.80000305175781,0.012792121373436327,0.012710993322853713
2024-03-14,IJP.AX,98.17523193359375,-0.0006662471460834318,-0.0006664691873416446
2024-03-15,IJP.AX,98.90459442138672,0.007429190371419869,0.007401729859012723
2024-03-18,IJP.AX,100.48490142822266,0.015978095012482152,0.01585178889678493
2024-03-19,IJP.AX,101.40129852294922,0.009119749153370549,0.009078415353589492
2024-03-20,IJP.AX,101.70052337646484,0.002950897649973472,0.002946552297863881
2024-03-21,IJP.AX,101.4760971069336,-0.0022067366231783847,-0.0022091750544179023
2024-03-22,IJP.AX,103.09380340576172,0.01594174731733533,0.015816012194974662
2024-03-25,IJP.AX,102.43924713134766,-0.006349133049615263,-0.0063693745175234864
2024-03-26,IJP.AX,101.65376281738281,-0.007667806392189669,-0.007697355166056696
2024-03-27,IJP.AX,105.80557250976562,0.04084265626095296,0.04003063148562658
2024-03-28,IJP.AX,102.2148208618164,-0.03393726400958508,-0.03452650278893869
2024-03-29,IJP.AX,102.2148208618164,0.0,0.0
2024-04-01,IJP.AX,102.2148208618164,0.0,0.0
2024-04-02,IJP.AX,100.64386749267578,-0.015369134885677593,-0.015488464277826908
2024-04-03,IJP.AX,100.19502258300781,-0.004459734317151853,-0.004469708598385292
2024-04-04,IJP.AX,100.29788970947266,0.0010266690281908186,0.0010261423639864897
2024-04-05,IJP.AX,98.82044219970703,-0.014730594173469336,-0.014840166753335863
2024-04-08,IJP.AX,99.62461853027344,0.008137752803627718,0.008104819839522765
2024-04-09,IJP.AX,100.12020874023438,0.004974575735116504,0.004962243415041463
2024-04-10,IJP.AX,99.36280059814453,-0.007564987644552046,-0.007593747299682564
2024-04-11,IJP.AX,100.29788970947266,0.009410857038037124,0.00936685079845408
2024-04-12,IJP.AX,100.37269592285156,0.0007458403521309886,0.0007455623514363911
2024-04-15,IJP.AX,100.2791748046875,-0.0009317386297559294,-0.0009321729680071289
2024-04-16,IJP.AX,98.99811553955078,-0.012774928270319563,-0.012857229344673668
2024-04-17,IJP.AX,97.50196838378906,-0.015112885206021831,-0.015228248647692242
2024-04-18,IJP.AX,97.9508056640625,0.0046033663495563815,0.004592803263447127
2024-04-19,IJP.AX,96.50141906738281,-0.014797087036226952,-0.014907656016847747
2024-04-22,IJP.AX,97.18403625488281,0.0070736492177732035,0.0070487483190008445
2024-04-23,IJP.AX,96.80999755859375,-0.003848766841789475,-0.003856192403852139
2024-04-24,IJP.AX,97.70767974853516,0.009272618661084975,0.009229891855824048
2024-04-25,IJP.AX,97.70767974853516,0.0,0.0
2024-04-26,IJP.AX,95.73463439941406,-0.02019334973667386,-0.02040002243253367
2024-04-29,IJP.AX,96.57622528076172,0.008790871627883945,0.00875245688445652
2024-04-30,IJP.AX,97.80118560791016,0.012683870420357568,0.01260410392636577
2024-05-01,IJP.AX,97.2401351928711,-0.005736642266161662,-0.005753159999583548
2024-05-02,IJP.AX,97.61417388916016,0.00384654644450233,0.0038391674012294556
2024-05-03,IJP.AX,97.45521545410156,-0.0016284360019179767,-0.00162976334501539
2024-05-06,IJP.AX,97.9508056640625,0.005085312342204551,0.005072425810956044
2024-05-07,IJP.AX,98.01626586914062,0.0006682967499280767,0.0006680735390969402
2024-05-08,IJP.AX,96.3237533569336,-0.017267669781122486,-0.017418494776809575
2024-05-09,IJP.AX,96.16477966308594,-0.0016504100837783087,-0.0016517735108496545
2024-05-10,IJP.AX,96.26763916015625,0.001069617144974222,0.0010690455121383528
2024-05-13,IJP.AX,96.23958587646484,-0.00029140928287163526,-0.0002914517508072746
2024-05-14,IJP.AX,96.15543365478516,-0.0008744034059716688,-0.0008747859196269403
2024-05-15,IJP.AX,95.95906829833984,-0.0020421659908508305,-0.002044254055084748
2024-05-16,IJP.AX,96.99700927734375,0.010816497048271811,0.010758417182526264
2024-05-17,IJP.AX,96.27698516845703,-0.0074231578298249445,-0.007450846576298875
2024-05-20,IJP.AX,96.82869720458984,0.005730466478229168,0.0057141098129986105
2024-05-21,IJP.AX,96.5855712890625,-0.0025108869843992743,-0.00251404454775407
2024-05-22,IJP.AX,95.73463439941406,-0.008810186431488232,-0.00884922558793771
2024-05-23,IJP.AX,97.10922241210938,0.014358314744906231,0.014256210347892715
2024-05-24,IJP.AX,96.45465850830078,-0.006740491660315984,-0.006763311376104447
2024-05-27,IJP.AX,97.18403625488281,0.007561871638571693,0.007533424008773599
2024-05-28,IJP.AX,96.72583770751953,-0.004714751156883135,-0.004725900654660827
2024-05-29,IJP.AX,95.92166137695312,-0.008313976385483257,-0.008348730249744354
2024-05-30,IJP.AX,95.96841430664062,0.000487407422018693,0.00048728867760421276
2024-05-31,IJP.AX,97.05311584472656,0.011302693140475162,0.01123929497047417
2024-06-03,IJP.AX,97.7918472290039,0.007611619450314411,0.007582797238396566
2024-06-04,IJP.AX,97.67028045654297,-0.0012431176617030415,-0.0012438909734081877
2024-06-05,IJP.AX,96.77259063720703,-0.009191023258455333,-0.009233521313561699
2024-06-06,IJP.AX,97.20272827148438,0.00444482917575173,0.004434980096748759
2024-06-07,IJP.AX,97.07182312011719,-0.0013467230158558108,-0.0013476306622869406
2024-06-10,IJP.AX,97.07182312011719,0.0,0.0
2024-06-11,IJP.AX,97.56741333007812,0.005105397158840841,0.005092408807138475
2024-06-12,IJP.AX,96.59492492675781,-0.009967348422267874,-0.010017355005726968
2024-06-13,IJP.AX,95.41670227050781,-0.012197562730582145,-0.01227256350730824
2024-06-14,IJP.AX,95.45410919189453,0.00039203745776772436,0.0003919606311621934
2024-06-17,IJP.AX,94.4442138671875,-0.010579904136728158,-0.010636269233213043
2024-06-18,IJP.AX,94.36940002441406,-0.0007921485044986021,-0.0007924624199145581
2024-06-19,IJP.AX,94.36940002441406,0.0,0.0
2024-06-20,IJP.AX,94.24784088134766,-0.001288120333868381,-0.0012889506739942379
2024-06-21,IJP.AX,93.75225067138672,-0.00525837202557089,-0.0052722459211924765
2024-06-24,IJP.AX,93.97666931152344,0.0023937413611896385,0.0023908809261891407
2024-06-25,IJP.AX,95.57566833496094,0.017014850974734763,0.016871719688156865
2024-06-26,IJP.AX,95.52892303466797,-0.0004890920577101943,-0.000489211702243703
2024-06-27,IJP.AX,95.12683868408203,-0.004209032592568995,-0.0042179155046584
2024-06-28,IJP.AX,96.15543365478516,0.010812878730461106,0.010754837577031745
2024-07-01,IJP.AX,96.00574493408203,-0.0015567369935695075,-0.0015579499676209112
2024-07-02,IJP.AX,97.32476806640625,0.013739002111070153,0.013645477669594841
2024-07-03,IJP.AX,97.39071655273438,0.00067761257117116,0.0006773830954307683
2024-07-04,IJP.AX,97.94658660888672,0.0057076287743642595,0.005691401976332106
2024-07-05,IJP.AX,97.78643035888672,-0.0016351386561281878,-0.0016364769544083657
2024-07-08,IJP.AX,97.23055267333984,-0.005684609648871963,-0.0057008285368726225
2024-07-09,IJP.AX,98.05022430419922,0.008430185865683448,0.008394850300186142
2024-07-10,IJP.AX,98.17269897460938,0.0012491013792093053,0.001248321901112124
2024-07-11,IJP.AX,98.62494659423828,0.004606653625218948,0.004596075470563247
2024-07-12,IJP.AX,98.33287811279297,-0.002961405724729471,-0.002965799363037173
2024-07-15,IJP.AX,99.06776428222656,0.007473453269522423,0.00744566537942049
2024-07-16,IJP.AX,99.39751434326172,0.003328530359237414,0.0033230030638455167
2024-07-17,IJP.AX,100.18891906738281,0.007962017253148268,0.007930487642739093
2024-07-18,IJP.AX,98.33287811279297,-0.01852541151124254,-0.018699156086004788
2024-07-19,IJP.AX,98.61551666259766,0.0028743036431873037,0.0028701807309157576
2024-07-22,IJP.AX,98.73799896240234,0.001242018537749523,0.0012412478707812375
2024-07-23,IJP.AX,99.5859375,0.008587763034579421,0.008551097962040089
2024-07-24,IJP.AX,99.8968505859375,0.003122058131324934,0.0031171946279681052
2024-07-25,IJP.AX,98.25750732421875,-0.016410359807174202,-0.016546501236411194
2024-07-26,IJP.AX,97.42840576171875,-0.008438047993261533,-0.008473849861074119
2024-07-29,IJP.AX,99.43519592285156,0.02059758799749667,0.020388326326791936
2024-07-30,IJP.AX,98.5872573852539,-0.008527549322229322,-0.008564116907281084
2024-07-31,IJP.AX,102.38414764404297,0.03851299203863423,0.0377898746444461
2024-08-01,IJP.AX,100.25487518310547,-0.020796895905607404,-0.021016197198061765
2024-08-02,IJP.AX,94.5077133178711,-0.05732551015337417,-0.05903424167957852
2024-08-05,IJP.AX,85.25574493408203,-0.09789643679845073,-0.10302595043093722
2024-08-06,IJP.AX,92.67994689941406,0.08708154472255525,0.08349662346937721
2024-08-07,IJP.AX,94.20623016357422,0.016468322600752483,0.01633419039433861
2024-08-08,IJP.AX,93.16985321044922,-0.011001150893369727,-0.011062111054105797
2024-08-09,IJP.AX,92.80241394042969,-0.003943757099086231,-0.003951554215822293
2024-08-12,IJP.AX,93.53729248046875,0.007918743800250594,0.007887555090635458
2024-08-13,IJP.AX,95.15780639648438,0.017324789643168303,0.01717642659613164
2024-08-14,IJP.AX,96.29782104492188,0.011980253555735842,0.01190905837820275
2024-08-15,IJP.AX,97.04212188720703,0.007729155594683235,0.007699438697704567
2024-08-16,IJP.AX,98.92642974853516,0.01941742229748722,0.019231309514945116
2024-08-19,IJP.AX,98.61551666259766,-0.003142871796018687,-0.0031478209900905707
2024-08-20,IJP.AX,98.21038818359375,-0.004108161602904836,-0.004116623281362173
2024-08-21,IJP.AX,98.69088745117188,0.004892550334694601,0.004880620705357327
2024-08-22,IJP.AX,99.34098052978516,0.006587164179012062,0.00656556361878773
2024-08-23,IJP.AX,99.86859130859375,0.005311109030682548,0.005297054831408879
2024-08-26,IJP.AX,98.95469665527344,-0.009150971705372157,-0.00919309904797718
2024-08-27,IJP.AX,98.92642974853516,-0.0002856550289548343,-0.00028569583612398497
2024-08-28,IJP.AX,99.86859130859375,0.009523860938411621,0.009478794884101157
2024-08-29,IJP.AX,99.43519592285156,-0.0043396565432969325,-0.004349100184095616
2024-08-30,IJP.AX,100.09471130371094,0.006632615089038119,0.00661071607606222
2024-09-02,IJP.AX,99.79322052001953,-0.003012055080279019,-0.003016600447741781
2024-09-03,IJP.AX,100.7353744506836,0.009441061484482871,0.009396773197586855
2024-09-04,IJP.AX,97.89006042480469,-0.02824543057882678,-0.028652007000841348
2024-09-05,IJP.AX,98.24807739257812,0.003657337284498352,0.0036506654888816895
2024-09-06,IJP.AX,97.8712158203125,-0.003835816254803337,-0.0038431918650052837
2024-09-09,IJP.AX,97.89948272705078,0.00028881736577357486,0.0002887756660670617
2024-09-10,IJP.AX,97.27765655517578,-0.006351679851145708,-0.006371937595641748
2024-09-11,IJP.AX,96.89136505126953,-0.003971019837295753,-0.00397892527193534
2024-09-12,IJP.AX,98.01253509521484,0.011571413441765932,0.011504976657729996
2024-09-13,IJP.AX,98.05022430419922,0.0003845345796613664,0.000384460665187729
2024-09-16,IJP.AX,98.20097351074219,0.0015374692675385049,0.0015362885716983126
2024-09-17,IJP.AX,96.9761734008789,-0.01247238256481542,-0.012550815574958287
2024-09-18,IJP.AX,96.41088104248047,-0.005829188125021534,-0.005846244156294556
2024-09-19,IJP.AX,97.61683654785156,0.012508499998456823,0.012430915023523103
2024-09-20,IJP.AX,98.59667205810547,0.010037566724195202,0.009987524937890431
2024-09-23,IJP.AX,97.62625885009766,-0.009842251140443348,-0.009891006264754058
2024-09-24,IJP.AX,97.61683654785156,-9.651401535892834e-05,-9.651867313620497e-05
2024-09-25,IJP.AX,97.41898345947266,-0.0020268336423903133,-0.002028890449370922
2024-09-26,IJP.AX,99.15254974365234,0.017794953535938518,0.017638476952343492
2024-09-27,IJP.AX,99.73667907714844,0.005891218481080873,0.005873933108199504
2024-09-30,IJP.AX,97.79585266113281,-0.019459505108590514,-0.019651333952357176
2024-10-01,IJP.AX,98.26692199707031,0.004816864142181743,0.004805300171947435
2024-10-02,IJP.AX,97.54146575927734,-0.007382506982508308,-0.00740989255320725
2024-10-03,IJP.AX,97.3624496459961,-0.0018352821734609615,-0.0018369683671991181
2024-10-04,IJP.AX,98.05964660644531,0.007160840375156852,0.007135323301098116
2024-10-07,IJP.AX,99.32213592529297,0.012874708022501347,0.012792533532637772
2024-10-08,IJP.AX,98.70973205566406,-0.006165834674452975,-0.006184921932769094
2024-10-09,IJP.AX,98.98295593261719,0.002767952776926208,0.0027641290499438986
2024-10-10,IJP.AX,98.25750732421875,-0.007329025503060249,-0.007356014761303331
2024-10-11,IJP.AX,98.97354125976562,0.007287320379339546,0.007260896157042468
2024-10-14,IJP.AX,99.02064514160156,0.00047592398166607097,0.00047581076576792494
2024-10-15,IJP.AX,99.55767822265625,0.005423445588409459,0.005408791666672119
2024-10-16,IJP.AX,98.45535278320312,-0.011072229275855827,-0.011133982661276723
2024-10-17,IJP.AX,98.21038818359375,-0.002488078024043827,-0.0024911784339462268
2024-10-18,IJP.AX,97.72989654541016,-0.004892472650503743,-0.004904479974500274
2024-10-21,IJP.AX,97.9842758178711,0.0026028808118376823,0.0025994991842886316
2024-10-22,IJP.AX,96.09996032714844,-0.019230794686130426,-0.019418111811587844
2024-10-23,IJP.AX,94.96937561035156,-0.011764674126275132,-0.011834425512877
2024-10-24,IJP.AX,95.26143646240234,0.0030753161234740034,0.003070597011542901
2024-10-25,IJP.AX,95.28970336914062,0.0002967297973659466,0.0002966857817865649
2024-10-28,IJP.AX,96.28838348388672,0.010480461995745038,0.01042592268772279
2024-10-29,IJP.AX,98.0784912109375,0.018591107901924087,0.018420405705075492
2024-10-30,IJP.AX,98.96411895751953,0.009029785589557138,0.008989260846131789
2024-10-31,IJP.AX,97.93716430664062,-0.010377040302048557,-0.010431257184768648
2024-11-01,IJP.AX,96.66525268554688,-0.012987017033813664,-0.013072085667400833
2024-11-04,IJP.AX,97.57915496826172,0.00945429983706525,0.00940988764902024
2024-11-05,IJP.AX,96.94790649414062,-0.0064690914194369675,-0.0064901066734284136
2024-11-06,IJP.AX,98.60610961914062,0.017104063253807533,0.016959435581761644
2024-11-07,IJP.AX,98.26692199707031,-0.003439823590854596,-0.0034457533862278515
2024-11-08,IJP.AX,98.54014587402344,0.002780425716003121,0.0027765674824552565
2024-11-11,IJP.AX,98.99237823486328,0.004589321000376678,0.004578822176149366
2024-11-12,IJP.AX,99.50115203857422,0.005139525009732138,0.005126362730382574
2024-11-13,IJP.AX,97.71104431152344,-0.017990824129923588,-0.018154626608112383
2024-11-14,IJP.AX,98.37997436523438,0.006846002500784376,0.0068226750317531264
2024-11-15,IJP.AX,98.56842041015625,0.0019154919091792788,0.001913659693908135
2024-11-18,IJP.AX,98.54014587402344,-0.00028685187421240155,-0.00028689302408073717
2024-11-19,IJP.AX,98.67205047607422,0.001338587444546846,0.0013376923350726588
2024-11-20,IJP.AX,97.48493957519531,-0.012030872928568082,-0.01210382962590413
2024-11-21,IJP.AX,96.90080261230469,-0.005992073908401507,-0.006010098422144917
2024-11-22,IJP.AX,98.08792114257812,0.01225086375210993,0.012176429228964187
2024-11-25,IJP.AX,98.92642974853516,0.008548540902790558,0.008512209036470462
2024-11-26,IJP.AX,97.79585266113281,-0.011428463457907045,-0.011494270206860915
2024-11-27,IJP.AX,98.34228515625,0.005587481270914463,0.005571929201807233
2024-11-28,IJP.AX,99.71783447265625,0.013987363769519146,0.013890443325582761
2024-11-29,IJP.AX,100.00049591064453,0.002834612679698534,0.002830602741137742
2024-12-02,IJP.AX,101.32893371582031,0.013284312173439616,0.013196849435225257
2024-12-03,IJP.AX,103.94812774658203,0.02584843178264684,0.025520008528462614
2024-12-04,IJP.AX,103.97639465332031,0.00027193281255821766,0.0002718958455324911
2024-12-05,IJP.AX,103.7879638671875,-0.0018122458156111243,-0.001813889919706672
2024-12-06,IJP.AX,103.0530776977539,-0.007080649258848437,-0.007105836018638975
2024-12-09,IJP.AX,104.20250701904297,0.01115376024634851,0.011092015760435845
2024-12-10,IJP.AX,104.05176544189453,-0.0014466214053840964,-0.001447668772346862
2024-12-11,IJP.AX,103.87275695800781,-0.0017203791125166568,-0.0017218606641261763
2024-12-12,IJP.AX,104.1082992553711,0.0022676041751592546,0.002265037040908755
2024-12-13,IJP.AX,102.98712921142578,-0.010769266734395044,-0.010827675008762014
2024-12-16,IJP.AX,102.05439758300781,-0.009056778604859761,-0.009098040546665482
2024-12-17,IJP.AX,101.7623291015625,-0.0028618902111273714,-0.002865993249083585
2024-12-18,IJP.AX,102.5348892211914,0.0075918085449662165,0.007563135793726893
2024-12-19,IJP.AX,102.3464584350586,-0.00183772360378065,-0.0018394142894621092
2024-12-20,IJP.AX,100.78247833251953,-0.01528123323907149,-0.015399194556248037
2024-12-23,IJP.AX,101.30066680908203,0.005141652449276002,0.005128479289566154
2024-12-24,IJP.AX,101.81885528564453,0.005115351091805831,0.005102312130416511
2024-12-25,IJP.AX,101.81885528564453,0.0,0.0
2024-12-26,IJP.AX,101.81885528564453,0.0,0.0
2024-12-27,IJP.AX,104.43608856201172,0.025704799656456112,0.025379985716259344
2024-12-30,IJP.AX,103.01370239257812,-0.01361968060101193,-0.013713279278543163
2024-12-31,IJP.AX,103.0423355102539,0.0002779544566475778,0.00027791583446423225
2025-01-01,IJP.AX,103.0423355102539,0.0,0.0
2025-01-02,IJP.AX,102.8609619140625,-0.0017601852218630532,-0.0017617361681063317
2025-01-03,IJP.AX,102.36455535888672,-0.00482599565411912,-0.004837678373469772
2025-01-06,IJP.AX,102.28817749023438,-0.0007461358903437798,-0.0007464143882673572
2025-01-07,IJP.AX,103.32872009277344,0.010172657564833543,0.010121264327202985
2025-01-08,IJP.AX,102.7655029296875,-0.00545073201894164,-0.005465641461645004
2025-01-09,IJP.AX,102.20226287841797,-0.00548082805233685,-0.005495902897393877
2025-01-10,IJP.AX,101.19036102294922,-0.009900973099514765,-0.009950313683678142
2025-01-13,IJP.AX,100.45530700683594,-0.007264071485490353,-0.007290583320025931
2025-01-14,IJP.AX,100.48394012451172,0.00028503339971708286,0.00028499278541504417
2025-01-15,IJP.AX,100.79895782470703,0.0031350054526619875,0.00313010156952833
2025-01-16,IJP.AX,101.56266784667969,0.007576566647651051,0.0075480086237066715
2025-01-17,IJP.AX,101.32401275634766,-0.002349830852142576,-0.002352596037320362
2025-01-20,IJP.AX,102.25,0.009138872597545644,0.009097365793309728
2025-01-21,IJP.AX,102.04952239990234,-0.00196066112564941,-0.001962585737760454
2025-01-22,IJP.AX,102.66048431396484,0.005986915957022498,0.005969065586032736
2025-01-23,IJP.AX,102.54592895507812,-0.0011158661451116103,-0.0011164891872694055
2025-01-24,IJP.AX,102.72731018066406,0.001768780364410194,0.0017672179145705165
2025-01-27,IJP.AX,102.72731018066406,0.0,0.0
2025-01-28,IJP.AX,103.19507598876953,0.004553470808130955,0.004543135123545944
2025-01-29,IJP.AX,104.49337005615234,0.012580969149381671,0.012502486331418233
2025-01-30,IJP.AX,105.26660919189453,0.0073998870485914026,0.00737264220769884
2025-01-31,IJP.AX,105.61981964111328,0.0033553892533468854,0.0033497724955916593
2025-02-03,IJP.AX,103.95877838134766,-0.015726605720495446,-0.015851580805245794
2025-02-04,IJP.AX,104.25471496582031,0.0028466723934277294,0.002842628294568482
2025-02-05,IJP.AX,104.30244445800781,0.0004578161496402444,0.0004577113838012511
2025-02-06,IJP.AX,105.22843170166016,0.008877905484038218,0.008838728582958824
2025-02-07,IJP.AX,104.74156951904297,-0.004626717083435428,-0.004637453467862519
2025-02-10,IJP.AX,104.60792541503906,-0.001275941391919,-0.001276756098222206
2025-02-11,IJP.AX,104.1688003540039,-0.004197818275172738,-0.004206653849735293
2025-02-12,IJP.AX,102.69867706298828,-0.014112894513708563,-0.01421342841324455
2025-02-13,IJP.AX,103.95877838134766,0.012269888516543537,0.012195223567735817
2025-02-14,IJP.AX,104.47428131103516,0.004958724387819302,0.0049464704067565006
2025-02-17,IJP.AX,104.56974029541016,0.0009137079784335977,0.0009132908013979886
2025-02-18,IJP.AX,105.17115020751953,0.005751280536897108,0.0057348050628556555
2025-02-19,IJP.AX,104.51246643066406,-0.006262970173434246,-0.0062826648456222565
2025-02-20,IJP.AX,104.3692626953125,-0.0013702072129985199,-0.0013711468052906284
2025-02-21,IJP.AX,103.72966766357422,-0.006128193447197838,-0.006147047893256031
2025-02-24,IJP.AX,103.24281311035156,-0.004693493811256277,-0.004704542839253494
2025-02-25,IJP.AX,104.7988510131836,0.015071634101725406,0.014959185473099568
2025-02-26,IJP.AX,104.2642593383789,-0.0051011215260121645,-0.0051141766625736485
2025-02-27,IJP.AX,105.96349334716797,0.016297377639967525,0.01616600085713057
2025-02-28,IJP.AX,104.884765625,-0.010180182703431018,-0.010232355148746729
2025-03-03,IJP.AX,106.25942993164062,0.013106424926910165,0.013021278906077512
2025-03-04,IJP.AX,106.27851867675781,0.00017964283385918378,0.00017962670001749574
2025-03-05,IJP.AX,105.69619750976562,-0.005479199129254875,-0.0054942649986042735
2025-03-06,IJP.AX,105.82029724121094,0.0011741172754473617,0.00117342853881145
2025-03-07,IJP.AX,105.63892364501953,-0.0017139773835446181,-0.0017154479233351192
2025-03-10,IJP.AX,105.22843170166016,-0.003885802024439,-0.0038933713681357433
2025-03-11,IJP.AX,104.4551773071289,-0.007348340957162192,-0.007375473013353894
2025-03-12,IJP.AX,105.16160583496094,0.006762982420248198,0.006740216042738956
2025-03-13,IJP.AX,105.05660247802734,-0.0009984951836736755,-0.0009989940120690628
2025-03-14,IJP.AX,105.42890167236328,0.0035437962541555734,0.0035375318038047875
2025-03-17,IJP.AX,105.86803436279297,0.004165202173824767,0.004156551731492086
2025-03-18,IJP.AX,106.1926040649414,0.0030657951108847836,0.003061105144260013
2025-03-19,IJP.AX,106.88948059082031,0.0065623828703995635,0.006540944177425244
2025-03-20,IJP.AX,108.0445785522461,0.010806469963565268,0.01074849734596896
2025-03-21,IJP.AX,108.60780334472656,0.0052128926784431595,0.005199352588377684
2025-03-24,IJP.AX,107.83455657958984,-0.0071196243853896,-0.007145089852778325
2025-03-25,IJP.AX,107.18541717529297,-0.006019771628752113,-0.006037963497990786
2025-03-26,IJP.AX,107.74864959716797,0.005254748609634818,0.005240990593723435
2025-03-27,IJP.AX,107.15676879882812,-0.005493162100431603,-0.005508304995741357
2025-03-28,IJP.AX,105.85848236083984,-0.012115766950995255,-0.012189761126887825
2025-03-31,IJP.AX,103.47191619873047,-0.022544874145978056,-0.02280289523108631
2025-04-01,IJP.AX,103.90149688720703,0.004151664570041458,0.004143070189801443
2025-04-02,IJP.AX,102.71776580810547,-0.01139282026308619,-0.011458215605897179
2025-04-03,IJP.AX,100.77032470703125,-0.01895914582792202,-0.01914117484857141
2025-04-04,IJP.AX,97.94462585449219,-0.028040981913615926,-0.02844163787312741
2025-04-07,IJP.AX,95.61534881591797,-0.023781570640073912,-0.024068917034962348
2025-04-08,IJP.AX,98.94699096679688,0.034844218968369756,0.03425090231506407
2025-04-09,IJP.AX,98.74652099609375,-0.002026034028365764,-0.0020280892116912286
2025-04-10,IJP.AX,101.94451904296875,0.03238593131804124,0.031872561607558345
2025-04-11,IJP.AX,100.35983276367188,-0.01554459517954998,-0.01566667921641626
2025-04-14,IJP.AX,100.85624694824219,0.004946343281970966,0.004934150316571498
2025-04-15,IJP.AX,100.85624694824219,0.0,0.0
2025-04-16,IJP.AX,100.22618865966797,-0.006247092348157235,-0.006266687078914674
2025-04-17,IJP.AX,101.53402709960938,0.013048869336759417,0.012964466291240755
2025-04-18,IJP.AX,101.53402709960938,0.0,0.0
2025-04-21,IJP.AX,101.53402709960938,0.0,0.0
2025-04-22,IJP.AX,101.83950805664062,0.0030086559723625506,0.003004139024675736
2025-04-23,IJP.AX,102.94686889648438,0.010873587873459378,0.01081489549799958
2025-04-24,IJP.AX,104.01605987548828,0.010385852337859935,0.010332289915200257
2025-04-25,IJP.AX,104.01605987548828,0.0,0.0
2025-04-28,IJP.AX,105.35253143310547,0.012848703932998529,0.012766859653024421
2025-04-29,IJP.AX,106.66036987304688,0.012413925153491157,0.012337504190732963
2025-04-30,IJP.AX,106.39306640625,-0.0025061179434783254,-0.002509263513597149
2025-05-01,IJP.AX,106.2403335571289,-0.001435552656579131,-0.0014365840494914345
2025-05-02,IJP.AX,105.77256774902344,-0.004402902291848809,-0.0044126236113187145
2025-05-05,IJP.AX,105.83939361572266,0.000631788261563182,0.0006315887673804237
2025-05-06,IJP.AX,106.8035659790039,0.009109768398541052,0.009068524749232774
2025-05-07,IJP.AX,106.65082550048828,-0.0014301065429374038,-0.0014311301212999459
2025-05-08,IJP.AX,106.63172149658203,-0.00017912663888530744,-0.00017914268397778421
2025-05-09,IJP.AX,107.4718017578125,0.007878333477504551,0.00784746144906115
2025-05-12,IJP.AX,106.67945861816406,-0.007372567749761805,-0.007399879448405841
2025-05-13,IJP.AX,107.39543151855469,0.006711441074642943,0.006689019618274771
2025-05-14,IJP.AX,106.30715942382812,-0.010133318329639929,-0.010185009901078172
2025-05-15,IJP.AX,106.68901062011719,0.003591961240979824,0.0035855255547542547
2025-05-16,IJP.AX,107.25223541259766,0.005279126586766436,0.005265240846289243
2025-05-19,IJP.AX,107.6245346069336,0.0034712488080430592,0.0034652379300517257
2025-05-20,IJP.AX,107.89183807373047,0.002483666645092697,0.002480587442512039
2025-05-21,IJP.AX,107.67227172851562,-0.0020350598259786246,-0.0020371333738999323
2025-05-22,IJP.AX,107.65318298339844,-0.000177285616907219,-0.00017730133385982064
2025-05-23,IJP.AX,108.25459289550781,0.005586550210987529,0.005571003314825441
2025-05-26,IJP.AX,108.1304931640625,-0.0011463692036152162,-0.001147026787394616
2025-05-27,IJP.AX,109.19013214111328,0.009799631408718534,0.00975192642846879
2025-05-28,IJP.AX,109.24740600585938,0.0005245333403578467,0.0005243958208322226
2025-05-29,IJP.AX,110.0206527709961,0.007077941650122543,0.007053010592375706
2025-05-30,IJP.AX,111.03255462646484,0.009197380946057265,0.009155342603095794
2025-06-02,IJP.AX,109.4860610961914,-0.013928289189383602,-0.014026198007276025
2025-06-03,IJP.AX,109.71517181396484,0.0020926017018014775,0.00209041526056274
2025-06-04,IJP.AX,109.3619613647461,-0.0032193400728356414,-0.0032245332969195223
2025-06-05,IJP.AX,108.35960388183594,-0.009165503895518845,-0.009207765557506097
2025-06-06,IJP.AX,108.0350341796875,-0.002995301667052752,-0.0029997965610440527
2025-06-09,IJP.AX,108.0350341796875,0.0,0.0
2025-06-10,IJP.AX,108.17822265625,0.0013253892836684322,0.0013245117306058356
2025-06-11,IJP.AX,107.6245346069336,-0.005118294937011658,-0.005131438275378607
2025-06-12,IJP.AX,108.64598846435547,0.009490901504498384,0.009446145856932792
2025-06-13,IJP.AX,108.00638580322266,-0.005887034304470906,-0.005904431201944926
2025-06-16,IJP.AX,107.90138244628906,-0.0009721958211331705,-0.0009726687100090548
2025-06-17,IJP.AX,107.25223541259766,-0.006016114149552609,-0.00603428387503045
2025-06-18,IJP.AX,108.54097747802734,0.012015992584881063,0.011944373689895727
2025-06-19,IJP.AX,108.18777465820312,-0.0032540965452031445,-0.0032594026315042207
2025-06-20,IJP.AX,107.11859130859375,-0.009882663295249783,-0.009931820952679629
2025-06-23,IJP.AX,106.33580017089844,-0.007307705675854148,-0.007334537757531039
2025-06-24,IJP.AX,107.22359466552734,0.008348970837686709,0.008314310963223343
2025-06-25,IJP.AX,107.39543151855469,0.001602602986435775,0.0016013201886305574
2025-06-26,IJP.AX,108.35960388183594,0.008977778194547037,0.008937717535834088
2025-06-27,IJP.AX,109.4860610961914,0.01039554570154988,0.010341883593862802
2025-06-30,IJP.AX,110.249755859375,0.00697526932229886,0.00695105466851702
2025-07-01,IJP.AX,109.37857055664062,-0.007901925006034372,-0.007933310662841045
2025-07-02,IJP.AX,109.12821197509766,-0.0022889180236024265,-0.0022915416006615854
2025-07-03,IJP.AX,108.9741439819336,-0.001411807179606539,-0.0014128047183615282
2025-07-04,IJP.AX,108.6467514038086,-0.0030043142910971543,-0.003008836302577296
2025-07-07,IJP.AX,108.29046630859375,-0.003279298189879931,-0.0032846868721446904
2025-07-08,IJP.AX,107.33717346191406,-0.00880310962890396,-0.008842085908711415
2025-07-09,IJP.AX,106.97126007080078,-0.00340900900695984,-0.0034148329177744992
2025-07-10,IJP.AX,106.40313720703125,-0.005310985991877737,-0.005325139412635517
2025-07-11,IJP.AX,105.9505615234375,-0.004253405449062719,-0.0042624769102263
2025-07-14,IJP.AX,105.9505615234375,0.0,0.0
2025-07-15,IJP.AX,105.8542709350586,-0.0009088256541009976,-0.0009092388865255638
2025-07-16,IJP.AX,105.56539154052734,-0.002729029183040521,-0.0027327597719846663
2025-07-17,IJP.AX,106.99051666259766,0.013499927403037182,0.01340961527995673
2025-07-18,IJP.AX,106.33573150634766,-0.006120029855682607,-0.006138833998934837
2025-07-21,IJP.AX,106.46090698242188,0.0011771722853737288,0.0011764799613488406
2025-07-22,IJP.AX,106.80756378173828,0.003256188671900473,0.003250898769736058
2025-07-23,IJP.AX,110.77481079101562,0.03714387697658217,0.03647066309166212
2025-07-24,IJP.AX,112.681396484375,0.017211364928045647,0.017064927260044323
2025-07-25,IJP.AX,111.18887329101562,-0.013245515585763368,-0.013334019818915384
2025-07-28,IJP.AX,110.03335571289062,-0.010392384992522152,-0.01044676289761485
2025-07-29,IJP.AX,109.35931396484375,-0.006125794707249055,-0.006144634365637824
2025-07-30,IJP.AX,110.02373504638672,0.006075578361405709,0.0060571964514416965
2025-07-31,IJP.AX,111.27552795410156,0.011377480569870535,0.011313243813599742
2025-08-01,IJP.AX,110.5629653930664,-0.006403587330801708,-0.006424178247042742
2025-08-04,IJP.AX,110.26446533203125,-0.002699819600296971,-0.002703470686230246
2025-08-05,IJP.AX,111.90143585205078,0.014845857322123068,0.014736736253870472
2025-08-06,IJP.AX,112.45993041992188,0.004990950863307031,0.00497853735438937
2025-08-07,IJP.AX,112.681396484375,0.0019692886490876305,0.0019673521421399026
2025-08-08,IJP.AX,114.18356323242188,0.01333109807753563,0.013243020903050552
2025-08-11,IJP.AX,115.05982208251953,0.007674124237251334,0.0076448279327065395
2025-08-12,IJP.AX,115.70498657226562,0.005607209172315608,0.005591547293974561
2025-08-13,IJP.AX,116.2827377319336,0.004993312533744021,0.0049808872936202364
2025-08-14,IJP.AX,115.99385833740234,-0.00248428442747195,-0.0024873753822987382
2025-08-15,IJP.AX,118.3337631225586,0.020172661024430605,0.019971888484844134
2025-08-18,IJP.AX,118.43968963623047,0.0008951503854581766,0.0008947499772844215
2025-08-19,IJP.AX,118.78633880615234,0.002926799039971728,0.0029225243024953995
2025-08-20,IJP.AX,118.71894073486328,-0.0005673890782933455,-0.0005675501043889416
2025-08-21,IJP.AX,118.43006134033203,-0.0024333050206066797,-0.002436270318561283
2025-08-22,IJP.AX,117.9582290649414,-0.0039840583552069875,-0.003992015858165283
2025-08-25,IJP.AX,117.94859313964844,-8.168930111407402e-05,-8.16926378667515e-05
2025-08-26,IJP.AX,116.68716430664062,-0.010694734031412412,-0.010752333743253843
2025-08-27,IJP.AX,116.17681884765625,-0.00437362122918028,-0.004383213489334399
2025-08-28,IJP.AX,117.0530776977539,0.0075424586314993824,0.00751415651301043
2025-08-29,IJP.AX,116.25385284423828,-0.006827884146535013,-0.006851300799159378
2025-09-01,IJP.AX,115.3775863647461,-0.007537526353352364,-0.0075660770634158585
2025-09-02,IJP.AX,115.53166198730469,0.0013354034125094838,0.0013345125543875336
2025-09-03,IJP.AX,113.9043197631836,-0.014085681761419777,-0.0141858264935349
2025-09-04,IJP.AX,115.29093170166016,0.012173479823762934,0.012099978924826863
2025-09-05,IJP.AX,116.19607543945312,0.00785095344823139,0.007820295073643147
2025-09-08,IJP.AX,116.8893814086914,0.005966690067768621,0.005948959864713921
2025-09-09,IJP.AX,116.76420593261719,-0.0010708883438825811,-0.0010714621544997596
2025-09-10,IJP.AX,116.74494171142578,-0.00016498396094544177,-0.00016499757229625003
2025-09-11,IJP.AX,116.92789459228516,0.0015671161266379574,0.0015658894815237807
2025-09-12,IJP.AX,116.92789459228516,0.0,0.0
2025-09-15,IJP.AX,116.76420593261719,-0.0013999111182043666,-0.001400891909227505
2025-09-16,IJP.AX,117.37084197998047,0.005195393935307102,0.005181944439741396
2025-09-17,IJP.AX,116.92789459228516,-0.0037739133520986456,-0.003781052530513958
2025-09-18,IJP.AX,117.71749877929688,0.006752915459266484,0.006730216657094771
2025-09-19,IJP.AX,117.3804702758789,-0.002863028070702156,-0.0028671343750849235
2025-09-22,IJP.AX,117.6982421875,0.002707195761562753,0.002703537907314861
2025-09-23,IJP.AX,118.59375762939453,0.007608571081868298,0.0075797718931162475
2025-09-24,IJP.AX,117.64045715332031,-0.008038369768611942,-0.00807085164755367
2025-09-25,IJP.AX,118.025634765625,0.003274193433324468,0.0032688449335071625
2025-09-26,IJP.AX,118.1219253540039,0.0008158446982311496,0.0008155120778440923
2025-09-29,IJP.AX,117.00493621826172,-0.009456238817600049,-0.009501232918519628
2025-09-30,IJP.AX,117.5152816772461,0.0043617429783677775,0.004352258147723835
2025-10-01,IJP.AX,116.48495483398438,-0.008767598805502597,-0.008806260345039363
2025-10-02,IJP.AX,116.7256851196289,0.002066621273001612,0.002064488748833041
2025-10-03,IJP.AX,118.1219253540039,0.011961722331670366,0.011890746367002065
2025-10-06,IJP.AX,119.95147705078125,0.015488671483251615,0.015369946371205244
2025-10-07,IJP.AX,119.85518646240234,-0.0008027461665864877,-0.0008030685398246057
2025-10-08,IJP.AX,119.64334106445312,-0.001767511312626202,-0.0017690752038149312
2025-10-09,IJP.AX,119.07522583007812,-0.004748406633587332,-0.004759716131966986
2025-10-10,IJP.AX,117.99674224853516,-0.009057161756568677,-0.009098427200284696
2025-10-13,IJP.AX,116.26348114013672,-0.014689058997473747,-0.014798011480582254
2025-10-14,IJP.AX,117.23603057861328,0.008365046607406335,0.008330253501015917
2025-10-15,IJP.AX,119.07522583007812,0.01568796932468275,0.015566185179851089
2025-10-16,IJP.AX,120.71218872070312,0.013747300323922795,0.013653663384923938
2025-10-17,IJP.AX,120.46183013916016,-0.0020740124439482255,-0.002076166186197794
2025-10-20,IJP.AX,122.6091537475586,0.017825759461879365,0.017668743814678402
2025-10-21,IJP.AX,122.6091537475586,0.0,0.0
2025-10-22,IJP.AX,122.50322723388672,-0.0008639364226423751,-0.0008643098307963198
2025-10-23,IJP.AX,121.1455078125,-0.011083131865534668,-0.011145007379259874
2025-10-24,IJP.AX,121.1455078125,0.0,0.0
2025-10-27,IJP.AX,122.46471405029297,0.010889435866121788,0.010830572896860522
2025-10-28,IJP.AX,122.09880065917969,-0.0029879087535615856,-0.0029923814645114303
2025-10-29,IJP.AX,121.34771728515625,-0.006151439407828252,-0.006170437461543106
2025-10-30,IJP.AX,121.23217010498047,-0.0009521990422304283,-0.0009526526717250156
2025-10-31,IJP.AX,122.869140625,0.013502773385991595,0.013412423350171246
2025-11-03,IJP.AX,122.08917236328125,-0.006347958956588129,-0.006368192923089732
2025-11-04,IJP.AX,122.83061981201172,0.00607299922162019,0.0060546328835081415
2025-11-05,IJP.AX,121.08773040771484,-0.014189372380960963,-0.01429100406392028
2025-11-06,IJP.AX,122.92691802978516,0.015188885082556114,0.015074688857865353
2025-11-07,IJP.AX,122.58988952636719,-0.0027416981473196156,-0.002745463485540404
2025-11-10,IJP.AX,122.34915924072266,-0.0019637042383724435,-0.001965634833366083
2025-11-11,IJP.AX,122.13731384277344,-0.0017314822534448826,-0.0017329830014377492
2025-11-12,IJP.AX,123.1002426147461,0.007883985177635555,0.007853068955540178
2025-11-13,IJP.AX,123.44689178466797,0.0028159909563034713,0.0028120334815051433
2025-11-14,IJP.AX,123.02320861816406,-0.003432108823306357,-0.003438012019605463
2025-11-17,IJP.AX,122.83061981201172,-0.0015654672668317104,-0.0015666938910406467
2025-11-18,IJP.AX,120.2403564453125,-0.021088091639230755,-0.02131362174556561
2025-11-19,IJP.AX,119.45075988769531,-0.006566818171204525,-0.0065884745828617705
2025-11-20,IJP.AX,120.02851867675781,0.004836794588880755,0.004825134879896316
2025-11-21,IJP.AX,120.19220733642578,0.001363748061481873,0.001362819001667366
2025-11-24,IJP.AX,120.86625671386719,0.005608095502853239,0.0055924286819946005
2025-11-25,IJP.AX,120.03814697265625,-0.006851455184645694,-0.006875034165658069
2025-11-26,IJP.AX,121.94473266601562,0.015883164989157095,0.01575834745443561
2025-11-27,IJP.AX,121.94473266601562,0.0,0.0
2025-11-28,IJP.AX,121.8965835571289,-0.0003948436954517298,-0.00039492166674864095
2025-12-01,IJP.AX,120.96255493164062,-0.007662467628147485,-0.007691975163558232
2025-12-02,IJP.AX,120.7988510131836,-0.0013533437562520678,-0.0013542603529870063
2025-12-03,IJP.AX,120.6640396118164,-0.001115999036716664,-0.0011166222273382078
2025-12-04,IJP.AX,122.28175354003906,0.013406760899328019,0.013317685538629753
2025-12-05,IJP.AX,121.18402099609375,-0.008977075582955907,-0.009017612309164827
2025-12-08,IJP.AX,121.11661529541016,-0.0005562259787185164,-0.0005563807297752498
2025-12-09,IJP.AX,120.59663391113281,-0.004293229157775635,-0.004302471528639433
2025-12-10,IJP.AX,120.2403564453125,-0.00295429030036487,-0.0029586628298921623
2025-12-11,IJP.AX,120.07666015625,-0.0013614088805280478,-0.0013623364395516783
2025-12-12,IJP.AX,121.48253631591797,0.011708155088912209,0.011640144975031567
2025-12-15,IJP.AX,122.66692352294922,0.009749444183081879,0.009702225011203373
2025-12-16,IJP.AX,121.38623809814453,-0.010440348449474945,-0.010495231218380478
2025-12-17,IJP.AX,120.71218872070312,-0.005552930777016241,-0.005568405610832127
2025-12-18,IJP.AX,120.44257354736328,-0.0022335372773636397,-0.002236035342121995
2025-12-19,IJP.AX,120.818115234375,0.0031180144690619027,0.0031131635428370066
2025-12-22,IJP.AX,120.68330383300781,-0.0011158210927696421,-0.0011164440845999114
2025-12-23,IJP.AX,120.95291900634766,0.002234071862276199,0.0022315800343249825
2025-12-24,IJP.AX,120.36553955078125,-0.004856265234372548,-0.0048680952055774685
2025-12-25,IJP.AX,120.36553955078125,0.0,0.0
2025-12-26,IJP.AX,120.36553955078125,0.0,0.0
2025-12-29,IJP.AX,120.22000122070312,-0.0012091361914821075,-0.0012098677864383033
2025-12-30,IJP.AX,120.54000091552734,0.002661784158833669,0.002658247885187712
2025-12-31,IJP.AX,119.94999694824219,-0.004894673658569326,-0.004906691806326705
2026-01-01,IJP.AX,119.94999694824219,0.0,0.0
2026-01-02,IJP.AX,120.8499984741211,0.007503139214478205,0.007475130679482694
2026-01-05,IJP.AX,122.69999694824219,0.015308220914187709,0.015192232321893501
2026-01-06,IJP.AX,124.30999755859375,0.013121439693520864,0.013036099318799243
2026-01-07,IJP.AX,122.47000122070312,-0.014801676245093098,-0.014912314163402503
2026-01-08,IJP.AX,122.68000030517578,0.0017146981495836933,0.0017132297330660197
2026-01-09,IJP.AX,123.08999633789062,0.0033419956936333595,0.0033364236370998952
2026-01-12,IJP.AX,126.2300033569336,0.025509847367477523,0.02518990098782934
2026-01-13,IJP.AX,125.01000213623047,-0.009664906822931751,-0.00971191516760752
2026-01-14,IJP.AX,126.36000061035156,0.010799123678519207,0.010741229573195479
2026-01-15,IJP.AX,128.5,0.016935734245898004,0.01679392357113067
2026-01-16,IJP.AX,127.61000061035156,-0.0069260652890928975,-0.006950161806444908
2026-01-19,IJP.AX,127.55999755859375,-0.00039184273582515416,-0.0003919195262504657
2026-01-20,IJP.AX,125.81999969482422,-0.013640623213168945,-0.013734511286190491
2026-01-21,IJP.AX,124.30999755859375,-0.0120012886654981,-0.012073885552425629
2026-01-22,IJP.AX,123.91000366210938,-0.0032177130105390805,-0.0032229009809707555
2026-01-23,IJP.AX,123.12999725341797,-0.0062949429879641805,-0.006314839684571704
2026-01-26,IJP.AX,123.12999725341797,0.0,0.0
2026-01-27,IJP.AX,122.75,-0.0030861468520614332,-0.0030909188237905117
2026-01-28,IJP.AX,122.18000030517578,-0.004643582035227856,-0.004654396955253465
2026-01-29,IJP.AX,120.66999816894531,-0.012358832316736401,-0.01243583780793439
2026-01-30,IJP.AX,122.41999816894531,0.014502362033269378,0.014398208554328391
2026-02-02,IJP.AX,122.20999908447266,-0.001715398526496048,-0.0017168715072888076
2026-02-03,IJP.AX,123.94999694824219,0.014237770041769071,0.014137364901839594
2026-02-04,IJP.AX,122.91999816894531,-0.008309792695896379,-0.008344511494349723
2026-02-05,IJP.AX,123.08999633789062,0.0013829984663005224,0.0013820430047547432
2026-02-06,IJP.AX,124.69999694824219,0.013079865612571684,0.012995062842466765
2026-02-09,IJP.AX,127.0,0.01844429116315416,0.018276258245398032
2026-02-10,IJP.AX,129.91000366210938,0.022913414662278475,0.022654844738637728
2026-02-11,IJP.AX,131.5,0.012239214017929934,0.012164920420590121
2026-02-12,IJP.AX,131.67999267578125,0.001368765595294752,0.0013678296895936613
2026-02-13,IJP.AX,130.97999572753906,-0.005315894495572349,-0.00533007413669153
2026-02-16,IJP.AX,129.3300018310547,-0.012597296917894574,-0.012677315585564243
2026-02-17,IJP.AX,127.87000274658203,-0.011288943507322236,-0.011353147282593196
2026-02-18,IJP.AX,129.10000610351562,0.009619170489667317,0.009573200827457308
2026-02-19,IJP.AX,129.67999267578125,0.004492537140552644,0.004482475818227982
2026-02-20,IJP.AX,128.25,-0.011027087882063968,-0.011088336897370285
2026-02-23,IJP.AX,128.25,0.0,0.0
2026-02-24,IJP.AX,127.88999938964844,-0.0028070223029361685,-0.0028109693781232094
2026-02-25,IJP.AX,128.30999755859375,0.0032840579478436993,0.003278677206766631
2026-02-26,IJP.AX,128.8000030517578,0.003818919043625524,0.0038116454845023248
2026-02-27,IJP.AX,130.22999572753906,0.011102427343938848,0.01104124780854558
2026-03-02,IJP.AX,128.2899932861328,-0.014896740421193155,-0.015008811244842164
2026-03-03,IJP.AX,124.47000122070312,-0.029776227806869837,-0.030228541107634514
2026-03-04,IJP.AX,121.05000305175781,-0.027476485381253912,-0.027861024225305214
2026-03-05,IJP.AX,123.5999984741211,0.021065636993606418,0.02084682408350324
2026-03-06,IJP.AX,122.8499984741211,-0.006067961239959341,-0.006086446131770403
2026-03-09,IJP.AX,116.61000061035156,-0.050793634035608215,-0.052129047780152774
2026-03-10,IJP.AX,120.51000213623047,0.033444828963774986,0.03289771599951437
2026-03-11,IJP.AX,120.79000091552734,0.0023234484634757635,0.0023207534308002965
2026-03-12,IJP.AX,117.79000091552734,-0.024836492898927975,-0.025150122453451274
2026-03-13,IJP.AX,118.31999969482422,0.004499522668965472,0.004489430080071625
2024-03-14,IOO.AX,129.1817626953125,0.0001515693332827528,0.0001515578478119057
2024-03-15,IOO.AX,129.9651641845703,0.006064335033928447,0.006046020958721207
2024-03-18,IOO.AX,129.5343017578125,-0.0033152147305097746,-0.0033207222305968722
2024-03-19,IOO.AX,130.4156036376953,0.006803617790217098,0.006780577627968041
2024-03-20,IOO.AX,131.2088165283203,0.006082193146370818,0.006063771268842995
2024-03-21,IOO.AX,131.53195190429688,0.0024627565778463367,0.0024597289626993907
2024-03-22,IOO.AX,132.6580810546875,0.008561639465443305,0.008525196490284749
2024-03-25,IOO.AX,132.75601196289062,0.0007382204493275868,0.0007379480986400062
2024-03-26,IOO.AX,132.32513427734375,-0.003245635954078785,-0.0032509144549412775
2024-03-27,IOO.AX,132.49160766601562,0.0012580632514074264,0.0012572725529314736
2024-03-28,IOO.AX,132.795166015625,0.002291151529948854,0.0022885308444439865
2024-03-29,IOO.AX,132.795166015625,0.0,0.0
2024-04-01,IOO.AX,132.795166015625,0.0,0.0
2024-04-02,IOO.AX,133.57858276367188,0.005899437242728345,0.005882103701520567
2024-04-03,IOO.AX,132.09991455078125,-0.011069650405759246,-0.011131374921044915
2024-04-04,IOO.AX,131.82571411132812,-0.002075704896445818,-0.0020778621575963476
2024-04-05,IOO.AX,130.32748413085938,-0.011365233183591839,-0.011430310999134986
2024-04-08,IOO.AX,131.0521240234375,0.005560146406651478,0.005544745852471279
2024-04-09,IOO.AX,130.8954315185547,-0.001195650250237712,-0.0011963656102686095
2024-04-10,IOO.AX,130.55270385742188,-0.0026183317259947936,-0.0026217655517480807
2024-04-11,IOO.AX,132.12928771972656,0.01207622527700769,0.012003889448726155
2024-04-12,IOO.AX,133.59814453125,0.011116814726491064,0.011055477108962807
2024-04-15,IOO.AX,132.88330078125,-0.005350701183075124,-0.00536506745398135
2024-04-16,IOO.AX,131.77676391601562,-0.008327132594756481,-0.00836199684444185
2024-04-17,IOO.AX,131.64947509765625,-0.0009659428155368577,-0.0009664096389389862
2024-04-18,IOO.AX,130.9835662841797,-0.005058195735171744,-0.005071031710096352
2024-04-19,IOO.AX,129.7888946533203,-0.009120774954832434,-0.009162623880162249
2024-04-22,IOO.AX,129.10342407226562,-0.0052814270657413065,-0.005295423102782657
2024-04-23,IOO.AX,129.74974060058594,0.005006191996569598,0.004993702682675532
2024-04-24,IOO.AX,130.64083862304688,0.0068678212252002435,0.006844345165969467
2024-04-25,IOO.AX,130.64083862304688,0.0,0.0
2024-04-26,IOO.AX,131.32630920410156,0.005246985462429299,0.005233267996847247
2024-04-29,IOO.AX,131.46340942382812,0.0010439661371544062,0.0010434215834707607
2024-04-30,IOO.AX,131.82571411132812,0.0027559355800057528,0.0027521449524316576
2024-05-01,IOO.AX,130.7681427001953,-0.008022497114938298,-0.008054850497710885
2024-05-02,IOO.AX,129.99453735351562,-0.005915854815291555,-0.005933422805106353
2024-05-03,IOO.AX,130.66043090820312,0.005122473361143021,0.005109398127158372
2024-05-06,IOO.AX,131.189208984375,0.004046964122928598,0.0040387971903961305
2024-05-07,IOO.AX,132.70706176757812,0.01156995148422535,0.011503531422546802
2024-05-08,IOO.AX,133.09873962402344,0.0029514469782421227,0.0029471000097404058
2024-05-09,IOO.AX,133.26522827148438,0.0012508656951315533,0.0012500840144217449
2024-05-10,IOO.AX,133.3729248046875,0.0008081367855665711,0.0008078104188552718
2024-05-13,IOO.AX,133.98008728027344,0.004552366805144814,0.004542036124214528
2024-05-14,IOO.AX,133.85276794433594,-0.0009502855127356824,-0.000950737320266986
2024-05-15,IOO.AX,133.9017333984375,0.0003658157754491409,0.0003657488811718479
2024-05-16,IOO.AX,134.8907470703125,0.007386115524973036,0.0073589717497931475
2024-05-17,IOO.AX,134.77325439453125,-0.0008710210176240407,-0.0008714005768493259
2024-05-20,IOO.AX,134.6459503173828,-0.0009445796773280835,-0.0009450260738383467
2024-05-21,IOO.AX,135.1355743408203,0.003636381356315388,0.0036297857063275797
2024-05-22,IOO.AX,135.41952514648438,0.002101229132662974,0.002099024638287406
2024-05-23,IOO.AX,136.81008911132812,0.010268563291294663,0.01021619975570559
2024-05-24,IOO.AX,136.2910614013672,-0.003793782412776503,-0.00380099705825152
2024-05-27,IOO.AX,136.5065155029297,0.00158083809273446,0.0015795898835013916
2024-05-28,IOO.AX,136.3106689453125,-0.0014347048336530444,-0.0014357350080816146
2024-05-29,IOO.AX,136.60443115234375,0.0021550932828970915,0.0021527744003758875
2024-05-30,IOO.AX,136.62403869628906,0.00014353519706422624,0.00014352489687344293
2024-05-31,IOO.AX,135.33140563964844,-0.009461241732972803,-0.00950628360704335
2024-06-03,IOO.AX,136.34983825683594,0.007525471359540292,0.007497296265565007
2024-06-04,IOO.AX,136.18338012695312,-0.0012208164821527756,-0.0012215622856489165
2024-06-05,IOO.AX,136.99612426757812,0.005968012688973845,0.005950274640191885
2024-06-06,IOO.AX,138.8371124267578,0.013438249943362734,0.013348757518844123
2024-06-07,IOO.AX,138.6314697265625,-0.0014811796111345865,-0.0014822776420427397
2024-06-10,IOO.AX,138.6314697265625,0.0,0.0
2024-06-11,IOO.AX,139.93385314941406,0.00939457271440891,0.009350718165374564
2024-06-12,IOO.AX,140.638916015625,0.00503854392873837,0.005025892943512362
2024-06-13,IOO.AX,141.5692138671875,0.00661479679962218,0.006593015033148981
2024-06-14,IOO.AX,142.00006103515625,0.003043367665889196,0.0030387459970982714
2024-06-17,IOO.AX,142.58763122558594,0.0041378164639254145,0.0041292792435787574
2024-06-18,IOO.AX,143.09681701660156,0.0035710375902804348,0.0035646765746641168
2024-06-19,IOO.AX,142.773681640625,-0.0022581590751880043,-0.00226071256123515
2024-06-20,IOO.AX,143.29266357421875,0.0036349972041771483,0.0036284065683066585
2024-06-21,IOO.AX,142.2154998779297,-0.007517228512757379,-0.007545625274485708
2024-06-24,IOO.AX,141.8140106201172,-0.0028231047822292465,-0.002827097258424491
2024-06-25,IOO.AX,140.9033203125,-0.00642172309798561,-0.006442431063244138
2024-06-26,IOO.AX,141.9608917236328,0.007505652874519209,0.007477625616528005
2024-06-27,IOO.AX,142.23507690429688,0.0019314134853269938,0.001929550704449098
2024-06-28,IOO.AX,143.56686401367188,0.009363281817403646,0.009319718016508242
2024-07-01,IOO.AX,141.9167938232422,-0.011493391610703063,-0.011559951123910972
2024-07-02,IOO.AX,142.89173889160156,0.00686983578260425,0.006846345980124177
2024-07-03,IOO.AX,143.2954864501953,0.0028255486407093855,0.0028215642817177346
2024-07-04,IOO.AX,143.26596069335938,-0.00020604805892610045,-0.00020606928974382333
2024-07-05,IOO.AX,143.3939971923828,0.0008936979754561314,0.0008932988651921199
2024-07-08,IOO.AX,143.40383911132812,6.863550175051358e-05,6.863314644223454e-05
2024-07-09,IOO.AX,144.28028869628906,0.006111758167649306,0.0060931571252723
2024-07-10,IOO.AX,144.15228271484375,-0.0008872035300314662,-0.0008875973280198554
2024-07-11,IOO.AX,145.34384155273438,0.008265972730017168,0.008231996679099705
2024-07-12,IOO.AX,143.31520080566406,-0.013957528061718905,-0.014055850319087595
2024-07-15,IOO.AX,144.0242462158203,0.004947454325642031,0.0049352558910773624
2024-07-16,IOO.AX,144.91053771972656,0.006153765960893454,0.006134908865036805
2024-07-17,IOO.AX,144.19166564941406,-0.004960799135966809,-0.004973144746319632
2024-07-18,IOO.AX,142.7144775390625,-0.010244615066332452,-0.010297452309846338
2024-07-19,IOO.AX,142.55691528320312,-0.0011040383468891024,-0.0011046482461675887
2024-07-22,IOO.AX,141.90696716308594,-0.004559218462506731,-0.004569643397439824
2024-07-23,IOO.AX,143.3447265625,0.010131704088649274,0.010080722439587238
2024-07-24,IOO.AX,143.6697235107422,0.002267240351534472,0.002264674040359499
2024-07-25,IOO.AX,141.96604919433594,-0.011858269611543237,-0.011929139712317351
2024-07-26,IOO.AX,141.29638671875,-0.004717060729563904,-0.00472822117067687
2024-07-29,IOO.AX,142.65541076660156,0.009618250539956907,0.00957228964217436
2024-07-30,IOO.AX,141.7296905517578,-0.006489205070239645,-0.0065103514934217056
2024-07-31,IOO.AX,142.91143798828125,0.00833803723075155,0.008303467826046853
2024-08-01,IOO.AX,144.52647399902344,0.01130095696661182,0.011237578199258762
2024-08-02,IOO.AX,139.83892822265625,-0.03243382092334768,-0.03297145427110965
2024-08-05,IOO.AX,135.0430450439453,-0.034295766133696115,-0.03489766777293605
2024-08-06,IOO.AX,136.03765869140625,0.007365160102375201,0.007338169755172679
2024-08-07,IOO.AX,135.1316680908203,-0.006659851465402822,-0.006682127233463114
2024-08-08,IOO.AX,133.63479614257812,-0.011077136613426242,-0.011138944954673193
2024-08-09,IOO.AX,136.03765869140625,0.017980815013662,0.017821072188136382
2024-08-12,IOO.AX,137.01260375976562,0.007166729255249749,0.007141170294587854
2024-08-13,IOO.AX,137.49513244628906,0.0035217832030218776,0.0035155962463821622
2024-08-14,IOO.AX,139.07078552246094,0.01145970077731584,0.011394535781385133
2024-08-15,IOO.AX,140.272216796875,0.008638991071349134,0.0086018885205893
2024-08-16,IOO.AX,142.46829223632812,0.015655811889201177,0.015534523935918226
2024-08-19,IOO.AX,141.42440795898438,-0.007327134065818308,-0.0073541093611369495
2024-08-20,IOO.AX,142.39935302734375,0.006893753931373148,0.006870100654100997
2024-08-21,IOO.AX,141.80848693847656,-0.004149359363688432,-0.004157991843034326
2024-08-22,IOO.AX,142.30087280273438,0.0034721889704065756,0.003466174839728221
2024-08-23,IOO.AX,141.7592315673828,-0.003806310001361779,-0.0038135724338452886
2024-08-26,IOO.AX,141.7100067138672,-0.000347242666113301,-0.0003473029688080688
2024-08-27,IOO.AX,141.01080322265625,-0.004934044584605335,-0.004946257170777538
2024-08-28,IOO.AX,141.38502502441406,0.0026538519971899266,0.0026503367499023074
2024-08-29,IOO.AX,139.1495819091797,-0.015811031718870994,-0.01593735943127702
2024-08-30,IOO.AX,139.83892822265625,0.004953994859477895,0.0049417642040481685
2024-09-02,IOO.AX,141.21762084960938,0.009859147552660819,0.009810863259362687
2024-09-03,IOO.AX,141.80848693847656,0.0041840818823624115,0.0041753529516663675
2024-09-04,IOO.AX,137.86935424804688,-0.027777834567395687,-0.02817093537887645
2024-09-05,IOO.AX,137.6724090576172,-0.0014284914258418935,-0.0014295126924149726
2024-09-06,IOO.AX,137.3375701904297,-0.002432142137117399,-0.0024351045991990237
2024-09-09,IOO.AX,136.42173767089844,-0.006668477666099459,-0.006690811306249958
2024-09-10,IOO.AX,137.1307830810547,0.00519745183034348,0.0051839916963666004
2024-09-11,IOO.AX,137.3966827392578,0.0019390223859945266,0.0019371449086764395
2024-09-12,IOO.AX,139.85861206054688,0.017918404376335184,0.017759762043948534
2024-09-13,IOO.AX,140.28207397460938,0.003027785760373325,0.0030232112485031664
2024-09-16,IOO.AX,140.56765747070312,0.002035780395900355,0.002033711003067147
2024-09-17,IOO.AX,140.14419555664062,-0.003012513131982475,-0.003017059883395956
2024-09-18,IOO.AX,139.6813507080078,-0.00330263302589473,-0.0033080987558646935
2024-09-19,IOO.AX,139.91770935058594,0.001692127412715294,0.0016906973780981074
2024-09-20,IOO.AX,140.42979431152344,0.003659900975468311,0.0036532198344740013
2024-09-23,IOO.AX,140.19345092773438,-0.0016830002845746872,-0.0016844181205892157
2024-09-24,IOO.AX,140.03587341308594,-0.0011240005407218145,-0.0011246327030745335
2024-09-25,IOO.AX,140.03587341308594,0.0,0.0
2024-09-26,IOO.AX,141.4933624267578,0.010407968887889751,0.010354178887542111
2024-09-27,IOO.AX,141.0994415283203,-0.00278402386996357,-0.0027879064722638206
2024-09-30,IOO.AX,139.1495819091797,-0.013819045617903924,-0.013915417503824936
2024-10-01,IOO.AX,139.6518096923828,0.0036092654847565964,0.0036027677161746406
2024-10-02,IOO.AX,138.47007751464844,-0.008461989718124174,-0.008497995618039567
2024-10-03,IOO.AX,139.18896484375,0.005191643869958185,0.005178213749801198
2024-10-04,IOO.AX,139.7010498046875,0.0036790629308318668,0.003672311732463017
2024-10-07,IOO.AX,141.70016479492188,0.01430994966057364,0.014208528738050083
2024-10-08,IOO.AX,141.80848693847656,0.000764446136752639,0.0007641540966277937
2024-10-09,IOO.AX,142.7932586669922,0.006944377940812929,0.006920376799585819
2024-10-10,IOO.AX,144.37876892089844,0.011103537160698895,0.011042345438341483
2024-10-11,IOO.AX,144.1719512939453,-0.0014324656492010757,-0.001433492608959358
2024-10-14,IOO.AX,144.53631591796875,0.002527292033944528,0.0025241038020310485
2024-10-15,IOO.AX,146.60435485839844,0.014308092241699377,0.014206697522083454
2024-10-16,IOO.AX,145.6097412109375,-0.0067843390356419064,-0.0068074572844053355
2024-10-17,IOO.AX,145.30447387695312,-0.0020964760423696216,-0.0020986767245907327
2024-10-18,IOO.AX,145.70822143554688,0.0027786312962094772,0.002774778036477717
2024-10-21,IOO.AX,146.46649169921875,0.005204032114325852,0.00519053793505071
2024-10-22,IOO.AX,146.73239135742188,0.0018154299670751772,0.0018137840658037554
2024-10-23,IOO.AX,147.40203857421875,0.0045637313656647915,0.004553349119546599
2024-10-24,IOO.AX,146.6339111328125,-0.005211104600968519,-0.005224729761921779
2024-10-25,IOO.AX,146.78164672851562,0.001007513163645335,0.0010070059629035707
2024-10-28,IOO.AX,148.6527099609375,0.012747256037279442,0.01266669367934683
2024-10-29,IOO.AX,148.7019500732422,0.00033124261453165715,0.0003311877658086383
2024-10-30,IOO.AX,150.01170349121094,0.0088079101674432,0.008769346803020509
2024-10-31,IOO.AX,147.205078125,-0.01870937600795508,-0.018886610495815442
2024-11-01,IOO.AX,145.0779571533203,-0.014450051579561918,-0.01455547034501437
2024-11-04,IOO.AX,145.52110290527344,0.003054535372901679,0.003049879757814218
2024-11-05,IOO.AX,144.79237365722656,-0.005007722134440118,-0.005020302792796323
2024-11-06,IOO.AX,147.88458251953125,0.021356158368015965,0.021131311232072375
2024-11-07,IOO.AX,147.96336364746094,0.0005327203592657703,0.0005325785141488009
2024-11-08,IOO.AX,148.78073120117188,0.00552412119839607,0.005508919200311981
2024-11-11,IOO.AX,149.77536010742188,0.006685199744751458,0.00666295289166864
2024-11-12,IOO.AX,149.43069458007812,-0.0023012164824477432,-0.00230386835022632
2024-11-13,IOO.AX,149.91322326660156,0.0032291135892756895,0.0032239111983883737
2024-11-14,IOO.AX,151.5479736328125,0.010904644237444971,0.010845617328410832
2024-11-15,IOO.AX,151.28207397460938,-0.001754557661373779,-0.0017560987004924548
2024-11-18,IOO.AX,149.88369750976562,-0.0092435040590364,-0.009286490343671305
2024-11-19,IOO.AX,148.6724090576172,-0.008081522355488424,-0.008114354868047666
2024-11-20,IOO.AX,149.30267333984375,0.004239282098283059,0.004230321656895072
2024-11-21,IOO.AX,148.12094116210938,-0.007915010168937253,-0.00794650013425126
2024-11-22,IOO.AX,148.80043029785156,0.004587394128143796,0.004576904104714062
2024-11-25,IOO.AX,148.7905731201172,-6.624428245705083e-05,-6.62464767064348e-05
2024-11-26,IOO.AX,149.06631469726562,0.00185321940339489,0.001851504310951142
2024-11-27,IOO.AX,150.46470642089844,0.009381004195835763,0.009337275840503445
2024-11-28,IOO.AX,149.9329376220703,-0.003534176296071667,-0.003540436250658327
2024-11-29,IOO.AX,149.5882568359375,-0.0022988997054245175,-0.0023015462321967243
2024-12-02,IOO.AX,150.57302856445312,0.006583215483256133,0.0065616407558290605
2024-12-03,IOO.AX,152.4933624267578,0.012753504931214632,0.012672863900613222
2024-12-04,IOO.AX,153.96067810058594,0.009622160928695278,0.00957616277062025
2024-12-05,IOO.AX,154.93560791015625,0.0063323299273427835,0.006312364965014589
2024-12-06,IOO.AX,155.4772491455078,0.003495911899514148,0.0034898154039189463
2024-12-09,IOO.AX,156.43247985839844,0.006143861678415963,0.006125065109976387
2024-12-10,IOO.AX,156.64915466308594,0.0013851011304277794,0.0013841427627124228
2024-12-11,IOO.AX,156.21583557128906,-0.002766175743040833,-0.0027700086771729137
2024-12-12,IOO.AX,156.88548278808594,0.004286679480015154,0.004277517842204669
2024-12-13,IOO.AX,157.7126922607422,0.00527269609625769,0.005258844104423433
2024-12-16,IOO.AX,157.5452880859375,-0.0010614502384368452,-0.0010620139756958554
2024-12-17,IOO.AX,158.79595947265625,0.007938488049458847,0.007907144026693957
2024-12-18,IOO.AX,159.88906860351562,0.006883733909158973,0.006860149185008945
2024-12-19,IOO.AX,157.63392639160156,-0.01410441771667481,-0.014204830308507773
2024-12-20,IOO.AX,156.9248809814453,-0.00449805080915644,-0.00450819747795106
2024-12-23,IOO.AX,159.76104736328125,0.018073401516049525,0.017912019179331096
2024-12-24,IOO.AX,161.18898010253906,0.0089379280045081,0.008898221148624555
2024-12-25,IOO.AX,161.18898010253906,0.0,0.0
2024-12-26,IOO.AX,161.18898010253906,0.0,0.0
2024-12-27,IOO.AX,162.87893676757812,0.010484318865743969,0.010429739547903097
2024-12-30,IOO.AX,160.39849853515625,-0.015228723134172784,-0.015345871001675044
2024-12-31,IOO.AX,159.5585174560547,-0.005236838790716347,-0.0052505990923208375
2025-01-01,IOO.AX,159.5585174560547,0.0,0.0
2025-01-02,IOO.AX,159.85496520996094,0.0018579249709305135,0.001856201163138488
2025-01-03,IOO.AX,159.00509643554688,-0.0053164990733807205,-0.00533068194573237
2025-01-06,IOO.AX,160.38861083984375,0.008701069558846974,0.008663433412032186
2025-01-07,IOO.AX,160.6158905029297,0.0014170561232236256,0.001416053046694118
2025-01-08,IOO.AX,159.88461303710938,-0.004552958387432859,-0.004563354670369318
2025-01-09,IOO.AX,159.8154296875,-0.0004327079904388187,-0.00043280163555628156
2025-01-10,IOO.AX,160.10202026367188,0.0017932597417675833,0.0017916537711784907
2025-01-13,IOO.AX,158.82720947265625,-0.007962490347817819,-0.00799436026274836
2025-01-14,IOO.AX,158.17498779296875,-0.0041064857958093,-0.004114940562796794
2025-01-15,IOO.AX,157.20654296875,-0.006122616715395712,-0.006141436791180727
2025-01-16,IOO.AX,159.58815002441406,0.015149541556533697,0.015035933224310735
2025-01-17,IOO.AX,159.2027587890625,-0.0024149113533342703,-0.0024178319546995612
2025-01-20,IOO.AX,160.2799072265625,0.006765890526603036,0.006743104609566989
2025-01-21,IOO.AX,160.09214782714844,-0.0011714468935190014,-0.001172133573756507
2025-01-22,IOO.AX,160.7937774658203,0.0043826611623039025,0.004373085271268038
2025-01-23,IOO.AX,161.66342163085938,0.005408444149674452,0.005393871037243232
2025-01-24,IOO.AX,161.6239013671875,-0.00024446014610601807,-0.00024449003135813645
2025-01-27,IOO.AX,161.6239013671875,0.0,0.0
2025-01-28,IOO.AX,159.1039276123047,-0.01559159093157747,-0.01571441817297069
2025-01-29,IOO.AX,161.57447814941406,0.015527904145330007,0.015408579893505405
2025-01-30,IOO.AX,161.80177307128906,0.0014067501531078719,0.0014057616070941407
2025-01-31,IOO.AX,162.5824737548828,0.004825044057148675,0.0048134408411219815
2025-02-03,IOO.AX,160.03285217285156,-0.015682019858273222,-0.015806283581241694
2025-02-04,IOO.AX,159.64744567871094,-0.0024082961023799143,-0.0024112007118151204
2025-02-05,IOO.AX,159.54861450195312,-0.0006190589291150683,-0.0006192506252121299
2025-02-06,IOO.AX,160.5862579345703,0.006503619200055599,0.006482561918423088
2025-02-07,IOO.AX,160.31944274902344,-0.0016615069619193568,-0.00166288879544107
2025-02-10,IOO.AX,160.01309204101562,-0.0019108768266329346,-0.0019127048809184785
2025-02-11,IOO.AX,160.24037170410156,0.0014203816711928496,0.0014193738833296558
2025-02-12,IOO.AX,160.6455535888672,0.002528588023459122,0.002525396523622984
2025-02-13,IOO.AX,161.3076629638672,0.00412155431761585,0.004113083978617945
2025-02-14,IOO.AX,162.3650665283203,0.006555197347877906,0.006533805476146892
2025-02-17,IOO.AX,161.4657745361328,-0.0055387036843337345,-0.005554099177283696
2025-02-18,IOO.AX,162.11801147460938,0.0040394748692120785,0.004031338095437736
2025-02-19,IOO.AX,161.67330932617188,-0.002743076752499851,-0.002746845881786757
2025-02-20,IOO.AX,161.4657745361328,-0.0012836676066323438,-0.001284492213650921
2025-02-21,IOO.AX,160.67520141601562,-0.004896227218358695,-0.004908253008905926
2025-02-24,IOO.AX,159.9735565185547,-0.00436685245313162,-0.004376415002287155
2025-02-25,IOO.AX,158.99520874023438,-0.006115684364414564,-0.00613446175892717
2025-02-26,IOO.AX,159.00509643554688,6.218863694607002e-05,6.218670331295367e-05
2025-02-27,IOO.AX,159.73638916015625,0.004599177894312412,0.004588633992154917
2025-02-28,IOO.AX,158.41217041015625,-0.008290025566261572,-0.008324578926209953
2025-03-03,IOO.AX,160.40838623046875,0.012601404394270599,0.012522667471800038
2025-03-04,IOO.AX,158.31333923339844,-0.01306070740004972,-0.013146748431219836
2025-03-05,IOO.AX,157.1175994873047,-0.0075529942826289,-0.007581662589544541
2025-03-06,IOO.AX,156.11949157714844,-0.006352616851410753,-0.00637288058592094
2025-03-07,IOO.AX,155.3289031982422,-0.005063995346894723,-0.0050768608235192995
2025-03-10,IOO.AX,154.80514526367188,-0.0033719283648185883,-0.0033776261271705244
2025-03-11,IOO.AX,152.11717224121094,-0.017363589678383362,-0.017516104854102914
2025-03-12,IOO.AX,150.7830810546875,-0.00877015505131784,-0.008808839204556327
2025-03-13,IOO.AX,150.03204345703125,-0.004980914253793878,-0.004993360353031349
2025-03-14,IOO.AX,151.04002380371094,0.006718433765573462,0.0066959656669233255
2025-03-17,IOO.AX,151.29696655273438,0.0017011567037181763,0.0016997113755738208
2025-03-18,IOO.AX,151.1586151123047,-0.0009144363141045941,-0.0009148546660477874
2025-03-19,IOO.AX,150.81272888183594,-0.0022882336558307514,-0.00229085566306971
2025-03-20,IOO.AX,152.93739318847656,0.014088096690467955,0.013989781760464073
2025-03-21,IOO.AX,152.8583526611328,-0.0005168162324196146,-0.0005169498279602064
2025-03-24,IOO.AX,154.80514526367188,0.012735925571923712,0.01265550576580726
2025-03-25,IOO.AX,154.81503295898438,6.387187774459235e-05,6.386983802306248e-05
2025-03-26,IOO.AX,155.0522003173828,0.00153194010856339,0.0015307678853464092
2025-03-27,IOO.AX,152.92752075195312,-0.013702995256311024,-0.01379774788811147
2025-03-28,IOO.AX,152.6508331298828,-0.0018092729203339486,-0.0018109116314661622
2025-03-31,IOO.AX,148.93511962890625,-0.024341259230567402,-0.02464240456214723
2025-04-01,IOO.AX,149.92333984375,0.006635239675544913,0.006613323365996924
2025-04-02,IOO.AX,149.96286010742188,0.0002636031435336861,0.0002635684063294691
2025-04-03,IOO.AX,147.3835906982422,-0.017199387950670553,-0.017349015574491443
2025-04-04,IOO.AX,143.98411560058594,-0.023065492444246716,-0.023335663417821718
2025-04-07,IOO.AX,136.47361755371094,-0.05216199033863733,-0.05357166721270108
2025-04-08,IOO.AX,141.32577514648438,0.035553813841446846,0.034936369447100095
2025-04-09,IOO.AX,137.4717254638672,-0.027270677826620515,-0.027649424425517027
2025-04-10,IOO.AX,146.78077697753906,0.06771611749441986,0.06552189761540993
2025-04-11,IOO.AX,145.02174377441406,-0.011984084287782304,-0.012056472343554859
2025-04-14,IOO.AX,145.90126037597656,0.006064722286960089,0.006046405877402474
2025-04-15,IOO.AX,143.22317504882812,-0.018355463964102925,-0.01852601575494585
2025-04-16,IOO.AX,140.861328125,-0.01649067563976936,-0.0166281604046453
2025-04-17,IOO.AX,141.5333251953125,0.0047706285270587845,0.004759285141201295
2025-04-18,IOO.AX,141.5333251953125,0.0,0.0
2025-04-21,IOO.AX,141.5333251953125,0.0,0.0
2025-04-22,IOO.AX,136.82937622070312,-0.03323562820359116,-0.03380048251119435
2025-04-23,IOO.AX,141.90884399414062,0.03712264072039928,0.03645018717306396
2025-04-24,IOO.AX,142.9267120361328,0.007172689265471099,0.007147087877460501
2025-04-25,IOO.AX,142.9267120361328,0.0,0.0
2025-04-28,IOO.AX,146.11866760253906,0.02233281323647396,0.022087087728766767
2025-04-29,IOO.AX,146.1483154296875,0.00020290239183595737,0.0002028818099296826
2025-04-30,IOO.AX,146.2075958251953,0.00040561805542216334,0.0004055358146568624
2025-05-01,IOO.AX,149.41932678222656,0.021966922709482084,0.021729126002836628
2025-05-02,IOO.AX,148.62875366210938,-0.005290969629848652,-0.0053050163788501735
2025-05-05,IOO.AX,147.93699645996094,-0.004654262281718835,-0.004665127085283808
2025-05-06,IOO.AX,147.63064575195312,-0.0020708187629774333,-0.002072965872847676
2025-05-07,IOO.AX,147.07725524902344,-0.00374847986412985,-0.003755523021039338
2025-05-08,IOO.AX,148.5002899169922,0.009675423066328959,0.009628915904252647
2025-05-09,IOO.AX,149.2513427734375,0.005057585118959151,0.005044838495365518
2025-05-12,IOO.AX,150.65460205078125,0.009401987622140728,0.00935806403456964
2025-05-13,IOO.AX,153.5204620361328,0.019022717834969116,0.018844048236401695
2025-05-14,IOO.AX,153.9256134033203,0.002639070791046416,0.0026355945583992073
2025-05-15,IOO.AX,155.15103149414062,0.007961105781722155,0.007929583370730207
2025-05-16,IOO.AX,155.79336547851562,0.004140056164559036,0.004131509712443797
2025-05-19,IOO.AX,155.68466186523438,-0.0006977422494685026,-0.0006979857848817367
2025-05-20,IOO.AX,156.43572998046875,0.004824291013873383,0.004812691413585395
2025-05-21,IOO.AX,155.49691772460938,-0.006001264902695702,-0.0060193448642959346
2025-05-22,IOO.AX,154.54820251464844,-0.006101183379346065,-0.006119871651149872
2025-05-23,IOO.AX,154.4790496826172,-0.0004474515452529415,-0.000447551681567496
2025-05-26,IOO.AX,153.32281494140625,-0.007484734943582705,-0.0075128861295804
2025-05-27,IOO.AX,154.0145721435547,0.004511769513316111,0.004501621991982172
2025-05-28,IOO.AX,156.63336181640625,0.017003518799575845,0.016860577040354433
2025-05-29,IOO.AX,158.51097106933594,0.011987288219801329,0.011916009738756037
2025-05-30,IOO.AX,156.65313720703125,-0.011720538015580262,-0.011789764971024913
2025-06-02,IOO.AX,154.90396118164062,-0.011165917622696142,-0.011228724449084468
2025-06-03,IOO.AX,156.4456024169922,0.009952238945935221,0.009903041562705847
2025-06-04,IOO.AX,157.65122985839844,0.007706368365617333,0.00767682598814778
2025-06-05,IOO.AX,157.0385284423828,-0.0038864360053895153,-0.003894007822423368
2025-06-06,IOO.AX,157.12747192382812,0.0005663799981285855,0.0005662196655140463
2025-06-09,IOO.AX,157.12747192382812,0.0,0.0
2025-06-10,IOO.AX,157.91806030273438,0.005031509571346682,0.005018893826860215
2025-06-11,IOO.AX,158.1453399658203,0.0014392252706894038,0.0014381905786504845
2025-06-12,IOO.AX,158.29356384277344,0.00093726363979596,0.0009368246824884553
2025-06-13,IOO.AX,157.74017333984375,-0.0034959760175679033,-0.0035021012216032827
2025-06-16,IOO.AX,157.79945373535156,0.00037581038648970555,0.0003757397874537556
2025-06-17,IOO.AX,157.4239501953125,-0.0023796250947030195,-0.0023824609021643388
2025-06-18,IOO.AX,157.51287841796875,0.0005648963994735468,0.0005647369055646742
2025-06-19,IOO.AX,157.24606323242188,-0.0016939261616365497,-0.00169536247679414
2025-06-20,IOO.AX,157.35475158691406,0.0006911992087936802,0.0006909604406384667
2025-06-23,IOO.AX,157.9773406982422,0.003956595559075016,0.003948788820163058
2025-06-24,IOO.AX,158.8667449951172,0.00562994852897214,0.00561415960159868
2025-06-25,IOO.AX,159.60791015625,0.004665326032553763,0.00465447712842291
2025-06-26,IOO.AX,160.10202026367188,0.0030957745574022866,0.003090992514223631
2025-06-27,IOO.AX,160.87283325195312,0.004814511316045822,0.0048029586219849344
2025-06-30,IOO.AX,162.276123046875,0.008722975573657532,0.008685150229440277
2025-07-01,IOO.AX,161.2071990966797,-0.006587068572537547,-0.00660885905169266
2025-07-02,IOO.AX,161.59603881835938,0.002412049361681934,0.0024091450399277617
2025-07-03,IOO.AX,162.353759765625,0.004688982185493629,0.004678023152978369
2025-07-04,IOO.AX,163.31089782714844,0.005895385871600212,0.00587807608291693
2025-07-07,IOO.AX,164.57711791992188,0.0077534329283623915,0.007723529537108068
2025-07-08,IOO.AX,163.4504852294922,-0.0068456217040929745,-0.0068691604587980916
2025-07-09,IOO.AX,163.19125366210938,-0.001585994480339692,-0.0015872535009614523
2025-07-10,IOO.AX,164.31788635253906,0.00690375657486153,0.006880034764592523
2025-07-11,IOO.AX,163.61997985839844,-0.004247294738463747,-0.004256340116103835
2025-07-14,IOO.AX,163.26104736328125,-0.0021936959986660343,-0.0021961056744423703
2025-07-15,IOO.AX,165.3348388671875,0.012702304299762046,0.012622306755668222
2025-07-16,IOO.AX,165.6638641357422,0.0019900540673039036,0.0019880765328741663
2025-07-17,IOO.AX,167.50833129882812,0.011133792953028188,0.011072268525885168
2025-07-18,IOO.AX,167.9968719482422,0.0029165155286665634,0.002912270748560688
2025-07-21,IOO.AX,167.6179962158203,-0.0022552546843764842,-0.0022578016012401807
2025-07-22,IOO.AX,167.53823852539062,-0.0004758301150850075,-0.0004759433581586197
2025-07-23,IOO.AX,166.70074462890625,-0.0049988223814197985,-0.005011358287983152
2025-07-24,IOO.AX,167.47840881347656,0.004665031258867414,0.0046541837235228355
2025-07-25,IOO.AX,167.9968719482422,0.003095701341078838,0.0030909195238592235
2025-07-28,IOO.AX,169.78150939941406,0.01062303976541723,0.010567011721297238
2025-07-29,IOO.AX,169.970947265625,0.0011157744260905655,0.0011151524124472219
2025-07-30,IOO.AX,170.12051391601562,0.0008799542086266321,0.0008795672758940793
2025-07-31,IOO.AX,173.18133544921875,0.01799207786730639,0.01783213604235948
2025-08-01,IOO.AX,170.44952392578125,-0.015774283737629125,-0.015900021789432856
2025-08-04,IOO.AX,167.44850158691406,-0.017606516402908334,-0.01776335475754136
2025-08-05,IOO.AX,170.04074096679688,0.015480815625795952,0.01536221030475465
2025-08-06,IOO.AX,168.97393798828125,-0.006273808102988276,-0.006293571140074074
2025-08-07,IOO.AX,170.2999725341797,0.00784756845751211,0.007816936445671259
2025-08-08,IOO.AX,170.17034912109375,-0.0007611475865618722,-0.0007614374064592789
2025-08-11,IOO.AX,171.48641967773438,0.007733841785234397,0.007704088934952546
2025-08-12,IOO.AX,171.74563598632812,0.0015115850519293872,0.0015104437572093807
2025-08-13,IOO.AX,172.38372802734375,0.003715331905530528,0.0037084471075501477
2025-08-14,IOO.AX,172.02479553222656,-0.002082171555428114,-0.002084342288370241
2025-08-15,IOO.AX,174.69680786132812,0.015532716204281094,0.015413318362562295
2025-08-18,IOO.AX,173.67984008789062,-0.005821330028220939,-0.005838340015827923
2025-08-19,IOO.AX,174.1683807373047,0.0028128805805374135,0.0028089318351236002
2025-08-20,IOO.AX,173.59011840820312,-0.0033201338076039866,-0.003325657681910925
2025-08-21,IOO.AX,173.92909240722656,0.0019527263540792816,0.001950822262349446
2025-08-22,IOO.AX,173.50038146972656,-0.0024648604299978283,-0.002467903199497315
2025-08-25,IOO.AX,174.22821044921875,0.00419497048552131,0.004186196127058152
2025-08-26,IOO.AX,173.67984008789062,-0.003147425780901103,-0.003152389343123
2025-08-27,IOO.AX,174.1484375,0.0026980529914826246,0.002694419780107528
2025-08-28,IOO.AX,173.48043823242188,-0.0038358039679691203,-0.0038431795308596266
2025-08-29,IOO.AX,174.42759704589844,0.005459744182843229,0.005444893807882859
2025-09-01,IOO.AX,172.48342895507812,-0.011145989073671259,-0.01120857106990093
2025-09-02,IOO.AX,172.69281005859375,0.0012139201126977195,0.0012131839074137492
2025-09-03,IOO.AX,172.64295959472656,-0.000288665543459965,-0.0002887072153776463
2025-09-04,IOO.AX,173.80946350097656,0.006756741827111501,0.0067340173518976735
2025-09-05,IOO.AX,175.3348846435547,0.008776398660073736,0.008738109935015385
2025-09-08,IOO.AX,173.53030395507812,-0.010292194232455087,-0.010345525106911026
2025-09-09,IOO.AX,173.2810516357422,-0.001436361912905193,-0.0014373944695460776
2025-09-10,IOO.AX,173.9789581298828,0.004027598445141667,0.0040195093829127615
2025-09-11,IOO.AX,174.0786590576172,0.0005730631382443452,0.0005728990002687598
2025-09-12,IOO.AX,173.89918518066406,-0.0010309929885989888,-0.0010315248274497667
2025-09-15,IOO.AX,174.1783447265625,0.0016052953072116516,0.0016040081979761393
2025-09-16,IOO.AX,175.44456481933594,0.007269675772618278,0.007243379048561128
2025-09-17,IOO.AX,174.4874267578125,-0.00545550135741768,-0.005470436950481254
2025-09-18,IOO.AX,175.6140594482422,0.00645681302867418,0.00643605710825349
2025-09-19,IOO.AX,176.60110473632812,0.0056205368248254395,0.00560480054441977
2025-09-22,IOO.AX,177.68785095214844,0.006153677336519836,0.006134820782697386
2025-09-23,IOO.AX,179.3428955078125,0.009314337174969545,0.009271226229624388
2025-09-24,IOO.AX,177.36878967285156,-0.011007438177973117,-0.011068468295667792
2025-09-25,IOO.AX,177.34886169433594,-0.00011235335456916129,-0.00011235966668009841
2025-09-26,IOO.AX,178.25613403320312,0.005115749434190908,0.005102708445432206
2025-09-29,IOO.AX,178.91416931152344,0.003691515480739316,0.0036847185596244098
2025-09-30,IOO.AX,177.8174591064453,-0.006129811905330684,-0.006148676332094879
2025-10-01,IOO.AX,178.12652587890625,0.0017381126353623877,0.0017366038656172994
2025-10-02,IOO.AX,180.19033813476562,0.011586215167427527,0.01151960895869612
2025-10-03,IOO.AX,181.7855682373047,0.008853027965050941,0.008814069676683335
2025-10-06,IOO.AX,181.55625915527344,-0.0012614262191149583,-0.0012622224868605388
2025-10-07,IOO.AX,181.3070068359375,-0.0013728654715383648,-0.001373808714736019
2025-10-08,IOO.AX,181.95506286621094,0.003574357337771561,0.003567984503924765
2025-10-09,IOO.AX,181.6958465576172,-0.0014246171802558827,-0.0014256329121116705
2025-10-10,IOO.AX,182.26412963867188,0.0031276613737809544,0.003122780415621117
2025-10-13,IOO.AX,180.5791778564453,-0.009244560548292702,-0.009287556690270012
2025-10-14,IOO.AX,181.7456817626953,0.006459791876875842,0.00643901684160201
2025-10-15,IOO.AX,181.2272491455078,-0.0028525168364903486,-0.0028565930160675953
2025-10-16,IOO.AX,182.4535675048828,0.006766743771464467,0.006743952119904688
2025-10-17,IOO.AX,181.57618713378906,-0.00480878715112143,-0.00482038656908186
2025-10-20,IOO.AX,183.20132446289062,0.008950167721630375,0.008910352363579784
2025-10-21,IOO.AX,184.15847778320312,0.005224598256146296,0.005210997394800218
2025-10-22,IOO.AX,184.31797790527344,0.0008661025220793039,0.000865727671713545
2025-10-23,IOO.AX,183.69984436035156,-0.0033536259020785497,-0.003359261909659251
2025-10-24,IOO.AX,183.69984436035156,0.0,0.0
2025-10-27,IOO.AX,187.0797119140625,0.018398859103445186,0.01823164797709086
2025-10-28,IOO.AX,187.28909301757812,0.0011192079642061703,0.0011185821178971878
2025-10-29,IOO.AX,188.28610229492188,0.005323370738146371,0.005309251685275013
2025-10-30,IOO.AX,189.73178100585938,0.0076780956922304355,0.007648769134586622
2025-10-31,IOO.AX,191.63607788085938,0.010036783847726438,0.009986749841202982
2025-11-03,IOO.AX,190.0408477783203,-0.008324268165886939,-0.008359108366974356
2025-11-04,IOO.AX,189.57225036621094,-0.0024657720568368457,-0.0024688170793391515
2025-11-05,IOO.AX,188.86436462402344,-0.003734121111185984,-0.0037411103459468716
2025-11-06,IOO.AX,189.4326629638672,0.0030090289450583896,0.0030045108785219346
2025-11-07,IOO.AX,188.25619506835938,-0.006210480690609366,-0.006229845945809419
2025-11-10,IOO.AX,188.43565368652344,0.0009532680616375355,0.0009528139901838309
2025-11-11,IOO.AX,190.24024963378906,0.009576722408741745,0.009531156287765921
2025-11-12,IOO.AX,191.59619140625,0.007127523092884447,0.007102242355112726
2025-11-13,IOO.AX,191.10765075683594,-0.002549845306570764,-0.0025531016988233164
2025-11-14,IOO.AX,188.00694274902344,-0.016224928701351837,-0.016357994138272897
2025-11-17,IOO.AX,189.61212158203125,0.008537869982549573,0.008501628507858997
2025-11-18,IOO.AX,186.9401397705078,-0.01409183014898896,-0.014192062742088046
2025-11-19,IOO.AX,185.5941619873047,-0.007200046950085137,-0.0072260923823180105
2025-11-20,IOO.AX,190.33995056152344,0.025570785866332324,0.025249321858842738
2025-11-21,IOO.AX,186.2821044921875,-0.02131894043980176,-0.021549471388902095
2025-11-24,IOO.AX,187.6779327392578,0.00749308824309991,0.007465154510553524
2025-11-25,IOO.AX,190.1006622314453,0.012908973670087365,0.012826363055403654
2025-11-26,IOO.AX,190.9082489013672,0.004248205453059706,0.0042392073032653
2025-11-27,IOO.AX,190.5692596435547,-0.001775665848716912,-0.001777244212027351
2025-11-28,IOO.AX,190.5792236328125,5.228539627255557e-05,5.22840294388673e-05
2025-12-01,IOO.AX,189.3728485107422,-0.006330045316978672,-0.006350165004465107
2025-12-02,IOO.AX,189.9810333251953,0.003211573460693895,0.0032064273737276707
2025-12-03,IOO.AX,190.33995056152344,0.0018892266772427835,0.0018874443330055735
2025-12-04,IOO.AX,188.9341583251953,-0.007385691927421889,-0.00741310119102157
2025-12-05,IOO.AX,189.19337463378906,0.0013719928195703446,0.0013710524974004487
2025-12-08,IOO.AX,188.32598876953125,-0.004584652427373603,-0.004595194178831169
2025-12-09,IOO.AX,188.28610229492188,-0.00021179485035482948,-0.00021181728205148234
2025-12-10,IOO.AX,187.97702026367188,-0.0016415552049926507,-0.0016429040330574278
2025-12-11,IOO.AX,187.0996551513672,-0.004667406213131886,-0.004678332565250331
2025-12-12,IOO.AX,188.06675720214844,0.005168914127601454,0.005155601147034718
2025-12-15,IOO.AX,186.95010375976562,-0.005937537600983589,-0.00595523486424745
2025-12-16,IOO.AX,185.085693359375,-0.009972770075519333,-0.010022831257533412
2025-12-17,IOO.AX,185.5642547607422,0.002585620707257874,0.0025822837408855217
2025-12-18,IOO.AX,184.6669464111328,-0.00483556680011632,-0.00484729598002022
2025-12-19,IOO.AX,186.03285217285156,0.007396590392943159,0.0073693697623822465
2025-12-22,IOO.AX,187.68789672851562,0.008896517665204051,0.008857176810820997
2025-12-23,IOO.AX,186.74073791503906,-0.005046456537613597,-0.005059232901107033
2025-12-24,IOO.AX,187.0597686767578,0.0017084154495732307,0.0017069577678801972
2025-12-25,IOO.AX,187.0597686767578,0.0,0.0
2025-12-26,IOO.AX,187.0597686767578,0.0,0.0
2025-12-29,IOO.AX,187.6300048828125,0.00304841714543147,0.0030437801431732574
2025-12-30,IOO.AX,187.39999389648438,-0.001225875288292988,-0.0012266272880389721
2025-12-31,IOO.AX,188.05999755859375,0.003521897991490608,0.0035157106320029695
2026-01-01,IOO.AX,188.05999755859375,0.0,0.0
2026-01-02,IOO.AX,187.91000366210938,-0.0007975853367627739,-0.0007979035771746592
2026-01-05,IOO.AX,188.67999267578125,0.004097647803021909,0.004089275308160233
2026-01-06,IOO.AX,187.85000610351562,-0.004398911408120654,-0.004408615086445983
2026-01-07,IOO.AX,186.89999389648438,-0.005057291329060409,-0.005070122706477845
2026-01-08,IOO.AX,188.3000030517578,0.00749068593361657,0.0074627700650665395
2026-01-09,IOO.AX,188.17999267578125,-0.000637336027783153,-0.0006375392127252842
2026-01-12,IOO.AX,188.4499969482422,0.0014348192314266317,0.0014337908618786048
2026-01-13,IOO.AX,189.5,0.005571785984407329,0.0055563210033288775
2026-01-14,IOO.AX,189.97999572753906,0.002532958984375,0.00252975645055132
2026-01-15,IOO.AX,189.7899932861328,-0.0010001181475903786,-0.0010006185994467618
2026-01-16,IOO.AX,189.60000610351562,-0.0010010389869752334,-0.0010015403611265976
2026-01-19,IOO.AX,187.60000610351562,-0.01054852286717789,-0.010604552905603783
2026-01-20,IOO.AX,185.88999938964844,-0.009115174084395439,-0.009156971471204386
2026-01-21,IOO.AX,184.22999572753906,-0.008930032102640428,-0.008970143817141348
2026-01-22,IOO.AX,184.13999938964844,-0.0004884999184591177,-0.0004886192734157921
2026-01-23,IOO.AX,183.47999572753906,-0.0035842492901978495,-0.0035906881018266034
2026-01-26,IOO.AX,183.47999572753906,0.0,0.0
2026-01-27,IOO.AX,184.0,0.00283411971097447,0.002830111165718429
2026-01-28,IOO.AX,184.1199951171875,0.000652147376019041,0.0006519348203257548
2026-01-29,IOO.AX,180.61000061035156,-0.019063624809472324,-0.01924767861434958
2026-01-30,IOO.AX,181.36000061035156,0.00415259397301071,0.004143995749726239
2026-02-02,IOO.AX,181.39999389648438,0.000220518780316592,0.00022049446962426632
2026-02-03,IOO.AX,183.50999450683594,0.011631756788016423,0.011564627954402816
2026-02-04,IOO.AX,181.11000061035156,-0.013078273490956804,-0.01316454714221062
2026-02-05,IOO.AX,181.5500030517578,0.002429476229492744,0.0024265298233022087
2026-02-06,IOO.AX,178.5500030517578,-0.016524373173074203,-0.016662423537454528
2026-02-09,IOO.AX,181.36000061035156,0.015737874604119684,0.015615318432335911
2026-02-10,IOO.AX,181.0,-0.0019850055642920417,-0.001986978298862204
2026-02-11,IOO.AX,179.72999572753906,-0.0070165981903919095,-0.007041330273434213
2026-02-12,IOO.AX,179.30999755859375,-0.0023368284589624366,-0.0023395631036801402
2026-02-13,IOO.AX,176.9600067138672,-0.013105743554308269,-0.01319238161471511
2026-02-16,IOO.AX,176.0500030517578,-0.005142425562747577,-0.0051556933383265155
2026-02-17,IOO.AX,175.52000427246094,-0.0030105013922724355,-0.0030150420670172376
2026-02-18,IOO.AX,177.4600067138672,0.011052885108154165,0.010992248371667984
2026-02-19,IOO.AX,178.6999969482422,0.006987434844259566,0.006963135847513717
2026-02-20,IOO.AX,178.86000061035156,0.0008953758525005462,0.0008949752426550128
2026-02-23,IOO.AX,177.8699951171875,-0.005535086043753301,-0.0055504613946834635
2026-02-24,IOO.AX,179.10000610351562,0.006915224715207113,0.0068914242096739875
2026-02-25,IOO.AX,178.85000610351562,-0.0013958681824695063,-0.0013968433140032765
2026-02-26,IOO.AX,179.86000061035156,0.005647159476479757,0.0056312740483743465
2026-02-27,IOO.AX,177.8000030517578,-0.011453338994791395,-0.011519433636054498
2026-03-02,IOO.AX,176.38999938964844,-0.007930279178335664,-0.007961891080649475
2026-03-03,IOO.AX,175.0,-0.007880261888191908,-0.007911475239632726
2026-03-04,IOO.AX,175.58999633789062,0.0033714076450892527,0.003365737191700233
2026-03-05,IOO.AX,176.39999389648438,0.0046130051568260555,0.00460239785704734
2026-03-06,IOO.AX,176.35000610351562,-0.0002833775209657441,-0.0002834176799623889
2026-03-09,IOO.AX,171.07000732421875,-0.029940451355570552,-0.03039781901393737
2026-03-10,IOO.AX,175.0,0.022973008169298703,0.02271310164515222
2026-03-11,IOO.AX,173.4600067138672,-0.008799961635044595,-0.008838909961640738
2026-03-12,IOO.AX,172.25,-0.006975710060147522,-0.007000154068105273
2026-03-13,IOO.AX,173.08999633789062,0.00487661154072927,0.004864759387283571
2024-03-14,IVV.AX,51.04552459716797,-0.00019164899050294615,-0.0001916673575174439
2024-03-15,IVV.AX,51.18246078491211,0.0026826286696981505,0.002679036843664756
2024-03-18,IVV.AX,51.03573989868164,-0.0028666243080230913,-0.002870740944600665
2024-03-19,IVV.AX,51.47587585449219,0.008624073182525116,0.008587098294080286
2024-03-20,IVV.AX,51.73017883300781,0.004940236067754622,0.004928073143581628
2024-03-21,IVV.AX,51.720401763916016,-0.00018900126217147317,-0.00018901912516081153
2024-03-22,IVV.AX,52.44416809082031,0.013993826463452708,0.013896816850115148
2024-03-25,IVV.AX,52.287681579589844,-0.0029838686917385004,-0.002988329303386133
2024-03-26,IVV.AX,52.16053009033203,-0.002431767586869693,-0.0024347291358413794
2024-03-27,IVV.AX,52.24855422973633,0.0016875622094303377,0.0016861398762839353
2024-03-28,IVV.AX,52.47391891479492,0.004313319064632282,0.004304043367085672
2024-03-29,IVV.AX,52.47391891479492,0.0,0.0
2024-04-01,IVV.AX,52.47391891479492,0.0,0.0
2024-04-02,IVV.AX,52.65043640136719,0.0033639089708334957,0.00335826368565915
2024-04-03,IVV.AX,52.0816650390625,-0.010802785336265885,-0.010861559085166343
2024-04-04,IVV.AX,51.816890716552734,-0.005083829833611886,-0.005096796461923815
2024-04-05,IVV.AX,51.1990852355957,-0.011922858983116735,-0.01199450632988291
2024-04-08,IVV.AX,51.561927795410156,0.0070868953643372645,0.00706190133860485
2024-04-09,IVV.AX,51.434444427490234,-0.002472432148498349,-0.002475493656150523
2024-04-10,IVV.AX,51.4050178527832,-0.0005721180627996647,-0.0005722817847870712
2024-04-11,IVV.AX,51.689414978027344,0.00553247790047684,0.005517229958034625
2024-04-12,IVV.AX,52.04243850708008,0.006829706414800851,0.006806489619264185
2024-04-15,IVV.AX,51.77766418457031,-0.005087661725799886,-0.0051006479417591375
2024-04-16,IVV.AX,51.385414123535156,-0.007575661575557224,-0.00760450265219768
2024-04-17,IVV.AX,51.346187591552734,-0.0007633787262688596,-0.0007636702481792444
2024-04-18,IVV.AX,51.032379150390625,-0.006111621054680549,-0.006130373454721063
2024-04-19,IVV.AX,50.75780487060547,-0.005380393474817113,-0.005394919920547792
2024-04-22,IVV.AX,50.62051010131836,-0.0027048996629603916,-0.002708564514248886
2024-04-23,IVV.AX,50.689151763916016,0.001356004956494239,0.001355086412046672
2024-04-24,IVV.AX,51.032379150390625,0.006771219768545,0.006748398022749918
2024-04-25,IVV.AX,51.032379150390625,0.0,0.0
2024-04-26,IVV.AX,50.89509201049805,-0.0026901967374085567,-0.0026938218195672807
2024-04-29,IVV.AX,50.855865478515625,-0.0007707330988679928,-0.0007710302663238453
2024-04-30,IVV.AX,51.208900451660156,0.00694187326914486,0.006917889398257601
2024-05-01,IVV.AX,50.738189697265625,-0.009191971517507391,-0.009234478369389901
2024-05-02,IVV.AX,50.394962310791016,-0.006764675454968172,-0.0067876595840665735
2024-05-03,IVV.AX,50.444000244140625,0.0009730721306464574,0.0009725990028608364
2024-05-06,IVV.AX,50.65974044799805,0.004276825842781662,0.00426770621592802
2024-05-07,IVV.AX,51.355987548828125,0.0137435978683067,0.01365001113117582
2024-05-08,IVV.AX,51.50308609008789,0.002864291941030439,0.002860197673124489
2024-05-09,IVV.AX,51.50308609008789,0.0,0.0
2024-05-10,IVV.AX,51.59134292602539,0.0017136222824225555,0.0017121557069577078
2024-05-13,IVV.AX,51.80708312988281,0.004181713280206001,0.004172994215860254
2024-05-14,IVV.AX,51.71883010864258,-0.0017034933431588906,-0.0017049459378352862
2024-05-15,IVV.AX,51.65998840332031,-0.0011377230536472327,-0.0011383707518346782
2024-05-16,IVV.AX,52.022823333740234,0.007023519393523525,0.006998969365888474
2024-05-17,IVV.AX,51.92476272583008,-0.0018849535958683772,-0.0018867323565033016
2024-05-20,IVV.AX,51.797279357910156,-0.002455155521712271,-0.002458174358184456
2024-05-21,IVV.AX,52.150306701660156,0.006815557653340187,0.006792436735458512
2024-05-22,IVV.AX,52.189537048339844,0.0007522553396304144,0.0007519725373998512
2024-05-23,IVV.AX,52.71907424926758,0.010146424568534762,0.010095295165665834
2024-05-24,IVV.AX,52.23856735229492,-0.009114479034679435,-0.009156270027954822
2024-05-27,IVV.AX,52.287593841552734,0.0009385113670361545,0.0009380712405973774
2024-05-28,IVV.AX,52.111080169677734,-0.003375823190676752,-0.0033815341381723514
2024-05-29,IVV.AX,52.00321578979492,-0.002069893380286847,-0.002072038570310652
2024-05-30,IVV.AX,51.94437789916992,-0.0011314279267427008,-0.0011320684745207525
2024-05-31,IVV.AX,51.54231643676758,-0.007740230582466312,-0.0077703416455528525
2024-06-03,IVV.AX,52.16011047363281,0.011986151953863988,0.01191488693159386
2024-06-04,IVV.AX,51.875736236572266,-0.00545194851924824,-0.005466864629857737
2024-06-05,IVV.AX,52.0816650390625,0.0039696555158490465,0.003961797223003774
2024-06-06,IVV.AX,52.611209869384766,0.01016758642269,0.010116244239959122
2024-06-07,IVV.AX,52.57197952270508,-0.0007456651686414961,-0.0007459433151914167
2024-06-10,IVV.AX,52.57197952270508,0.0,0.0
2024-06-11,IVV.AX,53.06230163574219,0.009326681579972629,0.009283456640964045
2024-06-12,IVV.AX,53.17997360229492,0.0022176189672382662,0.0022151636795546725
2024-06-13,IVV.AX,53.493778228759766,0.005900804479739286,0.005883462918984196
2024-06-14,IVV.AX,53.70952224731445,0.004033067502394072,0.004024956486523885
2024-06-17,IVV.AX,53.85661315917969,0.00273863750245118,0.002734894267451329
2024-06-18,IVV.AX,54.1115837097168,0.004734247766073008,0.004723076459730601
2024-06-19,IVV.AX,53.89584732055664,-0.003986879968575274,-0.0039948487619843815
2024-06-20,IVV.AX,54.07235336303711,0.0032749469811776954,0.0032695960218688176
2024-06-21,IVV.AX,53.82719802856445,-0.0045338388145732544,-0.004544147833191964
2024-06-24,IVV.AX,53.89584732055664,0.0012753643976741724,0.0012745518113231676
2024-06-25,IVV.AX,53.60165023803711,-0.005458622456934958,-0.005473575175486668
2024-06-26,IVV.AX,53.62126922607422,0.00036601462734786594,0.0003659476603342557
2024-06-27,IVV.AX,53.68010711669922,0.0010972864214930933,0.0010966848427769178
2024-06-28,IVV.AX,54.35674285888672,0.01260496259287458,0.012526181383924735
2024-07-01,IVV.AX,53.77730178833008,-0.010659966732386894,-0.010717191215138757
2024-07-02,IVV.AX,53.87561798095703,0.001828209846115536,0.001826540704545886
2024-07-03,IVV.AX,54.01325225830078,0.0025546672595457842,0.00255140964404521
2024-07-04,IVV.AX,53.944435119628906,-0.0012740787824213617,-0.0012748911108468512
2024-07-05,IVV.AX,53.87561798095703,-0.0012757041299860106,-0.0012765185331983521
2024-07-08,IVV.AX,53.934608459472656,0.0010949383176723781,0.0010943393099237752
2024-07-09,IVV.AX,54.209877014160156,0.005103746231778894,0.005090766264552918
2024-07-10,IVV.AX,54.180381774902344,-0.0005440934545951626,-0.000544241527151471
2024-07-11,IVV.AX,54.54414367675781,0.006713904367945389,0.0066914664865512855
2024-07-12,IVV.AX,54.08207702636719,-0.008471425514147701,-0.008507511986371397
2024-07-15,IVV.AX,54.39668273925781,0.005817189911867526,0.005800335394994239
2024-07-16,IVV.AX,54.809593200683594,0.007590728710517247,0.007562064094832122
2024-07-17,IVV.AX,54.94723129272461,0.0025112044079045326,0.0025080566028686485
2024-07-18,IVV.AX,54.47532653808594,-0.008588326354874165,-0.008625418555641024
2024-07-19,IVV.AX,54.34751892089844,-0.0023461560546708116,-0.0023489125911410782
2024-07-22,IVV.AX,54.259037017822266,-0.001628076218253005,-0.0016294029745750468
2024-07-23,IVV.AX,54.84891891479492,0.010871588022819179,0.010812917157045396
2024-07-24,IVV.AX,54.888248443603516,0.0007170520328703134,0.000716795073889361
2024-07-25,IVV.AX,54.298362731933594,-0.010747031074894275,-0.010805197533231552
2024-07-26,IVV.AX,54.229549407958984,-0.0012673185803839804,-0.001268122307700211
2024-07-29,IVV.AX,54.79975509643555,0.010514667643409803,0.010459772989652156
2024-07-30,IVV.AX,54.61296844482422,-0.0034085307732237835,-0.003414353048273737
2024-07-31,IVV.AX,55.212677001953125,0.010981065014526559,0.010921210896106854
2024-08-01,IVV.AX,55.68457794189453,0.008546967210532275,0.00851064868174065
2024-08-02,IVV.AX,54.298362731933594,-0.024894059741413788,-0.025209157211525824
2024-08-05,IVV.AX,53.23657989501953,-0.019554601345090128,-0.019748322142723183
2024-08-06,IVV.AX,52.86299514770508,-0.007017444547548823,-0.007042182611465305
2024-08-07,IVV.AX,52.79417419433594,-0.0013018738945238528,-0.001302722068566156
2024-08-08,IVV.AX,51.96834182739258,-0.015642490474487958,-0.01576612522706088
2024-08-09,IVV.AX,52.853153228759766,0.017025969470143787,0.016882652109273866
2024-08-12,IVV.AX,53.18742370605469,0.00632451342776319,0.006304597620466571
2024-08-13,IVV.AX,53.24640655517578,0.001108962326264784,0.0011083478817661585
2024-08-14,IVV.AX,53.73797607421875,0.009231975467369535,0.009189621257640463
2024-08-15,IVV.AX,54.07224655151367,0.006220377128332011,0.006201110438627518
2024-08-16,IVV.AX,54.976722717285156,0.016727179347168608,0.01658882084927198
2024-08-19,IVV.AX,54.47532653808594,-0.009120154029144678,-0.009161997239218012
2024-08-20,IVV.AX,54.72111129760742,0.004511854726554798,0.004501706822481583
2024-08-21,IVV.AX,54.494991302490234,-0.004132225931732347,-0.004140787170094604
2024-08-22,IVV.AX,54.66212463378906,0.0030669484902035027,0.003062254997700567
2024-08-23,IVV.AX,54.59330368041992,-0.0012590244859710387,-0.0012598177231724513
2024-08-26,IVV.AX,54.514652252197266,-0.0014406790379103418,-0.001441717813770422
2024-08-27,IVV.AX,54.28853225708008,-0.004147875585284955,-0.0041565018833581
2024-08-28,IVV.AX,54.34751892089844,0.0010865400364672428,0.001085950179072272
2024-08-29,IVV.AX,53.787132263183594,-0.010311172779211342,-0.01036470119970672
2024-08-30,IVV.AX,54.05257797241211,0.004935115483191588,0.004922977718575203
2024-09-02,IVV.AX,54.61296844482422,0.010367506850424979,0.010314132837937915
2024-09-03,IVV.AX,54.9177360534668,0.005580498869064199,0.0055649855731106325
2024-09-04,IVV.AX,53.855953216552734,-0.019334060600756264,-0.019523408094260862
2024-09-05,IVV.AX,53.855953216552734,0.0,0.0
2024-09-06,IVV.AX,53.5806770324707,-0.005111341785654755,-0.005124449377076313
2024-09-09,IVV.AX,53.46270751953125,-0.002201717474901721,-0.0022041448183588433
2024-09-10,IVV.AX,53.74781036376953,0.005332742344448693,0.005318573623762069
2024-09-11,IVV.AX,53.9640998840332,0.004024155008358621,0.004016079753395368
2024-09-12,IVV.AX,54.60313415527344,0.011841840642454748,0.011772274701521193
2024-09-13,IVV.AX,54.68178176879883,0.0014403498030304274,0.0014393134942316495
2024-09-16,IVV.AX,54.878414154052734,0.003595939614500665,0.003589489681400445
2024-09-17,IVV.AX,54.770267486572266,-0.0019706594869319805,-0.001972603791132969
2024-09-18,IVV.AX,54.78010177612305,0.00017955525875779088,0.00017953914064168324
2024-09-19,IVV.AX,54.809593200683594,0.0005383601637154456,0.0005382152998727905
2024-09-20,IVV.AX,54.957061767578125,0.002690561237237876,0.0026869481567108186
2024-09-23,IVV.AX,54.976722717285156,0.0003577511074042139,0.00035768712973505596
2024-09-24,IVV.AX,54.957061767578125,-0.0003576231673200203,-0.0003576871297350045
2024-09-25,IVV.AX,54.573638916015625,-0.0069767713052792946,-0.007001222768749961
2024-09-26,IVV.AX,55.09469985961914,0.009547850463213381,0.009502557809080414
2024-09-27,IVV.AX,54.878414154052734,-0.003925708028494568,-0.00393343384642259
2024-09-30,IVV.AX,54.30820083618164,-0.01039048461332015,-0.010444842563384897
2024-10-01,IVV.AX,54.52448272705078,0.003982490444151221,0.003974581320800301
2024-10-02,IVV.AX,54.31802749633789,-0.0037864683970759705,-0.003793655216048301
2024-10-03,IVV.AX,54.50304412841797,0.003406173615059016,0.0034003857449807716
2024-10-04,IVV.AX,54.660850524902344,0.002895368488273098,0.0028911849821807436
2024-10-07,IVV.AX,55.440032958984375,0.014254853823159053,0.014154208720929096
2024-10-08,IVV.AX,55.5682487487793,0.0023126932462282923,0.00231002308724937
2024-10-09,IVV.AX,55.87400436401367,0.005502343912558327,0.005487261319407472
2024-10-10,IVV.AX,56.47564697265625,0.010767844823201367,0.010710284414506506
2024-10-11,IVV.AX,56.34743118286133,-0.0022702845680899753,-0.0022728655712477394
2024-10-14,IVV.AX,56.66305160522461,0.005601327615788021,0.005585698515570909
2024-10-15,IVV.AX,57.4224967956543,0.013402828984940607,0.013313805633574004
2024-10-16,IVV.AX,57.16605758666992,-0.004465831743557747,-0.004475833358265664
2024-10-17,IVV.AX,57.24496078491211,0.0013802455788132217,0.0013792939154697388
2024-10-18,IVV.AX,57.254825592041016,0.0001723262099169176,0.00017231136346120324
2024-10-21,IVV.AX,57.452083587646484,0.0034452641077102886,0.003439342781781237
2024-10-22,IVV.AX,57.3830451965332,-0.0012016690571015065,-0.0012023916402914825
2024-10-23,IVV.AX,57.5309944152832,0.0025782740919950697,0.002574956045347125
2024-10-24,IVV.AX,57.4224967956543,-0.001885898561838184,-0.001887679107502132
2024-10-25,IVV.AX,57.600032806396484,0.003091750109264213,0.003086980478370953
2024-10-28,IVV.AX,58.20167541503906,0.010445178228713825,0.010391004265854603
2024-10-29,IVV.AX,58.241127014160156,0.000677843014651458,0.0006776133828388894
2024-10-30,IVV.AX,58.65538024902344,0.007112726969767724,0.007087550837438478
2024-10-31,IVV.AX,57.92551040649414,-0.012443357104337416,-0.012521423957534096
2024-11-01,IVV.AX,57.146331787109375,-0.013451389792111579,-0.013542679307319618
2024-11-04,IVV.AX,57.11674118041992,-0.0005178041313252946,-0.0005179382381805573
2024-11-05,IVV.AX,56.949073791503906,-0.002935520925229085,-0.0029398380174600314
2024-11-06,IVV.AX,58.704689025878906,0.03082781013792224,0.03036217861134423
2024-11-07,IVV.AX,58.91181564331055,0.003528280634283343,0.003522070854443573
2024-11-08,IVV.AX,59.02030944824219,0.0018416306431383589,0.0018399369205809055
2024-11-11,IVV.AX,59.88825607299805,0.01470589756085583,0.014598814408662664
2024-11-12,IVV.AX,60.14468765258789,0.004281834142528362,0.004272693174831922
2024-11-13,IVV.AX,60.10523986816406,-0.0006558814412951364,-0.00065609662562307
2024-11-14,IVV.AX,60.81537628173828,0.011814883613006977,0.01174563280210588
2024-11-15,IVV.AX,60.341949462890625,-0.007784656575245408,-0.007815115190455501
2024-11-18,IVV.AX,59.89811706542969,-0.00735528767982363,-0.0073824711852759
2024-11-19,IVV.AX,59.69099044799805,-0.003457982113283853,-0.0034639747523792994
2024-11-20,IVV.AX,59.70085144042969,0.0001652006836816433,0.00016518703955135795
2024-11-21,IVV.AX,59.58250045776367,-0.0019824002474087,-0.0019843678035316877
2024-11-22,IVV.AX,60.17427444458008,0.009932009940333053,0.00988301169652515
2024-11-25,IVV.AX,60.41099548339844,0.00393392427251249,0.003926206626224127
2024-11-26,IVV.AX,60.657569885253906,0.004081614611419981,0.0040733074193344205
2024-11-27,IVV.AX,61.15071487426758,0.00812998262123843,0.00809711234884302
2024-11-28,IVV.AX,60.85483169555664,-0.00483858903889034,-0.004850332908654683
2024-11-29,IVV.AX,60.73647689819336,-0.001944870999814552,-0.0019467647171731862
2024-12-02,IVV.AX,61.03236389160156,0.0048716522346887725,0.004859824136307222
2024-12-03,IVV.AX,61.505794525146484,0.007757042384689106,0.0077271112166586615
2024-12-04,IVV.AX,61.91017150878906,0.006574616046578274,0.006553097524351402
2024-12-05,IVV.AX,62.20606231689453,0.004779356944011326,0.004767972078093338
2024-12-06,IVV.AX,62.176475524902344,-0.00047562554018387715,-0.00047573868588919523
2024-12-09,IVV.AX,62.71894454956055,0.008724666685890448,0.008686826716301688
2024-12-10,IVV.AX,62.34414291381836,-0.005975891948341361,-0.005993819046578942
2024-12-11,IVV.AX,62.37373352050781,0.0004746333064575836,0.00047452070369838854
2024-12-12,IVV.AX,62.363868713378906,-0.00015815643175609573,-0.00015816893980338478
2024-12-13,IVV.AX,62.64990234375,0.00458652800527326,0.004576041936575212
2024-12-16,IVV.AX,62.462501525878906,-0.0029912387866600776,-0.0029957214828411154
2024-12-17,IVV.AX,62.857017517089844,0.006316045332374065,0.006296182709664622
2024-12-18,IVV.AX,63.10359573364258,0.003922843085669703,0.0039151688001968455
2024-12-19,IVV.AX,62.1567497253418,-0.015004628457265357,-0.015118336762474378
2024-12-20,IVV.AX,61.83126449584961,-0.0052365226774314655,-0.005250281314937253
2024-12-23,IVV.AX,62.69921112060547,0.014037342303004685,0.013939731219705556
2024-12-24,IVV.AX,63.10359573364258,0.006449596507031918,0.006428886857706215
2024-12-25,IVV.AX,63.10359573364258,0.0,0.0
2024-12-26,IVV.AX,63.10359573364258,0.0,0.0
2024-12-27,IVV.AX,63.8643913269043,0.012056295436364772,0.01198419721964568
2024-12-30,IVV.AX,62.92462921142578,-0.01471496237501324,-0.014824301372393591
2024-12-31,IVV.AX,62.55862045288086,-0.005816621617509066,-0.005833604046625756
2025-01-01,IVV.AX,62.55862045288086,0.0,0.0
2025-01-02,IVV.AX,62.56850814819336,0.0001580548810207194,0.00015804239166399735
2025-01-03,IVV.AX,62.25196075439453,-0.005059212744038644,-0.005072053889868398
2025-01-06,IVV.AX,62.845489501953125,0.00953429804243866,0.009489133470912743
2025-01-07,IVV.AX,62.78614044189453,-0.0009443646716563725,-0.0009448108649077892
2025-01-08,IVV.AX,62.598182678222656,-0.0029936186927402852,-0.002998108531995818
2025-01-09,IVV.AX,62.68721389770508,0.001422265242748022,0.0014212547815201104
2025-01-10,IVV.AX,62.726783752441406,0.0006312268846546676,0.0006310277447619416
2025-01-13,IVV.AX,62.27174377441406,-0.007254317068498439,-0.007280757576049498
2025-01-14,IVV.AX,62.28163528442383,0.00015884427527201872,0.00015883166085592623
2025-01-15,IVV.AX,62.14314270019531,-0.0022236504163074544,-0.00222612639805395
2025-01-16,IVV.AX,63.19172668457031,0.016873687728247155,0.016732908495676973
2025-01-17,IVV.AX,63.16204071044922,-0.0004697762773483438,-0.0004698866567941739
2025-01-20,IVV.AX,63.557735443115234,0.006264755353297957,0.006245213348265828
2025-01-21,IVV.AX,63.310428619384766,-0.0038910578233519733,-0.0038986476836317912
2025-01-22,IVV.AX,63.78526306152344,0.00750009836441512,0.007472112470870046
2025-01-23,IVV.AX,63.83472442626953,0.0007754356158786724,0.0007751351210143985
2025-01-24,IVV.AX,63.74569320678711,-0.001394714558300536,-0.001395688077943401
2025-01-27,IVV.AX,63.74569320678711,0.0,0.0
2025-01-28,IVV.AX,63.349998474121094,-0.00620739555505978,-0.00622674153516624
2025-01-29,IVV.AX,64.06224822998047,0.011243090339620565,0.01118035657574543
2025-01-30,IVV.AX,64.1512680053711,0.001389582442861581,0.0013886178666475432
2025-01-31,IVV.AX,64.368896484375,0.003392426771450241,0.0033866854727099592
2025-02-03,IVV.AX,63.706119537353516,-0.010296540460070891,-0.010349916541568376
2025-02-04,IVV.AX,63.76546859741211,0.0009316068925497856,0.0009311732161716979
2025-02-05,IVV.AX,63.36977767944336,-0.00620541065050384,-0.006224744234557604
2025-02-06,IVV.AX,63.874290466308594,0.007961410081274378,0.007929885266809872
2025-02-07,IVV.AX,63.72590637207031,-0.0023230644623214447,-0.002325766962769244
2025-02-10,IVV.AX,63.48849105834961,-0.003725569822962238,-0.0037325270433307177
2025-02-11,IVV.AX,63.577518463134766,0.0014022605247199227,0.0014012782755692468
2025-02-12,IVV.AX,63.52805709838867,-0.0007779694134298909,-0.0007782721886774464
2025-02-13,IVV.AX,63.48849105834961,-0.0006228120588952502,-0.0006230060868917694
2025-02-14,IVV.AX,63.85450744628906,0.00576508248720331,0.005748527994033476
2025-02-17,IVV.AX,63.36977767944336,-0.007591159750992227,-0.007620119254743266
2025-02-18,IVV.AX,63.567630767822266,0.0031221995030461525,0.0031173355596823575
2025-02-19,IVV.AX,63.53795623779297,-0.0004668182480747074,-0.0004669272416345168
2025-02-20,IVV.AX,63.45881652832031,-0.0012455501271786407,-0.0012463264694540677
2025-02-21,IVV.AX,63.01366424560547,-0.007014821691737394,-0.0070395412233230465
2025-02-24,IVV.AX,62.45969772338867,-0.008791212649650548,-0.008830083340935045
2025-02-25,IVV.AX,62.222286224365234,-0.003801035030218114,-0.0038082773218295687
2025-02-26,IVV.AX,62.27174377441406,0.0007948526653374088,0.0007945369372514084
2025-02-27,IVV.AX,62.5289421081543,0.004130257451468777,0.004121751351705303
2025-02-28,IVV.AX,62.29153060913086,-0.003796825774099899,-0.003804052014061208
2025-03-03,IVV.AX,63.211509704589844,0.014768927436246582,0.014660928877523944
2025-03-04,IVV.AX,62.380558013916016,-0.013145575774999863,-0.013232743613268509
2025-03-05,IVV.AX,61.36165237426758,-0.01633370511724397,-0.01646857066459052
2025-03-06,IVV.AX,60.72854995727539,-0.010317558157180273,-0.010371153125193116
2025-03-07,IVV.AX,60.21415328979492,-0.008470425653870572,-0.00850650358399276
2025-03-10,IVV.AX,60.055877685546875,-0.0026285448785821064,-0.0026320055683873504
2025-03-11,IVV.AX,59.16557693481445,-0.014824539829291106,-0.014935521520692328
2025-03-12,IVV.AX,58.58193588256836,-0.00986453749769256,-0.009913514403571367
2025-03-13,IVV.AX,58.29505157470703,-0.004897146254033147,-0.0049091765669548254
2025-03-14,IVV.AX,58.34451675415039,0.0008485313608475042,0.0008481715616318932
2025-03-17,IVV.AX,58.48300552368164,0.0023736381280661245,0.0023708254989811125
2025-03-18,IVV.AX,58.532466888427734,0.0008457391049450091,0.0008453816691456174
2025-03-19,IVV.AX,58.32473373413086,-0.0035490244190945486,-0.0035553371467002336
2025-03-20,IVV.AX,59.3238525390625,0.017130276316151827,0.016985207501776806
2025-03-21,IVV.AX,59.36341857910156,0.0006669499424873937,0.0006667276302164474
2025-03-24,IVV.AX,59.96684265136719,0.01016491446599499,0.010113599173670442
2025-03-25,IVV.AX,60.392208099365234,0.00709334407467499,0.007068304648707369
2025-03-26,IVV.AX,60.42189025878906,0.0004914898851684502,0.0004913691435753999
2025-03-27,IVV.AX,59.75910949707031,-0.010969215939455657,-0.011029821392331914
2025-03-28,IVV.AX,59.80907440185547,0.0008361052432952487,0.0008357559020168041
2025-03-31,IVV.AX,58.241939544677734,-0.026202292425530627,-0.02655168933933744
2025-04-01,IVV.AX,58.94615936279297,0.012091283765971239,0.01201876814715062
2025-04-02,IVV.AX,58.95607376098633,0.00016819413343527323,0.00016817999038784171
2025-04-03,IVV.AX,58.07331848144531,-0.014973101552179235,-0.015086330114053127
2025-04-04,IVV.AX,56.575618743896484,-0.025789808068697684,-0.026128195817465782
2025-04-07,IVV.AX,53.71906661987305,-0.0504908684596862,-0.05181013156665366
2025-04-08,IVV.AX,55.86147689819336,0.039881748011007634,0.03910700285294055
2025-04-09,IVV.AX,54.10588836669922,-0.031427535199143986,-0.03193197725019023
2025-04-10,IVV.AX,57.91462326049805,0.07039409219169213,0.06802689112369235
2025-04-11,IVV.AX,56.853336334228516,-0.0183250251235495,-0.018495008228777355
2025-04-14,IVV.AX,56.73431396484375,-0.002093498412917394,-0.002095692843946665
2025-04-15,IVV.AX,56.089603424072266,-0.011363679151403683,-0.011428739103204426
2025-04-16,IVV.AX,55.34571075439453,-0.013262576739105136,-0.013351310138957581
2025-04-17,IVV.AX,55.48456573486328,0.0025088661537826518,0.0025057242031523434
2025-04-18,IVV.AX,55.48456573486328,0.0,0.0
2025-04-21,IVV.AX,55.48456573486328,0.0,0.0
2025-04-22,IVV.AX,53.1834602355957,-0.04147289374604757,-0.042357437027810835
2025-04-23,IVV.AX,55.34571075439453,0.04065644674529145,0.039851712824658325
2025-04-24,IVV.AX,55.68294143676758,0.006093167433869562,0.006074679152632693
2025-04-25,IVV.AX,55.68294143676758,0.0,0.0
2025-04-28,IVV.AX,56.744232177734375,0.019059530864977248,0.018880173402631484
2025-04-29,IVV.AX,56.89301300048828,0.0026219549907362527,0.0026185236632982503
2025-04-30,IVV.AX,57.0715446472168,0.0031380241142613396,0.003133110792654861
2025-05-01,IVV.AX,57.98405456542969,0.01598887718658215,0.01586240144536236
2025-05-02,IVV.AX,58.02373123168945,0.0006842685727503905,0.000684034567752656
2025-05-05,IVV.AX,57.60715103149414,-0.0071794796948149164,-0.0072053761824732296
2025-05-06,IVV.AX,57.626983642578125,0.00034427342315779264,0.0003442141746609114
2025-05-07,IVV.AX,57.40877914428711,-0.0037864986938132006,-0.003793685627939657
2025-05-08,IVV.AX,58.152671813964844,0.012957820750866045,0.012874586443952857
2025-05-09,IVV.AX,58.47998809814453,0.005628568283617241,0.005612787082508408
2025-05-12,IVV.AX,58.916404724121094,0.007462666121685002,0.00743495819348669
2025-05-13,IVV.AX,60.136390686035156,0.020707067371587007,0.020495590447223298
2025-05-14,IVV.AX,60.136390686035156,0.0,0.0
2025-05-15,IVV.AX,60.35459899902344,0.0036285568604794705,0.003621989529861798
2025-05-16,IVV.AX,60.791015625,0.007230876075966064,0.007204858635527328
2025-05-19,IVV.AX,60.910037994384766,0.0019578940763052,0.0019559798997941936
2025-05-20,IVV.AX,61.10841369628906,0.0032568638673742267,0.0032515717735551956
2025-05-21,IVV.AX,60.65216064453125,-0.007466288587123282,-0.007494300838558752
2025-05-22,IVV.AX,60.02728271484375,-0.010302649123248409,-0.010356088776262219
2025-05-23,IVV.AX,59.928096771240234,-0.0016523477178651547,-0.0016537143499973195
2025-05-26,IVV.AX,59.39249801635742,-0.008937356327655799,-0.008977534064365626
2025-05-27,IVV.AX,59.81899642944336,0.00718101489801759,0.0071553541839481155
2025-05-28,IVV.AX,60.82077407836914,0.0167468147030414,0.0166081329781026
2025-05-29,IVV.AX,61.614253997802734,0.013046198958454047,0.012961830306042274
2025-05-30,IVV.AX,60.72158432006836,-0.014488038397189817,-0.0145940148650413
2025-06-02,IVV.AX,60.146305084228516,-0.009474048516380895,-0.009519212799457144
2025-06-03,IVV.AX,60.632320404052734,0.008080551567442251,0.008048078725649525
2025-06-04,IVV.AX,61.16792297363281,0.008833614910510379,0.008794826793146679
2025-06-05,IVV.AX,60.791015625,-0.006161846443523689,-0.006180908966555896
2025-06-06,IVV.AX,60.691829681396484,-0.001631588855421695,-0.0016329213461001289
2025-06-09,IVV.AX,60.691829681396484,0.0,0.0
2025-06-10,IVV.AX,61.0687370300293,0.00621018266563067,0.006190978945988615
2025-06-11,IVV.AX,61.10841369628906,0.0006497050404081772,0.0006494940734609917
2025-06-12,IVV.AX,61.15800094604492,0.0008114635408851267,0.0008111344823466726
2025-06-13,IVV.AX,60.870361328125,-0.00470322138510848,-0.004714316332471898
2025-06-16,IVV.AX,60.999305725097656,0.0021183445302315196,0.002116104002039634
2025-06-17,IVV.AX,60.90011978149414,-0.0016260175820772549,-0.0016273409834430164
2025-06-18,IVV.AX,60.96955108642578,0.001140084866511959,0.001139435463296854
2025-06-19,IVV.AX,60.98938751220703,0.0003253497102697622,0.0003252967955296617
2025-06-20,IVV.AX,60.90011978149414,-0.0014636600620890894,-0.0014647322588265046
2025-06-23,IVV.AX,61.445640563964844,0.008957630698067653,0.00891774911029255
2025-06-24,IVV.AX,61.87214279174805,0.006941130792496475,0.006917152039983175
2025-06-25,IVV.AX,62.11018753051758,0.003847365357471988,0.003839983175949739
2025-06-26,IVV.AX,61.92173385620117,-0.003034182986870082,-0.003038795452475012
2025-06-27,IVV.AX,62.249046325683594,0.005285906080125802,0.005271984715051746
2025-06-30,IVV.AX,62.665626525878906,0.006692153933022249,0.00666986087467353
2025-07-01,IVV.AX,62.32121658325195,-0.005495994562261686,-0.0055111531067404225
2025-07-02,IVV.AX,62.54003143310547,0.0035110811670566733,0.0035049317115304476
2025-07-03,IVV.AX,62.75883483886719,0.0034986136199139928,0.0034925077086218176
2025-07-04,IVV.AX,63.03732681274414,0.00443749433194518,0.004427677684137775
2025-07-07,IVV.AX,63.5445671081543,0.008046665698831834,0.008014463913723565
2025-07-08,IVV.AX,63.166622161865234,-0.005947714548842464,-0.0059654726514475785
2025-07-09,IVV.AX,63.02737808227539,-0.0022043933144474392,-0.0022068265659430457
2025-07-10,IVV.AX,63.12683868408203,0.0015780539320040532,0.0015768101132679934
2025-07-11,IVV.AX,62.99754333496094,-0.0020481834955834444,-0.002050283891887315
2025-07-14,IVV.AX,62.75883483886719,-0.0037891715050620833,-0.003796368601851295
2025-07-15,IVV.AX,63.53462219238281,0.01236140466131097,0.012285626343923394
2025-07-16,IVV.AX,63.20640563964844,-0.005165947973067908,-0.005179337615669359
2025-07-17,IVV.AX,63.97224044799805,0.0121164113130523,0.01204359519147363
2025-07-18,IVV.AX,64.35018157958984,0.00590789268822034,0.0058905095218655355
2025-07-21,IVV.AX,64.11148834228516,-0.003709286150334612,-0.0037161826114542455
2025-07-22,IVV.AX,64.09159088134766,-0.0003103571832753227,-0.0003104053540329462
2025-07-23,IVV.AX,63.76337814331055,-0.0051209953368879235,-0.00513415257148775
2025-07-24,IVV.AX,63.70370864868164,-0.0009357956928630617,-0.0009362338230073129
2025-07-25,IVV.AX,64.19105529785156,0.007650208433822581,0.007621093982749037
2025-07-28,IVV.AX,64.80770111083984,0.009606413387768686,0.009560565189318944
2025-07-29,IVV.AX,64.95689392089844,0.0023020845902776976,0.002299438853242931
2025-07-30,IVV.AX,64.91710662841797,-0.0006125183961062097,-0.0006127060621355036
2025-07-31,IVV.AX,65.80229949951172,0.01363574128712397,0.013543611130740367
2025-08-01,IVV.AX,65.1060791015625,-0.010580487357503165,-0.01063685869056219
2025-08-04,IVV.AX,63.99213409423828,-0.017109692715276514,-0.01725775480244018
2025-08-05,IVV.AX,65.01656341552734,0.01600867568786546,0.015881888182692264
2025-08-06,IVV.AX,64.5391616821289,-0.00734277095433844,-0.007369861792997016
2025-08-07,IVV.AX,64.61872863769531,0.001232847677171467,0.0012320883445041811
2025-08-08,IVV.AX,64.46953582763672,-0.002308816858578089,-0.002311486285825253
2025-08-11,IVV.AX,64.94694519042969,0.007405193114300657,0.0073779092836671395
2025-08-12,IVV.AX,64.99667358398438,0.0007656771755604197,0.0007653841943349855
2025-08-13,IVV.AX,65.35472869873047,0.005508822144312253,0.005493704080008001
2025-08-14,IVV.AX,65.32489013671875,-0.0004565631685087279,-0.0004566674252065338
2025-08-15,IVV.AX,66.07083892822266,0.011419059258158892,0.011354353917829747
2025-08-18,IVV.AX,65.63320922851562,-0.006623643755794606,-0.006645677433478938
2025-08-19,IVV.AX,65.80229949951172,0.0025762913772411355,0.0025729784274735913
2025-08-20,IVV.AX,65.81224060058594,0.00015107528384006308,0.00015106387311860693
2025-08-21,IVV.AX,66.01116180419922,0.003022556317760605,0.00301799757813504
2025-08-22,IVV.AX,65.7525634765625,-0.003917493959639251,-0.003925187438445507
2025-08-25,IVV.AX,65.96142578125,0.0031764891533385686,0.00317145476996009
2025-08-26,IVV.AX,65.89180755615234,-0.0010554384516874293,-0.0010559958190625653
2025-08-27,IVV.AX,66.0907211303711,0.0030187906751417692,0.0030142432760370446
2025-08-28,IVV.AX,65.91169738769531,-0.0027087575928039787,-0.0027124329151908917
2025-08-29,IVV.AX,65.9017562866211,-0.0001508245344638004,-0.00015083590962768208
2025-09-01,IVV.AX,65.37462615966797,-0.007998726538645196,-0.008030887966883801
2025-09-02,IVV.AX,65.48402404785156,0.0016733998281903695,0.0016720012547288864
2025-09-03,IVV.AX,65.32489013671875,-0.0024301180852375204,-0.0024330756145935746
2025-09-04,IVV.AX,65.59342193603516,0.004110711839765635,0.004102285946903151
2025-09-05,IVV.AX,66.14045715332031,0.008339787758269601,0.008305203876789674
2025-09-08,IVV.AX,65.56359100341797,-0.008721834936294859,-0.008760092753305169
2025-09-09,IVV.AX,65.31494140625,-0.0037924950931227386,-0.003799704837023337
2025-09-10,IVV.AX,65.50391387939453,0.0028932502896872325,0.0028890728966239347
2025-09-11,IVV.AX,65.63320922851562,0.0019738568501288523,0.0019719113543625543
2025-09-12,IVV.AX,65.6729965209961,0.0006062067198624455,0.0006060230507927099
2025-09-15,IVV.AX,65.65310668945312,-0.0003028616417192209,-0.0003029075135683495
2025-09-16,IVV.AX,65.94154357910156,0.004393347157397809,0.004383724581026567
2025-09-17,IVV.AX,65.61332702636719,-0.004977386559667951,-0.004989815006089753
2025-09-18,IVV.AX,66.33937072753906,0.011065491327396204,0.011004716701305959
2025-09-19,IVV.AX,66.73721313476562,0.005997078399500255,0.005979167497883276
2025-09-22,IVV.AX,66.99580383300781,0.003874760213915529,0.0038672726659606587
2025-09-23,IVV.AX,67.43343353271484,0.0065321956700132855,0.0065109533357525905
2025-09-24,IVV.AX,66.76704406738281,-0.00988218203376423,-0.009931334887694451
2025-09-25,IVV.AX,66.86651611328125,0.0014898374982430518,0.0014887287914161947
2025-09-26,IVV.AX,67.07537841796875,0.003123570911540474,0.0031187026987582827
2025-09-29,IVV.AX,67.2742919921875,0.002965522952092181,0.0029611344628721107
2025-09-30,IVV.AX,66.94607543945312,-0.0048787812255607355,-0.004890721329952617
2025-10-01,IVV.AX,66.87644958496094,-0.0010400289193226442,-0.0010405701246778453
2025-10-02,IVV.AX,67.34391021728516,0.00698991401644844,0.006965597813821608
2025-10-03,IVV.AX,67.7705078125,0.00633461279332348,0.00631463346352494
2025-10-06,IVV.AX,67.70071411132812,-0.0010298535959767374,-0.001030384259559795
2025-10-07,IVV.AX,67.63092041015625,-0.0010309152877930883,-0.0010314470464552281
2025-10-08,IVV.AX,67.97988891601562,0.005159895854485175,0.005146629208641794
2025-10-09,IVV.AX,67.85027313232422,-0.0019066783685324218,-0.0019084983935691426
2025-10-10,IVV.AX,68.10950469970703,0.003820641471512509,0.0038133613581291066
2025-10-13,IVV.AX,67.53121948242188,-0.008490521548127572,-0.008526771358577767
2025-10-14,IVV.AX,67.93003845214844,0.005905697731852344,0.005888327454522469
2025-10-15,IVV.AX,67.93003845214844,0.0,0.0
2025-10-16,IVV.AX,68.23912811279297,0.00455011755752599,0.004539797067086948
2025-10-17,IVV.AX,67.6508560180664,-0.008620744593251572,-0.008658118158917703
2025-10-20,IVV.AX,68.27901458740234,0.009285301122696543,0.00924245771929265
2025-10-21,IVV.AX,68.767578125,0.007155398192987272,0.00712991979784933
2025-10-22,IVV.AX,68.8971939086914,0.0018848385711038862,0.0018830644917699694
2025-10-23,IVV.AX,68.63795471191406,-0.003762696012277522,-0.0037697927604484574
2025-10-24,IVV.AX,68.63795471191406,0.0,0.0
2025-10-27,IVV.AX,69.58516693115234,0.013800123025429656,0.01370576840689334
2025-10-28,IVV.AX,69.51537322998047,-0.001002996820298363,-0.0010035001582014843
2025-10-29,IVV.AX,69.50540161132812,-0.00014344479773353846,-0.0001434550869225024
2025-10-30,IVV.AX,69.35584259033203,-0.0021517611225732036,-0.0021540794868452813
2025-10-31,IVV.AX,69.64498901367188,0.004169027619601806,0.00416036130234966
2025-11-03,IVV.AX,69.4455795288086,-0.0028632280324452086,-0.0028673349109879453
2025-11-04,IVV.AX,69.31595611572266,-0.0018665466393316121,-0.0018682908082296719
2025-11-05,IVV.AX,69.1963119506836,-0.0017260696056664582,-0.0017275609801995053
2025-11-06,IVV.AX,69.325927734375,0.0018731602890018628,0.0018714081119987603
2025-11-07,IVV.AX,68.99689483642578,-0.004746173743392479,-0.004757472591032265
2025-11-10,IVV.AX,68.96698760986328,-0.0004334575727414913,-0.000433551542630796
2025-11-11,IVV.AX,69.5452880859375,0.008385178128202275,0.008350217818410997
2025-11-12,IVV.AX,69.81449127197266,0.003870904750620907,0.0038634320766251615
2025-11-13,IVV.AX,69.52534484863281,-0.004141639050457724,-0.004150239392024063
2025-11-14,IVV.AX,68.45848846435547,-0.015344855701184268,-0.01546380642276827
2025-11-17,IVV.AX,68.9171371459961,0.0066996612389336185,0.006677318246710938
2025-11-18,IVV.AX,68.12945556640625,-0.011429400758786512,-0.011495218343934627
2025-11-19,IVV.AX,67.71068572998047,-0.006146678157696428,-0.006165646753063219
2025-11-20,IVV.AX,68.98693084716797,0.018848503798602145,0.018673071743930576
2025-11-21,IVV.AX,67.64088439941406,-0.019511615188910314,-0.019704479605510406
2025-11-24,IVV.AX,68.22915649414062,0.008696989992810655,0.008659389028211145
2025-11-25,IVV.AX,69.01683807373047,0.011544647773235939,0.011478516812894914
2025-11-26,IVV.AX,69.30599212646484,0.00418961605319379,0.004180864048368223
2025-11-27,IVV.AX,69.33589935302734,0.0004315243984664985,0.0004314313185897917
2025-11-28,IVV.AX,69.63501739501953,0.00431404286644077,0.004304764060054618
2025-12-01,IVV.AX,69.05672454833984,-0.00830462701544532,-0.008339302542038678
2025-12-02,IVV.AX,69.09661102294922,0.0005775900156030911,0.0005774232746921964
2025-12-03,IVV.AX,69.13648223876953,0.0005770357652863378,0.0005768693441666759
2025-12-04,IVV.AX,68.88721466064453,-0.003605442019224081,-0.0036119572903034088
2025-12-05,IVV.AX,69.02681732177734,0.0020265394938745462,0.0020244888327442374
2025-12-08,IVV.AX,68.85730743408203,-0.0024557106103432202,-0.0024587308131533356
2025-12-09,IVV.AX,68.55818939208984,-0.00434402757148955,-0.004353490273362456
2025-12-10,IVV.AX,68.53824615478516,-0.00029089504086277085,-0.0002909373590321328
2025-12-11,IVV.AX,68.4285659790039,-0.0016002769538857597,-0.0016015587647344232
2025-12-12,IVV.AX,68.8971939086914,0.006848425405133973,0.006825081458781996
2025-12-15,IVV.AX,68.52828216552734,-0.005354524941218575,-0.005368911789364593
2025-12-16,IVV.AX,67.97988891601562,-0.00800243683603652,-0.00803462818822147
2025-12-17,IVV.AX,68.22915649414062,0.00366678413424526,0.0036600778699178932
2025-12-18,IVV.AX,67.85027313232422,-0.005553100482034279,-0.005568576263487026
2025-12-19,IVV.AX,68.18927764892578,0.004996361856059561,0.00498392146076487
2025-12-22,IVV.AX,68.72769165039062,0.007895874835877947,0.007864865539560468
2025-12-23,IVV.AX,68.55818939208984,-0.0024662876670297207,-0.0024693339641854925
2025-12-24,IVV.AX,68.4186019897461,-0.00203604271906066,-0.0020381182717921255
2025-12-25,IVV.AX,68.4186019897461,0.0,0.0
2025-12-26,IVV.AX,68.4186019897461,0.0,0.0
2025-12-29,IVV.AX,68.52999877929688,0.0016281652403169478,0.0016268412162505433
2025-12-30,IVV.AX,68.47000122070312,-0.0008754933556467392,-0.0008758768237868392
2025-12-31,IVV.AX,68.44999694824219,-0.0002921611231823107,-0.0002922038105578571
2026-01-01,IVV.AX,68.44999694824219,0.0,0.0
2026-01-02,IVV.AX,68.30999755859375,-0.002045279706210934,-0.0020473741470480892
2026-01-05,IVV.AX,68.47000122070312,0.002342316905693531,0.002339577957605991
2026-01-06,IVV.AX,68.33999633789062,-0.00189871302022393,-0.0019005178607351464
2026-01-07,IVV.AX,68.31999969482422,-0.0002926052697974635,-0.00029264808707199724
2026-01-08,IVV.AX,68.62000274658203,0.004391145390777007,0.004381532442816648
2026-01-09,IVV.AX,68.77999877929688,0.002331623816829609,0.0023289097999103113
2026-01-12,IVV.AX,68.83000183105469,0.0007269998930685695,0.0007267357566566513
2026-01-13,IVV.AX,69.0999984741211,0.0039226592457330955,0.003914985678600693
2026-01-14,IVV.AX,69.08000183105469,-0.00028938702616465584,-0.0002894289066700902
2026-01-15,IVV.AX,68.98999786376953,-0.0013028946858639756,-0.001303744191102613
2026-01-16,IVV.AX,69.12999725341797,0.002029270821618079,0.002027214632823731
2026-01-19,IVV.AX,68.4000015258789,-0.010559753457866194,-0.010615903289815374
2026-01-20,IVV.AX,67.81999969482422,-0.008479558744384663,-0.008515714738973522
2026-01-21,IVV.AX,67.37999725341797,-0.006487797749722302,-0.006508934981867142
2026-01-22,IVV.AX,67.44999694824219,0.0010388794549953673,0.0010383401931873878
2026-01-23,IVV.AX,67.31999969482422,-0.001927312962189176,-0.001929172619628372
2026-01-26,IVV.AX,67.31999969482422,0.0,0.0
2026-01-27,IVV.AX,67.11000061035156,-0.003119416004525033,-0.003124291524453027
2026-01-28,IVV.AX,66.6500015258789,-0.006854404414976312,-0.006878003746316476
2026-01-29,IVV.AX,65.58999633789062,-0.01590405346917667,-0.016031880046331187
2026-01-30,IVV.AX,65.94000244140625,0.005336272649148377,0.005322085195953575
2026-02-02,IVV.AX,65.87999725341797,-0.0009099967510859397,-0.0009104110494886359
2026-02-03,IVV.AX,66.41999816894531,0.008196735550096479,0.00816332476202076
2026-02-04,IVV.AX,65.56999969482422,-0.01279732757533425,-0.01287991875944913
2026-02-05,IVV.AX,65.69999694824219,0.0019825721217476833,0.0019806094193432957
2026-02-06,IVV.AX,64.8499984741211,-0.012937572505379524,-0.013021991807579198
2026-02-09,IVV.AX,65.73999786376953,0.013723969322892104,0.013630648507839358
2026-02-10,IVV.AX,65.5199966430664,-0.003346535257865768,-0.003352147431370889
2026-02-11,IVV.AX,65.13999938964844,-0.005799714177155413,-0.005816597831317889
2026-02-12,IVV.AX,65.12999725341797,-0.00015354830095470895,-0.0001535600907019512
2026-02-13,IVV.AX,64.2300033569336,-0.013818423682447567,-0.01391478685358019
2026-02-16,IVV.AX,64.31999969482422,0.0014011572970111796,0.0014001765921000395
2026-02-17,IVV.AX,64.11000061035156,-0.0032649111546801945,-0.003270252606516702
2026-02-18,IVV.AX,64.58999633789062,0.007487064778807007,0.007459175827057423
2026-02-19,IVV.AX,64.98999786376953,0.006192933094257613,0.006173835689512424
2026-02-20,IVV.AX,65.12999725341797,0.002154168245118271,0.0021518513514267295
2026-02-23,IVV.AX,64.58999633789062,-0.008291124494082536,-0.008325687040939223
2026-02-24,IVV.AX,64.72000122070312,0.002012771174848771,0.00201074826492933
2026-02-25,IVV.AX,64.62999725341797,-0.0013906669590167953,-0.0013916348337439156
2026-02-26,IVV.AX,64.83000183105469,0.0030946091000512155,0.0030898306530557527
2026-02-27,IVV.AX,64.45999908447266,-0.005707276509821058,-0.005723625246583608
2026-03-02,IVV.AX,64.0999984741211,-0.0055848683751886785,-0.005600522062300278
2026-03-03,IVV.AX,64.05999755859375,-0.0006240392586513988,-0.000624234052192995
2026-03-04,IVV.AX,64.5199966430664,0.007180754011923085,0.007155095157889806
2026-03-05,IVV.AX,64.81999969482422,0.004649768558071532,0.004638991777693774
2026-03-06,IVV.AX,64.83000183105469,0.00015430632949020584,0.00015429442549310445
2026-03-09,IVV.AX,62.93000030517578,-0.029307442113456372,-0.02974548504255428
2026-03-10,IVV.AX,63.97999954223633,0.01668519357966991,0.016547524978288142
2026-03-11,IVV.AX,63.16999816894531,-0.012660227869434326,-0.012741051442113616
2026-03-12,IVV.AX,62.7400016784668,-0.006806973293374319,-0.006830246409195088
2026-03-13,IVV.AX,63.099998474121094,0.005737914982840264,0.005721515849981125
2024-03-14,MTUM.AX,24.553905487060547,0.0,0.0
2024-03-15,MTUM.AX,24.553905487060547,0.0,0.0
2024-03-18,MTUM.AX,24.553905487060547,0.0,0.0
2024-03-19,MTUM.AX,24.553905487060547,0.0,0.0
2024-03-20,MTUM.AX,24.553905487060547,0.0,0.0
2024-03-21,MTUM.AX,24.553905487060547,0.0,0.0
2024-03-22,MTUM.AX,24.553905487060547,0.0,0.0
2024-03-25,MTUM.AX,24.553905487060547,0.0,0.0
2024-03-26,MTUM.AX,24.553905487060547,0.0,0.0
2024-03-27,MTUM.AX,24.553905487060547,0.0,0.0
2024-03-28,MTUM.AX,24.553905487060547,0.0,0.0
2024-03-29,MTUM.AX,24.553905487060547,0.0,0.0
2024-04-01,MTUM.AX,24.553905487060547,0.0,0.0
2024-04-02,MTUM.AX,24.553905487060547,0.0,0.0
2024-04-03,MTUM.AX,24.553905487060547,0.0,0.0
2024-04-04,MTUM.AX,24.553905487060547,0.0,0.0
2024-04-05,MTUM.AX,24.553905487060547,0.0,0.0
2024-04-08,MTUM.AX,24.553905487060547,0.0,0.0
2024-04-09,MTUM.AX,24.553905487060547,0.0,0.0
2024-04-10,MTUM.AX,24.553905487060547,0.0,0.0
2024-04-11,MTUM.AX,24.553905487060547,0.0,0.0
2024-04-12,MTUM.AX,24.553905487060547,0.0,0.0
2024-04-15,MTUM.AX,24.553905487060547,0.0,0.0
2024-04-16,MTUM.AX,24.553905487060547,0.0,0.0
2024-04-17,MTUM.AX,24.553905487060547,0.0,0.0
2024-04-18,MTUM.AX,24.553905487060547,0.0,0.0
2024-04-19,MTUM.AX,24.553905487060547,0.0,0.0
2024-04-22,MTUM.AX,24.553905487060547,0.0,0.0
2024-04-23,MTUM.AX,24.553905487060547,0.0,0.0
2024-04-24,MTUM.AX,24.553905487060547,0.0,0.0
2024-04-25,MTUM.AX,24.553905487060547,0.0,0.0
2024-04-26,MTUM.AX,24.553905487060547,0.0,0.0
2024-04-29,MTUM.AX,24.553905487060547,0.0,0.0
2024-04-30,MTUM.AX,24.553905487060547,0.0,0.0
2024-05-01,MTUM.AX,24.553905487060547,0.0,0.0
2024-05-02,MTUM.AX,24.553905487060547,0.0,0.0
2024-05-03,MTUM.AX,24.553905487060547,0.0,0.0
2024-05-06,MTUM.AX,24.553905487060547,0.0,0.0
2024-05-07,MTUM.AX,24.553905487060547,0.0,0.0
2024-05-08,MTUM.AX,24.553905487060547,0.0,0.0
2024-05-09,MTUM.AX,24.553905487060547,0.0,0.0
2024-05-10,MTUM.AX,24.553905487060547,0.0,0.0
2024-05-13,MTUM.AX,24.553905487060547,0.0,0.0
2024-05-14,MTUM.AX,24.553905487060547,0.0,0.0
2024-05-15,MTUM.AX,24.553905487060547,0.0,0.0
2024-05-16,MTUM.AX,24.553905487060547,0.0,0.0
2024-05-17,MTUM.AX,24.553905487060547,0.0,0.0
2024-05-20,MTUM.AX,24.553905487060547,0.0,0.0
2024-05-21,MTUM.AX,24.553905487060547,0.0,0.0
2024-05-22,MTUM.AX,24.553905487060547,0.0,0.0
2024-05-23,MTUM.AX,24.553905487060547,0.0,0.0
2024-05-24,MTUM.AX,24.553905487060547,0.0,0.0
2024-05-27,MTUM.AX,24.553905487060547,0.0,0.0
2024-05-28,MTUM.AX,24.553905487060547,0.0,0.0
2024-05-29,MTUM.AX,24.553905487060547,0.0,0.0
2024-05-30,MTUM.AX,24.553905487060547,0.0,0.0
2024-05-31,MTUM.AX,24.553905487060547,0.0,0.0
2024-06-03,MTUM.AX,24.553905487060547,0.0,0.0
2024-06-04,MTUM.AX,24.553905487060547,0.0,0.0
2024-06-05,MTUM.AX,24.553905487060547,0.0,0.0
2024-06-06,MTUM.AX,24.553905487060547,0.0,0.0
2024-06-07,MTUM.AX,24.553905487060547,0.0,0.0
2024-06-10,MTUM.AX,24.553905487060547,0.0,0.0
2024-06-11,MTUM.AX,24.553905487060547,0.0,0.0
2024-06-12,MTUM.AX,24.553905487060547,0.0,0.0
2024-06-13,MTUM.AX,24.553905487060547,0.0,0.0
2024-06-14,MTUM.AX,24.553905487060547,0.0,0.0
2024-06-17,MTUM.AX,24.553905487060547,0.0,0.0
2024-06-18,MTUM.AX,24.553905487060547,0.0,0.0
2024-06-19,MTUM.AX,24.553905487060547,0.0,0.0
2024-06-20,MTUM.AX,24.553905487060547,0.0,0.0
2024-06-21,MTUM.AX,24.553905487060547,0.0,0.0
2024-06-24,MTUM.AX,24.553905487060547,0.0,0.0
2024-06-25,MTUM.AX,24.553905487060547,0.0,0.0
2024-06-26,MTUM.AX,24.553905487060547,0.0,0.0
2024-06-27,MTUM.AX,24.553905487060547,0.0,0.0
2024-06-28,MTUM.AX,24.553905487060547,0.0,0.0
2024-07-01,MTUM.AX,24.553905487060547,0.0,0.0
2024-07-02,MTUM.AX,24.553905487060547,0.0,0.0
2024-07-03,MTUM.AX,24.553905487060547,0.0,0.0
2024-07-04,MTUM.AX,24.553905487060547,0.0,0.0
2024-07-05,MTUM.AX,24.553905487060547,0.0,0.0
2024-07-08,MTUM.AX,24.553905487060547,0.0,0.0
2024-07-09,MTUM.AX,24.553905487060547,0.0,0.0
2024-07-10,MTUM.AX,24.553905487060547,0.0,0.0
2024-07-11,MTUM.AX,24.553905487060547,0.0,0.0
2024-07-12,MTUM.AX,24.553905487060547,0.0,0.0
2024-07-15,MTUM.AX,24.553905487060547,0.0,0.0
2024-07-16,MTUM.AX,24.553905487060547,0.0,0.0
2024-07-17,MTUM.AX,24.553905487060547,0.0,0.0
2024-07-18,MTUM.AX,24.553905487060547,0.0,0.0
2024-07-19,MTUM.AX,24.553905487060547,0.0,0.0
2024-07-22,MTUM.AX,24.553905487060547,0.0,0.0
2024-07-23,MTUM.AX,24.553905487060547,0.0,0.0
2024-07-24,MTUM.AX,24.553905487060547,0.0,0.0
2024-07-25,MTUM.AX,24.114572525024414,-0.01789258992902998,-0.018054597718097736
2024-07-26,MTUM.AX,24.261014938354492,0.006072776665566382,0.006054411670853994
2024-07-29,MTUM.AX,24.46603775024414,0.00845071042619594,0.00841520307416594
2024-07-30,MTUM.AX,24.31959342956543,-0.005985616558498497,-0.00600360216717628
2024-07-31,MTUM.AX,24.661298751831055,0.014050618208535148,0.013952823260868608
2024-08-01,MTUM.AX,24.895610809326172,0.00950120510087582,0.009456352530196957
2024-08-02,MTUM.AX,24.134096145629883,-0.030588310105290395,-0.031065896746612878
2024-08-05,MTUM.AX,23.108983993530273,-0.04247568029537474,-0.043404159080568015
2024-08-06,MTUM.AX,23.187088012695312,0.003379811902890495,0.0033741131754489156
2024-08-07,MTUM.AX,23.196849822998047,0.00042100199461825305,0.00042091339814383954
2024-08-08,MTUM.AX,23.16756248474121,-0.001262556704048623,-0.001263354400259248
2024-08-09,MTUM.AX,23.460451126098633,0.012642186313313042,0.012562941065786534
2024-08-12,MTUM.AX,23.72405242919922,0.011235986114833896,0.011173331311682721
2024-08-13,MTUM.AX,23.802156448364258,0.003292187091481491,0.0032867797083864256
2024-08-14,MTUM.AX,24.14385986328125,0.014355985587199749,0.014253914156944485
2024-08-15,MTUM.AX,24.18291473388672,0.0016175901793094027,0.001616283289466939
2024-08-16,MTUM.AX,24.50509262084961,0.013322541575661928,0.013234576932451593
2024-08-19,MTUM.AX,24.475801467895508,-0.0011953088040638216,-0.0011960237554142395
2024-08-20,MTUM.AX,24.52461814880371,0.001994487533829581,0.0019925011842960205
2024-08-21,MTUM.AX,24.46603775024414,-0.0023886365204193183,-0.0023914938636424425
2024-08-22,MTUM.AX,24.57343292236328,0.004389561285544463,0.00437995526196532
2024-08-23,MTUM.AX,24.583194732666016,0.00039725057274564435,0.0003971716896270889
2024-08-26,MTUM.AX,24.905372619628906,0.01310561505396124,0.013020479510029175
2024-08-27,MTUM.AX,24.905372619628906,0.0,0.0
2024-08-28,MTUM.AX,24.7979793548584,-0.004312052118660814,-0.004321375827931543
2024-08-29,MTUM.AX,24.817506790161133,0.000787460745220292,0.0007871508606782645
2024-08-30,MTUM.AX,24.8272705078125,0.00039342056935542935,0.0003933431997750911
2024-09-02,MTUM.AX,25.012765884399414,0.007471436561201639,0.007443663629068941
2024-09-03,MTUM.AX,25.139684677124023,0.005074160663046445,0.005061330493089001
2024-09-04,MTUM.AX,24.671062469482422,-0.018640735301983624,-0.01881666352626678
2024-09-05,MTUM.AX,24.84679412841797,0.0071229870684703656,0.007097738422368307
2024-09-06,MTUM.AX,25.090871810913086,0.009823306831200362,0.00977537181724373
2024-09-09,MTUM.AX,25.012765884399414,-0.0031129219862221502,-0.0031177772064342854
2024-09-10,MTUM.AX,25.168973922729492,0.006245132547596732,0.006225712519157044
2024-09-11,MTUM.AX,24.87608528137207,-0.011636892400008425,-0.01170513093864206
2024-09-12,MTUM.AX,25.159212112426758,0.011381486590524847,0.011317204760721327
2024-09-13,MTUM.AX,25.227550506591797,0.0027162374505076414,0.0027125551440691635
2024-09-16,MTUM.AX,25.432573318481445,0.008126940894878976,0.008094095147687773
2024-09-17,MTUM.AX,25.45210075378418,0.000767812012500757,0.0007675173956547438
2024-09-18,MTUM.AX,25.52044105529785,0.002685055437064987,0.002681457115404518
2024-09-19,MTUM.AX,25.686410903930664,0.006503408317794612,0.006482352398776008
2024-09-20,MTUM.AX,25.764514923095703,0.003040674676472177,0.003036061174967015
2024-09-23,MTUM.AX,25.735227584838867,-0.0011367315994209592,-0.0011373781688158717
2024-09-24,MTUM.AX,25.383758544921875,-0.013657118001320856,-0.013751234324934766
2024-09-25,MTUM.AX,25.286128997802734,-0.0038461422860749384,-0.00385355771127763
2024-09-26,MTUM.AX,25.442337036132812,0.006177617710629191,0.006158614453420897
2024-09-27,MTUM.AX,25.276365280151367,-0.006523447737750487,-0.0065448184139711724
2024-09-30,MTUM.AX,25.432573318481445,0.006180003991821614,0.006160986080776482
2024-10-01,MTUM.AX,25.266603469848633,-0.006525877132228852,-0.006547263763529945
2024-10-02,MTUM.AX,25.266603469848633,0.0,0.0
2024-10-03,MTUM.AX,25.19826316833496,-0.002704768038775951,-0.0027084325330773047
2024-10-04,MTUM.AX,24.983478546142578,-0.008523786768855124,-0.008560321999785308
2024-10-07,MTUM.AX,24.983478546142578,0.0,0.0
2024-10-08,MTUM.AX,25.032291412353516,0.0019538058369568123,0.0019518996408201378
2024-10-09,MTUM.AX,25.393522262573242,0.014430594637511174,0.014327464574787643
2024-10-10,MTUM.AX,25.383758544921875,-0.0003844963904734433,-0.0003845703281637109
2024-10-11,MTUM.AX,25.364233016967773,-0.0007692134291124031,-0.0007695094255615295
2024-10-14,MTUM.AX,25.461864471435547,0.0038491782662011254,0.003841789134858117
2024-10-15,MTUM.AX,25.744991302490234,0.011119642529411555,0.011058273817439056
2024-10-16,MTUM.AX,25.725465774536133,-0.0007584204525333815,-0.000758708198822438
2024-10-17,MTUM.AX,25.96953773498535,0.009487562347298972,0.00944283808792069
2024-10-18,MTUM.AX,25.85238265991211,-0.004511249921688609,-0.0045214563169172165
2024-10-21,MTUM.AX,25.959775924682617,0.004154095434191429,0.0041454910006146015
2024-10-22,MTUM.AX,25.559494018554688,-0.015419312835722176,-0.015539426755674839
2024-10-23,MTUM.AX,25.569257736206055,0.0003819996453873209,0.00038192670209839867
2024-10-24,MTUM.AX,25.588781356811523,0.0007635583639888921,0.0007632670016066393
2024-10-25,MTUM.AX,25.569257736206055,-0.0007629757874448861,-0.0007632670016066578
2024-10-28,MTUM.AX,25.54973030090332,-0.0007637075547595185,-0.0007639993279364946
2024-10-29,MTUM.AX,25.715700149536133,0.0064959530561832235,0.006474945281064521
2024-10-30,MTUM.AX,25.715700149536133,0.0,0.0
2024-10-31,MTUM.AX,25.510677337646484,-0.007972670808006233,-0.008004622488043813
2024-11-01,MTUM.AX,25.2958927154541,-0.008419400996280912,-0.008455044357685904
2024-11-04,MTUM.AX,25.442337036132812,0.005789252916511778,0.005772559588790055
2024-11-05,MTUM.AX,25.442337036132812,0.0,0.0
2024-11-06,MTUM.AX,25.608306884765625,0.006523372770241398,0.0065021876564437175
2024-11-07,MTUM.AX,25.764514923095703,0.006099897155754874,0.006081368095163872
2024-11-08,MTUM.AX,26.076929092407227,0.012125753977672238,0.012052825969075441
2024-11-11,MTUM.AX,26.1940860748291,0.004492744602200505,0.004482682351993806
2024-11-12,MTUM.AX,26.369821548461914,0.0067089751912239315,0.006686570171155737
2024-11-13,MTUM.AX,26.20384979248047,-0.00629400376018574,-0.006313894507400727
2024-11-14,MTUM.AX,26.49673843383789,0.01117731339772332,0.011115308832161669
2024-11-15,MTUM.AX,26.682235717773438,0.0070007591462146745,0.006976367605271842
2024-11-18,MTUM.AX,26.779865264892578,0.0036589717650274967,0.003652294012021542
2024-11-19,MTUM.AX,27.277780532836914,0.01859289667887487,0.018422161832108458
2024-11-20,MTUM.AX,27.014179229736328,-0.009663590583671722,-0.009710586083750548
2024-11-21,MTUM.AX,26.87749481201172,-0.0050597286914477735,-0.005072572460972846
2024-11-22,MTUM.AX,27.0532283782959,0.0065383164433034935,0.006517034367940381
2024-11-25,MTUM.AX,27.307065963745117,0.009382894414659448,0.009339148490222403
2024-11-26,MTUM.AX,27.0532283782959,-0.009295674086195582,-0.009339148490222396
2024-11-27,MTUM.AX,27.189912796020508,0.005052425382039427,0.005039704709758978
2024-11-28,MTUM.AX,27.365644454956055,0.0064631196228501775,0.00644232322353579
2024-11-29,MTUM.AX,27.238725662231445,-0.004637887952301578,-0.004648676324395362
2024-12-02,MTUM.AX,27.238725662231445,0.0,0.0
2024-12-03,MTUM.AX,27.463274002075195,0.008243716781328736,0.008209922945653148
2024-12-04,MTUM.AX,27.307065963745117,-0.005687888425767285,-0.005704126064330278
2024-12-05,MTUM.AX,27.33635711669922,0.0010726583732207917,0.0010720834862960934
2024-12-06,MTUM.AX,27.297304153442383,-0.0014286089068166197,-0.0014296303414572577
2024-12-09,MTUM.AX,27.07275390625,-0.008226096098360114,-0.008260117128842337
2024-12-10,MTUM.AX,26.71152687072754,-0.01334282566056455,-0.013432640980342504
2024-12-11,MTUM.AX,26.613895416259766,-0.0036550308389433628,-0.0036617267850658705
2024-12-12,MTUM.AX,26.486974716186523,-0.004768963659325887,-0.004780371449860728
2024-12-13,MTUM.AX,26.486974716186523,0.0,0.0
2024-12-16,MTUM.AX,26.467451095581055,-0.0007371027010319997,-0.0007373744947960863
2024-12-17,MTUM.AX,26.613895416259766,0.00553299674191754,0.005517745944656882
2024-12-18,MTUM.AX,26.682235717773438,0.0025678428672233355,0.0025645515918426122
2024-12-19,MTUM.AX,26.164796829223633,-0.019392636135251995,-0.019583140243182345
2024-12-20,MTUM.AX,25.705936431884766,-0.017537319335358403,-0.01769292001647772
2024-12-23,MTUM.AX,25.96953773498535,0.010254491362299722,0.010202270759485767
2024-12-24,MTUM.AX,26.30147933959961,0.012781960464666842,0.012700960701622353
2024-12-25,MTUM.AX,26.30147933959961,0.0,0.0
2024-12-26,MTUM.AX,26.30147933959961,0.0,0.0
2024-12-27,MTUM.AX,26.467451095581055,0.006310358206032873,0.006290531262052479
2024-12-30,MTUM.AX,26.340530395507812,-0.00479535031971523,-0.004806884901740842
2024-12-31,MTUM.AX,26.242900848388672,-0.003706438164046588,-0.0037133240259251132
2025-01-01,MTUM.AX,26.242900848388672,0.0,0.0
2025-01-02,MTUM.AX,26.161460876464844,-0.0031033143932649443,-0.0031081396588400227
2025-01-03,MTUM.AX,26.397327423095703,0.0090158018217954,0.008975402122771727
2025-01-06,MTUM.AX,26.5152587890625,0.004467549463496701,0.004457599587760436
2025-01-07,MTUM.AX,26.603708267211914,0.003335795394382446,0.0033302439711082052
2025-01-08,MTUM.AX,26.937850952148438,0.012560004100944822,0.012481781552131732
2025-01-09,MTUM.AX,26.859230041503906,-0.002918603669765263,-0.0029228710987677952
2025-01-10,MTUM.AX,26.692157745361328,-0.006220293578200531,-0.0062397202057488535
2025-01-13,MTUM.AX,26.21059799194336,-0.01804124484846703,-0.01820597237375153
2025-01-14,MTUM.AX,26.14180564880371,-0.002624600291866397,-0.002628050593643398
2025-01-15,MTUM.AX,26.26956558227539,0.004887188558741595,0.0048752850202080965
2025-01-16,MTUM.AX,26.66267204284668,0.014964330465994768,0.014853469478207407
2025-01-17,MTUM.AX,26.56439781188965,-0.0036858357931682795,-0.0036926452233592335
2025-01-20,MTUM.AX,26.70198631286621,0.00517943233461815,0.005166065211170968
2025-01-21,MTUM.AX,27.02630043029785,0.012145692594987656,0.012072525518115489
2025-01-22,MTUM.AX,27.311307907104492,0.010545560149517685,0.01049034358392289
2025-01-23,MTUM.AX,27.311307907104492,0.0,0.0
2025-01-24,MTUM.AX,27.330961227416992,0.0007196037765511143,0.0007193449858972135
2025-01-27,MTUM.AX,27.330961227416992,0.0,0.0
2025-01-28,MTUM.AX,27.32113265991211,-0.0003596129467640097,-0.00035967762300582383
2025-01-29,MTUM.AX,27.959938049316406,0.023381365529607345,0.023112208829105894
2025-01-30,MTUM.AX,27.517688751220703,-0.015817248854974375,-0.01594367646585138
2025-01-31,MTUM.AX,27.694589614868164,0.006428623611770989,0.006408048145207801
2025-02-03,MTUM.AX,27.173717498779297,-0.0188077210506572,-0.018986835616388
2025-02-04,MTUM.AX,27.360443115234375,0.006871552133544734,0.006848050619012551
2025-02-05,MTUM.AX,27.281822204589844,-0.0028735247566497035,-0.0028776612550340357
2025-02-06,MTUM.AX,27.606138229370117,0.011887623280739223,0.011817520510418525
2025-02-07,MTUM.AX,27.645448684692383,0.0014239751679734347,0.0014229622767745263
2025-02-10,MTUM.AX,27.409582138061523,-0.008531840062391938,-0.008568444561008736
2025-02-11,MTUM.AX,27.5766544342041,0.006095397416167714,0.006076895627109398
2025-02-12,MTUM.AX,27.842002868652344,0.009622212697386612,0.009576214045930965
2025-02-13,MTUM.AX,27.871488571166992,0.001059036688335624,0.001058476304591736
2025-02-14,MTUM.AX,27.910799026489258,0.0014104182208241056,0.0014094245152958074
2025-02-17,MTUM.AX,27.62579345703125,-0.010211300980223381,-0.010263793967622727
2025-02-18,MTUM.AX,27.439067840576172,-0.006759104195342203,-0.006782050395727029
2025-02-19,MTUM.AX,27.095096588134766,-0.012535821349322629,-0.012615057648930192
2025-02-20,MTUM.AX,26.731470108032227,-0.013420379548001904,-0.013511246738842447
2025-02-21,MTUM.AX,26.534912109375,-0.007353056074464237,-0.007380223046719156
2025-02-24,MTUM.AX,26.63319206237793,0.0037037979473166782,0.0036969557771722988
2025-02-25,MTUM.AX,26.495601654052734,-0.005166125337246252,-0.0051795159008756145
2025-02-26,MTUM.AX,26.475948333740234,-0.0007417578422679316,-0.0007420330807314904
2025-02-27,MTUM.AX,26.495601654052734,0.0007423084553861425,0.0007420330807315368
2025-02-28,MTUM.AX,26.259737014770508,-0.008902029943001821,-0.008941889743302005
2025-03-03,MTUM.AX,26.426807403564453,0.006362226274390093,0.006342072748500551
2025-03-04,MTUM.AX,26.21059799194336,-0.008181442741809652,-0.008215094416332232
2025-03-05,MTUM.AX,26.053356170654297,-0.0059991695472723094,-0.0060172368603912015
2025-03-06,MTUM.AX,26.053356170654297,0.0,0.0
2025-03-07,MTUM.AX,25.36540985107422,-0.02640528594757241,-0.026760166604137946
2025-03-10,MTUM.AX,25.46368980407715,0.003874565937627361,0.003867079139522236
2025-03-11,MTUM.AX,25.100065231323242,-0.01428012104890175,-0.01438306316998276
2025-03-12,MTUM.AX,24.67746925354004,-0.01683644938324025,-0.016979793613638154
2025-03-13,MTUM.AX,24.598848342895508,-0.0031859389565748186,-0.0031910248652281636
2025-03-14,MTUM.AX,24.647987365722656,0.0019976147721298965,0.001995622192903509
2025-03-17,MTUM.AX,24.756092071533203,0.004385944548189968,0.0043763543246341
2025-03-18,MTUM.AX,24.73643684387207,-0.000793955185024342,-0.0007942705343688019
2025-03-19,MTUM.AX,24.61850357055664,-0.004767593411281634,-0.004778994636788255
2025-03-20,MTUM.AX,25.100065231323242,0.01956096394675022,0.019372107132485866
2025-03-21,MTUM.AX,25.06075096130371,-0.001566301507872958,-0.0015675294404556782
2025-03-24,MTUM.AX,25.208168029785156,0.005882388309475406,0.005865154613864238
2025-03-25,MTUM.AX,24.589019775390625,-0.02456141412826851,-0.024868077464907497
2025-03-26,MTUM.AX,25.53248405456543,0.03836933264493325,0.037651533254351235
2025-03-27,MTUM.AX,25.306446075439453,-0.008852956831106207,-0.008892377083082692
2025-03-28,MTUM.AX,24.2548770904541,-0.041553404292747564,-0.042441434577349425
2025-03-31,MTUM.AX,24.93299102783203,0.027957838534865775,0.027574153093533654
2025-04-01,MTUM.AX,25.09023666381836,0.006306729738553951,0.00628692554142071
2025-04-02,MTUM.AX,25.276960372924805,0.007442086402306147,0.007414530707419381
2025-04-03,MTUM.AX,25.031267166137695,-0.009720045573607838,-0.009767593579984572
2025-04-04,MTUM.AX,24.20573616027832,-0.03297999259806361,-0.033536093565077585
2025-04-07,MTUM.AX,23.173824310302734,-0.04263088067814913,-0.04356625727355481
2025-04-08,MTUM.AX,23.68486785888672,0.02205262030733457,0.02181297803663491
2025-04-09,MTUM.AX,23.449003219604492,-0.009958452826821618,-0.010008369892490376
2025-04-10,MTUM.AX,24.647987365722656,0.05113156132435326,0.04986726134371588
2025-04-11,MTUM.AX,24.343326568603516,-0.01236047359967507,-0.012437499630422287
2025-04-14,MTUM.AX,24.756092071533203,0.016956002367484402,0.01681385395505643
2025-04-15,MTUM.AX,24.785573959350586,0.0011908942547229628,0.0011901857026446045
2025-04-16,MTUM.AX,24.94281768798828,0.006344163298198424,0.00632412380543987
2025-04-17,MTUM.AX,24.962474822998047,0.00078808798811969,0.000787777609840738
2025-04-18,MTUM.AX,24.962474822998047,0.0,0.0
2025-04-21,MTUM.AX,24.962474822998047,0.0,0.0
2025-04-22,MTUM.AX,25.021438598632812,0.0023620965490345203,0.002359311184318995
2025-04-23,MTUM.AX,25.48334503173828,0.018460426697076704,0.018292101435097973
2025-04-24,MTUM.AX,25.640588760375977,0.0061704508745557,0.006151491594124931
2025-04-25,MTUM.AX,25.640588760375977,0.0,0.0
2025-04-28,MTUM.AX,25.719209671020508,0.0030662677592656618,0.0030615763479156705
2025-04-29,MTUM.AX,25.90593910217285,0.007260309843919677,0.007234080672497688
2025-04-30,MTUM.AX,26.08283805847168,0.006828509694288165,0.00680530101585263
2025-05-01,MTUM.AX,26.27939224243164,0.0075357667566440245,0.007507514711445537
2025-05-02,MTUM.AX,26.613536834716797,0.012715080668632694,0.012634922791222808
2025-05-05,MTUM.AX,26.358015060424805,-0.009601195657642503,-0.009647584299749894
2025-05-06,MTUM.AX,26.367841720581055,0.0003728148775135054,0.0003727453993148587
2025-05-07,MTUM.AX,26.495601654052734,0.004845293552105945,0.004833592897485657
2025-05-08,MTUM.AX,26.534912109375,0.0014836596592722184,0.0014825601237032967
2025-05-09,MTUM.AX,26.82974624633789,0.0111111781997848,0.011049902538018288
2025-05-12,MTUM.AX,26.741296768188477,-0.0032966945470640496,-0.0033021406171795413
2025-05-13,MTUM.AX,26.908367156982422,0.006247654713315676,0.006228219028233658
2025-05-14,MTUM.AX,26.859230041503906,-0.001826090568478267,-0.0018277599044090314
2025-05-15,MTUM.AX,27.02630043029785,0.006220222565419098,0.006200956831198871
2025-05-16,MTUM.AX,27.13440704345703,0.004000052224609529,0.003992073286079456
2025-05-19,MTUM.AX,27.045957565307617,-0.0032596797861754734,-0.0032650041158847534
2025-05-20,MTUM.AX,27.330961227416992,0.010537754539515998,0.010482619399625295
2025-05-21,MTUM.AX,27.498031616210938,0.0061128617981554,0.0060942540510281465
2025-05-22,MTUM.AX,27.311307907104492,-0.006790439101697965,-0.006813599036925329
2025-05-23,MTUM.AX,27.39975357055664,0.0032384265064486772,0.0032331940968025794
2025-05-26,MTUM.AX,27.42923927307129,0.0010761302082049617,0.0010755515951638998
2025-05-27,MTUM.AX,27.645448684692383,0.007882442873045958,0.007851538714170806
2025-05-28,MTUM.AX,27.62579345703125,-0.0007109751729953429,-0.000711228035703493
2025-05-29,MTUM.AX,27.773210525512695,0.00533621120098271,0.005322024073949708
2025-05-30,MTUM.AX,27.842002868652344,0.002476931612801936,0.0024738690737853533
2025-06-02,MTUM.AX,27.979591369628906,0.004941760175288135,0.004929589757528479
2025-06-03,MTUM.AX,28.205631256103516,0.008078741518718902,0.008046283184265908
2025-06-04,MTUM.AX,28.402183532714844,0.006968547338177311,0.006944379224975879
2025-06-05,MTUM.AX,28.353046417236328,-0.0017300471078893764,-0.001731545367676505
2025-06-06,MTUM.AX,28.284252166748047,-0.002426344226857391,-0.002429292570106954
2025-06-09,MTUM.AX,28.284252166748047,0.0,0.0
2025-06-10,MTUM.AX,28.42184066772461,0.004864491384301672,0.004852697976577382
2025-06-11,MTUM.AX,28.451324462890625,0.0010373640296807984,0.0010368263394373112
2025-06-12,MTUM.AX,28.451324462890625,0.0,0.0
2025-06-13,MTUM.AX,28.254770278930664,-0.006908437047151494,-0.0069324107761681245
2025-06-16,MTUM.AX,28.205631256103516,-0.0017391407660387603,-0.001740654827038931
2025-06-17,MTUM.AX,28.166318893432617,-0.0013937770906081726,-0.001394749301365714
2025-06-18,MTUM.AX,28.254770278930664,0.0031403246491918946,0.003135404128404583
2025-06-19,MTUM.AX,28.382530212402344,0.004521711987407251,0.004511519760419355
2025-06-20,MTUM.AX,28.2351131439209,-0.005193936811772604,-0.005207472189849389
2025-06-23,MTUM.AX,28.009075164794922,-0.008005563072257194,-0.008037779648731928
2025-06-24,MTUM.AX,28.470979690551758,0.016491245178184677,0.016356741337108426
2025-06-25,MTUM.AX,28.510292053222656,0.0013807871417907958,0.0013798347318414639
2025-06-26,MTUM.AX,28.372703552246094,-0.004825923940719901,-0.004837606312306276
2025-06-27,MTUM.AX,28.24494171142578,-0.004502984376693275,-0.004513153349474887
2025-06-30,MTUM.AX,28.451324462890625,0.007306892454352454,0.007280326447161285
2025-07-01,MTUM.AX,28.389007568359375,-0.0021902985434836264,-0.00219270075568734
2025-07-02,MTUM.AX,28.517465591430664,0.004524921230936618,0.004514714552890876
2025-07-03,MTUM.AX,28.27043342590332,-0.00866248666927738,-0.008700224098293557
2025-07-04,MTUM.AX,28.398889541625977,0.004543832554224414,0.0045335405121844285
2025-07-07,MTUM.AX,28.329721450805664,-0.0024355913888438607,-0.002438562266426832
2025-07-08,MTUM.AX,28.27043342590332,-0.0020927853104838468,-0.002094978245757734
2025-07-09,MTUM.AX,28.201263427734375,-0.0024467257762510464,-0.002449723901154544
2025-07-10,MTUM.AX,28.45817756652832,0.00911002230280511,0.009068776361336895
2025-07-11,MTUM.AX,28.250669479370117,-0.00729168572629435,-0.007318400007304943
2025-07-14,MTUM.AX,28.171619415283203,-0.0027981660450432377,-0.002802088229976165
2025-07-15,MTUM.AX,28.42853355407715,0.009119608461506168,0.009078275933194335
2025-07-16,MTUM.AX,28.24078941345215,-0.006604074046516306,-0.006625977431164344
2025-07-17,MTUM.AX,28.44829750061035,0.007347814684647513,0.0073209510069488035
2025-07-18,MTUM.AX,28.873191833496094,0.014935668219745901,0.014825229420796372
2025-07-21,MTUM.AX,28.290193557739258,-0.02019168088927714,-0.02039831919243518
2025-07-22,MTUM.AX,27.875179290771484,-0.014669898462191355,-0.014778565488268712
2025-07-23,MTUM.AX,28.41865348815918,0.01949670679132165,0.019309080807755594
2025-07-24,MTUM.AX,28.211143493652344,-0.007301893968808093,-0.007328683284733114
2025-07-25,MTUM.AX,27.63802719116211,-0.020315245378805358,-0.02052443802525827
2025-07-28,MTUM.AX,28.250669479370117,0.02216664322567552,0.02192453448314069
2025-07-29,MTUM.AX,28.290193557739258,0.0013990492649387232,0.0013980715073636284
2025-07-30,MTUM.AX,28.527347564697266,0.008382905068287538,0.008347963657475314
2025-07-31,MTUM.AX,28.675567626953125,0.005195718316247655,0.005182267144053582
2025-08-01,MTUM.AX,27.964111328125,-0.024810539344281457,-0.02512350824045792
2025-08-04,MTUM.AX,28.389007568359375,0.015194340891034663,0.015080063024090496
2025-08-05,MTUM.AX,28.695329666137695,0.010790165772463611,0.01073236733188623
2025-08-06,MTUM.AX,29.001649856567383,0.010674914489348541,0.010618339853137974
2025-08-07,MTUM.AX,29.041173934936523,0.0013628217209922244,0.0013618939223244088
2025-08-08,MTUM.AX,28.75461769104004,-0.009867240371841723,-0.009916244209684457
2025-08-11,MTUM.AX,28.191383361816406,-0.019587613206178633,-0.0197819929793709
2025-08-12,MTUM.AX,28.724971771240234,0.01892735814257862,0.018750464302639873
2025-08-13,MTUM.AX,28.58663558959961,-0.004815885729751335,-0.004827519473648367
2025-08-14,MTUM.AX,28.77437973022461,0.006567549372382464,0.0065460769827153185
2025-08-15,MTUM.AX,28.97200584411621,0.00686812767970868,0.006844649530112743
2025-08-18,MTUM.AX,28.863309860229492,-0.003751759007352029,-0.0037588145077297303
2025-08-19,MTUM.AX,29.11034393310547,0.008558757608612355,0.008522339093338953
2025-08-20,MTUM.AX,29.43642807006836,0.011201658685731086,0.011139384723322522
2025-08-21,MTUM.AX,29.841562271118164,0.013763021793454344,0.013669171537321848
2025-08-22,MTUM.AX,29.881086349487305,0.0013244641151846093,0.0013235877862805181
2025-08-25,MTUM.AX,29.713104248046875,-0.005621686557032102,-0.005637547709120403
2025-08-26,MTUM.AX,29.663698196411133,-0.0016627697740126957,-0.0016641537099974255
2025-08-27,MTUM.AX,29.851442337036133,0.006329087471895756,0.006309142907475253
2025-08-28,MTUM.AX,30.019424438476562,0.005627269179955707,0.005611495249179863
2025-08-29,MTUM.AX,29.96013641357422,-0.0019749887285098744,-0.0019769415904258895
2025-09-01,MTUM.AX,29.900848388671875,-0.001978897027834714,-0.0019808576315403256
2025-09-02,MTUM.AX,29.782272338867188,-0.0039656416521482996,-0.003973525659339199
2025-09-03,MTUM.AX,29.13010597229004,-0.021897804141896904,-0.02214111966407831
2025-09-04,MTUM.AX,29.62417221069336,0.01696067425478298,0.016818447936070784
2025-09-05,MTUM.AX,29.881086349487305,0.00867244954447055,0.00863505987177568
2025-09-08,MTUM.AX,29.742748260498047,-0.004629620468655782,-0.004640370352919219
2025-09-09,MTUM.AX,29.63405418395996,-0.0036544732042278483,-0.0036611671048579846
2025-09-10,MTUM.AX,29.900848388671875,0.009002960008634986,0.008962674973348262
2025-09-11,MTUM.AX,29.831680297851562,-0.0023132484376769957,-0.002315928130171469
2025-09-12,MTUM.AX,29.98978042602539,0.005299739290421934,0.005285745094101703
2025-09-15,MTUM.AX,29.82179832458496,-0.005601311481915783,-0.0056170576540796
2025-09-16,MTUM.AX,29.950254440307617,0.0043074570595817985,0.004298206521106402
2025-09-17,MTUM.AX,29.722986221313477,-0.007588189924967015,-0.007617126716324514
2025-09-18,MTUM.AX,29.574766159057617,-0.0049867150343586575,-0.0049991901884151035
2025-09-19,MTUM.AX,29.772390365600586,0.006682189995353305,0.006659963124958905
2025-09-22,MTUM.AX,29.950254440307617,0.005974128127533174,0.005956353779780726
2025-09-23,MTUM.AX,30.088594436645508,0.004618992356596241,0.004608357546896608
2025-09-24,MTUM.AX,29.357376098632812,-0.024302176678686283,-0.02460234776001732
2025-09-25,MTUM.AX,29.62417221069336,0.009087873220146925,0.009046826994817181
2025-09-26,MTUM.AX,29.614290237426758,-0.0003335780387826448,-0.00033363368831260863
2025-09-29,MTUM.AX,30.029306411743164,0.014014051020270868,0.013916762094947159
2025-09-30,MTUM.AX,29.97001838684082,-0.0019743388038812038,-0.0019762903798753403
2025-10-01,MTUM.AX,29.900848388671875,-0.0023079731642512424,-0.002310640639412446
2025-10-02,MTUM.AX,30.256576538085938,0.011896924956444899,0.011826712868087076
2025-10-03,MTUM.AX,30.266456604003906,0.0003265427569285606,0.0003264894534461044
2025-10-06,MTUM.AX,30.31586456298828,0.0016324328820784828,0.0016311019118041238
2025-10-07,MTUM.AX,30.226932525634766,-0.0029335147994455912,-0.0029378259873382054
2025-10-08,MTUM.AX,30.118236541748047,-0.0035959978338701015,-0.003602478976194878
2025-10-09,MTUM.AX,30.157764434814453,0.0013124238868240656,0.0013115634113847765
2025-10-10,MTUM.AX,30.236814498901367,0.0026212176389195374,0.0026177882394586086
2025-10-13,MTUM.AX,30.098474502563477,-0.004575217284972788,-0.004585715625272453
2025-10-14,MTUM.AX,29.663698196411133,-0.0144451276464298,-0.014550474230063778
2025-10-15,MTUM.AX,30.049068450927734,0.012991308499869625,0.012907645269096227
2025-10-16,MTUM.AX,30.33562660217285,0.009536340592823711,0.009491156728886948
2025-10-17,MTUM.AX,29.999662399291992,-0.011074905664114287,-0.011136689018565217
2025-10-20,MTUM.AX,30.197288513183594,0.006587611262460991,0.006566007776398269
2025-10-21,MTUM.AX,30.385032653808594,0.006217251609959451,0.006198004237145367
2025-10-22,MTUM.AX,29.98978042602539,-0.013008122528170518,-0.01309346909434232
2025-10-23,MTUM.AX,29.910730361938477,-0.0026359000620862494,-0.0026393801634664034
2025-10-24,MTUM.AX,30.039186477661133,0.004294649918883842,0.004285454228700021
2025-10-27,MTUM.AX,30.118236541748047,0.0026315647444614676,0.0026281082406404283
2025-10-28,MTUM.AX,30.28622055053711,0.005577484875524341,0.0055619883013257
2025-10-29,MTUM.AX,29.851442337036133,-0.014355644434916659,-0.014459683598343522
2025-10-30,MTUM.AX,29.4858341217041,-0.012247589620767774,-0.012323209421043174
2025-10-31,MTUM.AX,29.515478134155273,0.0010053645533245614,0.0010048595128535347
2025-11-03,MTUM.AX,29.574766159057617,0.002008709621198257,0.0020066948616205924
2025-11-04,MTUM.AX,29.2882080078125,-0.009689278681155544,-0.009736525179197326
2025-11-05,MTUM.AX,29.2882080078125,0.0,0.0
2025-11-06,MTUM.AX,29.45619010925293,0.005735485810385521,0.005719100533473548
2025-11-07,MTUM.AX,29.248682022094727,-0.0070446342988877975,-0.007069564888676547
2025-11-10,MTUM.AX,29.258563995361328,0.000337860463563322,0.0003378034015692018
2025-11-11,MTUM.AX,29.535240173339844,0.009456245973738842,0.009411815556799643
2025-11-12,MTUM.AX,29.45619010925293,-0.0026764659309683747,-0.0026800540696922406
2025-11-13,MTUM.AX,29.13998794555664,-0.010734659252384482,-0.010792691384110292
2025-11-14,MTUM.AX,28.843549728393555,-0.010172901159634429,-0.010224998742170114
2025-11-17,MTUM.AX,28.92259979248047,0.002740649636792103,0.0027369009043224524
2025-11-18,MTUM.AX,28.349483489990234,-0.01981551819692351,-0.02001447829588014
2025-11-19,MTUM.AX,28.27043342590332,-0.002788412851148614,-0.002792307716275747
2025-11-20,MTUM.AX,28.211143493652344,-0.002097241713904907,-0.002099444005004767
2025-11-21,MTUM.AX,28.171619415283203,-0.0014010094407563844,-0.0014019917720937798
2025-11-24,MTUM.AX,28.27043342590332,0.0035075729642475295,0.003501435777098622
2025-11-25,MTUM.AX,28.566871643066406,0.010485803761730361,0.010431209036214445
2025-11-26,MTUM.AX,28.75461769104004,0.006572159889240092,0.006550657406852228
2025-11-27,MTUM.AX,28.705209732055664,-0.0017182617246123133,-0.0017197396294836628
2025-11-28,MTUM.AX,28.81390380859375,0.0037865627024735726,0.0037794117200013323
2025-12-01,MTUM.AX,28.576753616333008,-0.008230408272204115,-0.00826446507871438
2025-12-02,MTUM.AX,28.566871643066406,-0.0003458046144525495,-0.0003458644186556815
2025-12-03,MTUM.AX,28.537227630615234,-0.0010377059420983992,-0.0010382447316785487
2025-12-04,MTUM.AX,28.339601516723633,-0.006925203683051051,-0.006949294191619908
2025-12-05,MTUM.AX,28.369245529174805,0.0010460278502391063,0.001045481144320565
2025-12-08,MTUM.AX,28.329721450805664,-0.001393201603775318,-0.0013941730114790415
2025-12-09,MTUM.AX,28.1617374420166,-0.005929603264217209,-0.0059472531675213314
2025-12-10,MTUM.AX,28.201263427734375,0.0014035350552910053,0.001402551020609126
2025-12-11,MTUM.AX,28.1617374420166,-0.001401567905603196,-0.0014025510206092016
2025-12-12,MTUM.AX,28.171619415283203,0.0003509006959157013,0.00035083914466500104
2025-12-15,MTUM.AX,28.329721450805664,0.005612103201872998,0.005596414022856179
2025-12-16,MTUM.AX,28.26055145263672,-0.0024416053044876707,-0.002444590883446156
2025-12-17,MTUM.AX,28.30995750427246,0.001748233813432254,0.0017467074314218701
2025-12-18,MTUM.AX,28.30007553100586,-0.0003490635146700116,-0.000349124451519615
2025-12-19,MTUM.AX,28.60639762878418,0.010824073506189524,0.010765912538553543
2025-12-22,MTUM.AX,28.784259796142578,0.006217566072682645,0.006198316756806059
2025-12-23,MTUM.AX,29.060937881469727,0.00961213132756078,0.009566228706828798
2025-12-24,MTUM.AX,28.833667755126953,-0.007820467710633938,-0.007851207941783062
2025-12-25,MTUM.AX,28.833667755126953,0.0,0.0
2025-12-26,MTUM.AX,28.833667755126953,0.0,0.0
2025-12-29,MTUM.AX,28.724971771240234,-0.003769759186026289,-0.003776882636283298
2025-12-30,MTUM.AX,28.744735717773438,0.0006880405902780495,0.00068780399886789
2025-12-31,MTUM.AX,28.665685653686523,-0.0027500709995408323,-0.0027538593919515645
2026-01-01,MTUM.AX,28.665685653686523,0.0,0.0
2026-01-02,MTUM.AX,28.75,0.00294129878252658,0.0029369816265545886
2026-01-05,MTUM.AX,28.670000076293945,-0.0027826060419496867,-0.002786484686973675
2026-01-06,MTUM.AX,28.440000534057617,-0.008022306997707562,-0.00805465884294859
2026-01-07,MTUM.AX,28.559999465942383,0.004219371646672965,0.004210495058449919
2026-01-08,MTUM.AX,28.6200008392334,0.002100888459839245,0.0020986846797365812
2026-01-09,MTUM.AX,28.65999984741211,0.0013975893433195719,0.0013966136243304653
2026-01-12,MTUM.AX,28.93000030517578,0.00942081155621688,0.009376712460854857
2026-01-13,MTUM.AX,29.030000686645508,0.003456632575694618,0.0034506721526919313
2026-01-14,MTUM.AX,28.940000534057617,-0.0031002463127496327,-0.003105062032202872
2026-01-15,MTUM.AX,28.8799991607666,-0.0020733024251469168,-0.002075454692001255
2026-01-16,MTUM.AX,29.110000610351562,0.007964039344482199,0.00793249375931
2026-01-19,MTUM.AX,28.84000015258789,-0.009275178705000053,-0.009318461017016371
2026-01-20,MTUM.AX,28.969999313354492,0.004507599170554766,0.004497470371717721
2026-01-21,MTUM.AX,28.920000076293945,-0.0017258970744089552,-0.0017273881506410637
2026-01-22,MTUM.AX,29.030000686645508,0.003803617222039035,0.0037964017608337836
2026-01-23,MTUM.AX,29.200000762939453,0.005856013512674396,0.005838933712798144
2026-01-26,MTUM.AX,29.200000762939453,0.0,0.0
2026-01-27,MTUM.AX,29.360000610351562,0.005479446686014411,0.005464489132556301
2026-01-28,MTUM.AX,29.229999542236328,-0.004427829203429878,-0.00443766107244937
2026-01-29,MTUM.AX,29.040000915527344,-0.006500124176685107,-0.006521341979387674
2026-01-30,MTUM.AX,28.860000610351562,-0.0061983574208338554,-0.006217646988591134
2026-02-02,MTUM.AX,28.450000762939453,-0.01420650861888928,-0.014308387105235328
2026-02-03,MTUM.AX,28.729999542236328,0.00984178459712437,0.009793669668707268
2026-02-04,MTUM.AX,28.920000076293945,0.006613314900276723,0.006591542870767734
2026-02-05,MTUM.AX,28.670000076293945,-0.008644536630030175,-0.008682117372281377
2026-02-06,MTUM.AX,28.170000076293945,-0.017439832531197963,-0.017593697959764208
2026-02-09,MTUM.AX,28.760000228881836,0.02094427231061302,0.02072795621456361
2026-02-10,MTUM.AX,28.729999542236328,-0.0010431393048244697,-0.0010436837532857622
2026-02-11,MTUM.AX,29.25,0.018099563732996593,0.017937716619966064
2026-02-12,MTUM.AX,29.290000915527344,0.0013675526676015792,0.0013666184191112596
2026-02-13,MTUM.AX,29.040000915527344,-0.008535336025458085,-0.00857197061395818
2026-02-16,MTUM.AX,29.18000030517578,0.0048209154695164624,0.004809332070009689
2026-02-17,MTUM.AX,29.049999237060547,-0.004455142794915434,-0.004465096518084308
2026-02-18,MTUM.AX,29.239999771118164,0.006540466060158234,0.006519170018937675
2026-02-19,MTUM.AX,29.520000457763672,0.009575946950658887,0.009530388185289446
2026-02-20,MTUM.AX,29.3700008392334,-0.005081287811796953,-0.0050942414541314835
2026-02-23,MTUM.AX,29.639999389648438,0.009193004518214698,0.0091510060506884
2026-02-24,MTUM.AX,29.329999923706055,-0.01045882160343925,-0.010513899447593776
2026-02-25,MTUM.AX,29.760000228881836,0.014660767347231873,0.014554337267678937
2026-02-26,MTUM.AX,29.850000381469727,0.0030241986524095488,0.0030196349623534038
2026-02-27,MTUM.AX,30.0,0.00502511278436657,0.0050125290439889374
2026-03-02,MTUM.AX,30.280000686645508,0.009333356221516986,0.009290069583628378
2026-03-03,MTUM.AX,29.719999313354492,-0.018494100415856196,-0.01866725450004482
2026-03-04,MTUM.AX,29.09000015258789,-0.02119781881971694,-0.02142571899325596
2026-03-05,MTUM.AX,29.09000015258789,0.0,0.0
2026-03-06,MTUM.AX,28.649999618530273,-0.015125490950486431,-0.015241047906559084
2026-03-09,MTUM.AX,27.459999084472656,-0.04153579580810696,-0.04242306284649786
2026-03-10,MTUM.AX,27.920000076293945,0.016751675424541368,0.016612913627336984
2026-03-11,MTUM.AX,28.219999313354492,0.0107449583180792,0.010687641466029919
2026-03-12,MTUM.AX,27.799999237060547,-0.014883064724072859,-0.014994928840067074
2026-03-13,MTUM.AX,27.780000686645508,-0.0007193723368300597,-0.0007196312092674501
2024-03-14,MVW.AX,33.383277893066406,-0.0010953310088939183,-0.0010959313223047392
2024-03-15,MVW.AX,33.264312744140625,-0.003563614972347917,-0.0035699797738170756
2024-03-18,MVW.AX,33.255165100097656,-0.00027499873853786827,-0.0002750365576245933
2024-03-19,MVW.AX,33.392433166503906,0.004127721693549802,0.00411922602085109
2024-03-20,MVW.AX,33.255165100097656,-0.004110753646546006,-0.004119226020850981
2024-03-21,MVW.AX,33.51139450073242,0.007704950490052154,0.007675418954703128
2024-03-22,MVW.AX,33.474796295166016,-0.0010921122833490449,-0.0010927090725155193
2024-03-25,MVW.AX,33.85913848876953,0.011481539430876708,0.011416126772885676
2024-03-26,MVW.AX,33.410736083984375,-0.013243172295535066,-0.013331645076785545
2024-03-27,MVW.AX,33.5754508972168,0.004929996538189929,0.0049178838991232885
2024-03-28,MVW.AX,34.051307678222656,0.014172759212157215,0.014073264633480182
2024-03-29,MVW.AX,34.051307678222656,0.0,0.0
2024-04-01,MVW.AX,34.051307678222656,0.0,0.0
2024-04-02,MVW.AX,33.99640655517578,-0.0016123058640119536,-0.0016136070278823498
2024-04-03,MVW.AX,33.51139450073242,-0.014266568252035428,-0.014369314128305754
2024-04-04,MVW.AX,33.785926818847656,0.008192208119218503,0.00815883412950445
2024-04-05,MVW.AX,34.04216003417969,0.007584022090200371,0.007555407976980073
2024-04-08,MVW.AX,33.74932861328125,-0.008602022333612847,-0.008639233274295274
2024-04-09,MVW.AX,33.77677536010742,0.0008132531209930072,0.000812922609854276
2024-04-10,MVW.AX,33.9140510559082,0.004064203712084158,0.004055967145358903
2024-04-11,MVW.AX,33.76762771606445,-0.0043174830279746335,-0.004326830271903357
2024-04-12,MVW.AX,33.602909088134766,-0.004878004143931136,-0.004889940438829475
2024-04-15,MVW.AX,33.474796295166016,-0.003812550652466773,-0.0038198369491850214
2024-04-16,MVW.AX,32.92572021484375,-0.016402671295764004,-0.01653868447925308
2024-04-17,MVW.AX,33.27346420288086,0.010561469446014993,0.010506086734844313
2024-04-18,MVW.AX,33.14535140991211,-0.0038502992110348577,-0.003857730694799327
2024-04-19,MVW.AX,32.843360900878906,-0.009111096916682326,-0.009152856805989627
2024-04-22,MVW.AX,33.21855545043945,0.011423756256032425,0.011358997875172866
2024-04-23,MVW.AX,33.21855545043945,0.0,0.0
2024-04-24,MVW.AX,33.410736083984375,0.0057853398782390375,0.005768669066125112
2024-04-25,MVW.AX,33.410736083984375,0.0,0.0
2024-04-26,MVW.AX,32.94402313232422,-0.013968951491729609,-0.014067435515980503
2024-04-29,MVW.AX,33.30091857910156,0.010833389879063127,0.010775129107673089
2024-04-30,MVW.AX,33.69441604614258,0.011816414796676611,0.011747146105117984
2024-05-01,MVW.AX,32.86166763305664,-0.02471473053414952,-0.025025266711122113
2024-05-02,MVW.AX,32.934879302978516,0.002227874456627754,0.0022253964241448583
2024-05-03,MVW.AX,33.15449905395508,0.0066683028942116085,0.006646168108948567
2024-05-06,MVW.AX,33.255165100097656,0.0030362710647129365,0.0030316709029302455
2024-05-07,MVW.AX,33.392433166503906,0.004127721693549802,0.00411922602085109
2024-05-08,MVW.AX,33.75847244262695,0.010961743167916982,0.010902098736720373
2024-05-09,MVW.AX,33.58460998535156,-0.005150187336553036,-0.005163495263228456
2024-05-10,MVW.AX,33.71271896362305,0.0038145143959498196,0.0038072575841990655
2024-05-13,MVW.AX,33.63951110839844,-0.0021715203482579604,-0.002173881517406589
2024-05-14,MVW.AX,33.50224685668945,-0.004080447283156707,-0.004088795024255541
2024-05-15,MVW.AX,33.621212005615234,0.0035509603112493515,0.003544670537111099
2024-05-16,MVW.AX,34.09706497192383,0.014153355513451427,0.014054131912597174
2024-05-17,MVW.AX,33.731021881103516,-0.010735325492728487,-0.010793364854150037
2024-05-20,MVW.AX,33.941497802734375,0.006239832352922914,0.00622044520559568
2024-05-21,MVW.AX,33.95064926147461,0.0002696244813185089,0.0002695881391703876
2024-05-22,MVW.AX,34.04216003417969,0.002695405675464446,0.0026917795839836813
2024-05-23,MVW.AX,33.99640655517578,-0.0013440239678671473,-0.0013449279781787195
2024-05-24,MVW.AX,33.419883728027344,-0.016958346059685714,-0.017103785429262604
2024-05-27,MVW.AX,33.89574432373047,0.01423884653745966,0.014138426285226309
2024-05-28,MVW.AX,33.6303596496582,-0.007829439340161337,-0.007860250327558977
2024-05-29,MVW.AX,33.136199951171875,-0.014693857087292539,-0.014802881112392478
2024-05-30,MVW.AX,32.96232604980469,-0.005247249280949551,-0.0052610644423799965
2024-05-31,MVW.AX,33.24601745605469,0.00860653480040674,0.008569709719814744
2024-06-03,MVW.AX,33.48394012451172,0.007156426142515437,0.007130940443725253
2024-06-04,MVW.AX,33.401580810546875,-0.0024596661461759872,-0.002462696094411773
2024-06-05,MVW.AX,33.538848876953125,0.004109627840215957,0.004101206384538147
2024-06-06,MVW.AX,33.74017333984375,0.006002724292334616,0.005984779717950914
2024-06-07,MVW.AX,33.877437591552734,0.0040682734592500935,0.004060020410979778
2024-06-10,MVW.AX,33.877437591552734,0.0,0.0
2024-06-11,MVW.AX,33.282615661621094,-0.01755805551479961,-0.017714026567072147
2024-06-12,MVW.AX,33.0355339050293,-0.0074237481544069395,-0.007451441315902359
2024-06-13,MVW.AX,33.127052307128906,0.0027703018925835377,0.0027664716785642815
2024-06-14,MVW.AX,32.95317459106445,-0.0052488134003710885,-0.005262636813655266
2024-06-17,MVW.AX,32.733551025390625,-0.006664716477221666,-0.006687024874759071
2024-06-18,MVW.AX,33.01723861694336,0.008666569396417856,0.008629230263566545
2024-06-19,MVW.AX,32.99893569946289,-0.0005543442833851886,-0.0005544979889839543
2024-06-20,MVW.AX,32.989776611328125,-0.0002775570769366631,-0.00027759560303110026
2024-06-21,MVW.AX,33.081295013427734,0.0027741443410740363,0.0027703035043786825
2024-06-24,MVW.AX,32.74270248413086,-0.010235165496376153,-0.010287904976241373
2024-06-25,MVW.AX,33.255165100097656,0.015651200942108145,0.015529984053897524
2024-06-26,MVW.AX,32.74270248413086,-0.01541001569002265,-0.015529984053897612
2024-06-27,MVW.AX,32.94402313232422,0.006148565418231167,0.006129740116204979
2024-06-28,MVW.AX,33.081295013427734,0.004166822022682037,0.004158164860036326
2024-07-01,MVW.AX,32.930965423583984,-0.004544247429936754,-0.004554603909135154
2024-07-02,MVW.AX,32.80882263183594,-0.0037090559045855898,-0.003715951508504859
2024-07-03,MVW.AX,32.80882263183594,0.0,0.0
2024-07-04,MVW.AX,33.212825775146484,0.01231385678919561,0.012238657950493191
2024-07-05,MVW.AX,33.156455993652344,-0.0016972293136322536,-0.0016986712390534727
2024-07-08,MVW.AX,32.912174224853516,-0.007367547630711679,-0.007394822056082519
2024-07-09,MVW.AX,33.156455993652344,0.0074222312731426765,0.00739482205608248
2024-07-10,MVW.AX,33.10008239746094,-0.001700229849722179,-0.0017016768809161446
2024-07-11,MVW.AX,33.62622833251953,0.015895608015131568,0.0157705958607483
2024-07-12,MVW.AX,33.6732063293457,0.001397064112026447,0.0013960891259329699
2024-07-15,MVW.AX,33.917484283447266,0.007254371672016147,0.007228185285427013
2024-07-16,MVW.AX,33.917484283447266,0.0,0.0
2024-07-17,MVW.AX,34.208744049072266,0.008587304506164184,0.008550643337726498
2024-07-18,MVW.AX,34.002044677734375,-0.006042296409402903,-0.006060624950634355
2024-07-19,MVW.AX,33.72018051147461,-0.008289624019120811,-0.008324174022488282
2024-07-22,MVW.AX,33.72018051147461,0.0,0.0
2024-07-23,MVW.AX,33.72957992553711,0.0002787474420340441,0.0002787085991838863
2024-07-24,MVW.AX,33.87051010131836,0.004178236909335276,0.004169532315646201
2024-07-25,MVW.AX,33.372554779052734,-0.014701736725430736,-0.014810878291444243
2024-07-26,MVW.AX,33.62622833251953,0.007601262628716077,0.007572518600650125
2024-07-29,MVW.AX,33.87051010131836,0.007264619938436079,0.007238359690793951
2024-07-30,MVW.AX,33.663814544677734,-0.006102522696656343,-0.0061212191909499735
2024-07-31,MVW.AX,34.27450942993164,0.018140988878233344,0.017978404489765478
2024-08-01,MVW.AX,34.4718132019043,0.0057565746455396916,0.005740068883853378
2024-08-02,MVW.AX,33.78594970703125,-0.019896356796084036,-0.020096954538198916
2024-08-05,MVW.AX,32.57394027709961,-0.03587317924881084,-0.03653243622858844
2024-08-06,MVW.AX,32.60212326049805,0.0008652003153040155,0.0008648262452593455
2024-08-07,MVW.AX,32.874595642089844,0.00835750418507053,0.008322773620024974
2024-08-08,MVW.AX,32.69607925415039,-0.005430223078117358,-0.005445020332027284
2024-08-09,MVW.AX,33.203433990478516,0.015517295893015204,0.01539813379184829
2024-08-12,MVW.AX,33.353755950927734,0.004527301618631574,0.004517084215230047
2024-08-13,MVW.AX,33.353755950927734,0.0,0.0
2024-08-14,MVW.AX,33.410133361816406,0.0016902867242782893,0.0016888597973905835
2024-08-15,MVW.AX,33.51348114013672,0.003093306369091886,0.003088531940258926
2024-08-16,MVW.AX,33.88929748535156,0.011213885649281385,0.011151476168707916
2024-08-19,MVW.AX,33.9644660949707,0.0022180633768413838,0.0022156071057090085
2024-08-20,MVW.AX,33.9080924987793,-0.001659781609219979,-0.0016611605727786033
2024-08-21,MVW.AX,34.10539627075195,0.0058187812239736125,0.005801917502422143
2024-08-22,MVW.AX,34.2463264465332,0.004132195816241246,0.004123681741599628
2024-08-23,MVW.AX,34.208744049072266,-0.0010974139816021244,-0.0010980165812334809
2024-08-26,MVW.AX,34.377864837646484,0.004943788299611729,0.004931607906596851
2024-08-27,MVW.AX,34.312095642089844,-0.0019131262475794442,-0.00191495861100037
2024-08-28,MVW.AX,34.2463264465332,-0.0019167933151819083,-0.0019186327143630101
2024-08-29,MVW.AX,34.1993522644043,-0.0013716560870330463,-0.0013725976683592557
2024-08-30,MVW.AX,34.2369270324707,0.0010986982377885202,0.0010980951106090825
2024-09-02,MVW.AX,34.4812126159668,0.007135149228329141,0.0071098144911102045
2024-09-03,MVW.AX,34.39665222167969,-0.0024523613838323133,-0.0024553733473003632
2024-09-04,MVW.AX,33.82352828979492,-0.01666220096627702,-0.016802576936466557
2024-09-05,MVW.AX,33.9268798828125,0.003055612416660969,0.0030509535211471804
2024-09-06,MVW.AX,33.992652893066406,0.001938669588276154,0.0019367927936548635
2024-09-09,MVW.AX,33.89869689941406,-0.0027640088564993004,-0.002767835782376711
2024-09-10,MVW.AX,33.945674896240234,0.001385834888154136,0.0013848755052474383
2024-09-11,MVW.AX,33.992652893066406,0.001383917007682589,0.0013829602771292463
2024-09-12,MVW.AX,34.46242141723633,0.01381970761881135,0.01372508622287276
2024-09-13,MVW.AX,34.60335159301758,0.004089386931783068,0.004081048115079108
2024-09-16,MVW.AX,34.61275100708008,0.00027163305372979174,0.00027159616815126286
2024-09-17,MVW.AX,34.68790817260742,0.002171372206501987,0.0021690181848945723
2024-09-18,MVW.AX,34.65032958984375,-0.0010833337823854539,-0.001083921012576662
2024-09-19,MVW.AX,34.725494384765625,0.0021692375169761746,0.002166888118262726
2024-09-20,MVW.AX,34.77246856689453,0.0013527289664596598,0.0013518148529037058
2024-09-23,MVW.AX,34.62214279174805,-0.0043231263508741735,-0.004332498081467149
2024-09-24,MVW.AX,34.781864166259766,0.004613272363655829,0.004602663836875259
2024-09-25,MVW.AX,34.791255950927734,0.00027001958903283274,0.00026998314030470146
2024-09-26,MVW.AX,35.22344970703125,0.012422482152214087,0.01234595623030723
2024-09-27,MVW.AX,35.3925666809082,0.004801260957787212,0.004789771665113264
2024-09-30,MVW.AX,35.55229187011719,0.00451295862911083,0.004502805766156837
2024-10-01,MVW.AX,35.411354064941406,-0.00396423965269721,-0.003972118078915264
2024-10-02,MVW.AX,35.4019660949707,-0.00026511186083100213,-0.0002651470091926811
2024-10-03,MVW.AX,35.373779296875,-0.0007961930142548201,-0.0007965101442550949
2024-10-04,MVW.AX,35.32679748535156,-0.0013281535775169218,-0.0013290363552091304
2024-10-07,MVW.AX,35.72140884399414,0.01117031224826448,0.011108385047773579
2024-10-08,MVW.AX,35.55229187011719,-0.004734331017444915,-0.004745573460201315
2024-10-09,MVW.AX,35.514705657958984,-0.0010572092594063331,-0.0010577684993058989
2024-10-10,MVW.AX,35.890525817871094,0.010582099807657785,0.010526501278330828
2024-10-11,MVW.AX,35.84355163574219,-0.0013088184432649141,-0.001309675694195821
2024-10-14,MVW.AX,35.9656867980957,0.0034074514600201944,0.0034016592513445034
2024-10-15,MVW.AX,36.18178176879883,0.006008364915043529,0.005990386667872
2024-10-16,MVW.AX,35.9656867980957,-0.005972480075303377,-0.005990386667872097
2024-10-17,MVW.AX,36.238155364990234,0.007575792127204828,0.007547239927044257
2024-10-18,MVW.AX,35.946895599365234,-0.008037378356912317,-0.008069852202440091
2024-10-21,MVW.AX,36.01266860961914,0.001829727133796366,0.00182805522222161
2024-10-22,MVW.AX,35.53350067138672,-0.013305538210085177,-0.013394849995906554
2024-10-23,MVW.AX,35.524105072021484,-0.00026441524723741505,-0.0002644502111123578
2024-10-24,MVW.AX,35.4019660949707,-0.0034381999716293077,-0.0034441241640884314
2024-10-25,MVW.AX,35.48652267456055,0.0023884712889394866,0.0023856234251828866
2024-10-28,MVW.AX,35.33619689941406,-0.004236137097035186,-0.004245134945524751
2024-10-29,MVW.AX,35.524105072021484,0.005317724857100803,0.005303635684430355
2024-10-30,MVW.AX,35.298614501953125,-0.006347536964300682,-0.006367768234989262
2024-10-31,MVW.AX,35.16707992553711,-0.003726338222389325,-0.0037332983164861206
2024-11-01,MVW.AX,35.06372833251953,-0.0029388733223348895,-0.0029432002902237304
2024-11-04,MVW.AX,35.33619689941406,0.007770667292155364,0.007740631157268807
2024-11-05,MVW.AX,35.18587112426758,-0.0042541582948044665,-0.0042632329720902985
2024-11-06,MVW.AX,35.44894027709961,0.007476556482087338,0.0074487455675640146
2024-11-07,MVW.AX,35.61805725097656,0.004770720155665931,0.0047593763347537005
2024-11-08,MVW.AX,35.82475662231445,0.005803218572012936,0.0057864447625509685
2024-11-11,MVW.AX,35.665035247802734,-0.0044584078042900765,-0.004468376144014792
2024-11-12,MVW.AX,35.74959182739258,0.002370853666688877,0.002368047627398329
2024-11-13,MVW.AX,35.514705657958984,-0.006570317517684665,-0.006591997067018076
2024-11-14,MVW.AX,35.48652267456055,-0.0007935581296905081,-0.0007938731636192902
2024-11-15,MVW.AX,35.82475662231445,0.00953133534259698,0.009486198747253744
2024-11-18,MVW.AX,36.097225189208984,0.0076055943594273145,0.007576817643893476
2024-11-19,MVW.AX,36.33210754394531,0.006506936572137079,0.006485857849556653
2024-11-20,MVW.AX,36.10662078857422,-0.0062062668701053925,-0.006225605800900965
2024-11-21,MVW.AX,36.04085159301758,-0.0018215273022019751,-0.001823188300400492
2024-11-22,MVW.AX,36.36968994140625,0.009124044906096973,0.009082672275116095
2024-11-25,MVW.AX,36.529415130615234,0.004391711600134851,0.0043820961765779895
2024-11-26,MVW.AX,35.702613830566406,-0.022633849928680783,-0.022893927371834884
2024-11-27,MVW.AX,36.48244094848633,0.02184229764298884,0.02160717228484116
2024-11-28,MVW.AX,36.67974090576172,0.00540807994602055,0.00539350879270273
2024-11-29,MVW.AX,36.604576110839844,-0.0020492182623369493,-0.0020513207829203906
2024-12-02,MVW.AX,36.604576110839844,0.0,0.0
2024-12-03,MVW.AX,36.792484283447266,0.005133461238246095,0.005120329946250724
2024-12-04,MVW.AX,36.726722717285156,-0.0017873641164181109,-0.0017889633575620368
2024-12-05,MVW.AX,36.73611068725586,0.00025561687175224,0.00025558420732594493
2024-12-06,MVW.AX,36.501224517822266,-0.00639387689767279,-0.006414405279311272
2024-12-09,MVW.AX,36.41666793823242,-0.0023165409025814876,-0.002319228234469815
2024-12-10,MVW.AX,36.36029815673828,-0.0015479115659277065,-0.0015491108187536539
2024-12-11,MVW.AX,36.05964279174805,-0.008268781617086884,-0.008303157621406525
2024-12-12,MVW.AX,35.92810821533203,-0.0036476949362935773,-0.0036543639982093744
2024-12-13,MVW.AX,35.77778244018555,-0.004184071542134071,-0.004192849262431532
2024-12-16,MVW.AX,35.505313873291016,-0.007615580069839534,-0.00764472667289455
2024-12-17,MVW.AX,35.74020004272461,0.006615521560289217,0.006593735030916178
2024-12-18,MVW.AX,35.73080062866211,-0.0002629927658844844,-0.0002630273545464497
2024-12-19,MVW.AX,35.16707992553711,-0.015776884178542616,-0.01590266391136268
2024-12-20,MVW.AX,34.81005096435547,-0.010152363003627651,-0.01020424972149947
2024-12-23,MVW.AX,35.44894027709961,0.01835358739917803,0.01818719318401834
2024-12-24,MVW.AX,35.53350067138672,0.0023854138833518945,0.00238257330006882
2024-12-25,MVW.AX,35.53350067138672,0.0,0.0
2024-12-26,MVW.AX,35.53350067138672,0.0,0.0
2024-12-27,MVW.AX,35.61805725097656,0.002379629870184141,0.002376803034684563
2024-12-30,MVW.AX,35.58987045288086,-0.0007913625916509126,-0.0007916758843229501
2024-12-31,MVW.AX,35.298614501953125,-0.00818367550152621,-0.008217345596463308
2025-01-01,MVW.AX,35.298614501953125,0.0,0.0
2025-01-02,MVW.AX,35.375099182128906,0.0021667898656914097,0.0021644457620396905
2025-01-03,MVW.AX,35.671485900878906,0.008378399654063173,0.008343495687751952
2025-01-06,MVW.AX,35.68104553222656,0.00026799083655282274,0.0002679549334229146
2025-01-07,MVW.AX,35.8531379699707,0.004823077215848626,0.004811483442431902
2025-01-08,MVW.AX,35.98699188232422,0.003733394618502528,0.0037264427980341222
2025-01-09,MVW.AX,35.862701416015625,-0.003453760923253002,-0.003459738923869338
2025-01-10,MVW.AX,35.824459075927734,-0.0010663541389219766,-0.0010669230990080331
2025-01-13,MVW.AX,35.61412048339844,-0.005871368276168409,-0.005888672525209509
2025-01-14,MVW.AX,35.767093658447266,0.004295295601084215,0.004286097149572759
2025-01-15,MVW.AX,35.795772552490234,0.0008018234390758661,0.0008015021503951994
2025-01-16,MVW.AX,36.159088134765625,0.01014967847788828,0.010098516385910345
2025-01-17,MVW.AX,36.14952850341797,-0.0002643770028720738,-0.0002644119566326803
2025-01-20,MVW.AX,36.29294204711914,0.003967231375856306,0.003959382665047728
2025-01-21,MVW.AX,36.417232513427734,0.003424645655544456,0.003418794910625014
2025-01-22,MVW.AX,36.627567291259766,0.005775693629505696,0.0057590782572232374
2025-01-23,MVW.AX,36.29294204711914,-0.009135885041987923,-0.00917787316784827
2025-01-24,MVW.AX,36.37898635864258,0.0023708276780571858,0.002368021700235809
2025-01-27,MVW.AX,36.37898635864258,0.0,0.0
2025-01-28,MVW.AX,36.23557662963867,-0.003942103487714066,-0.003949894058565788
2025-01-29,MVW.AX,36.531959533691406,0.008179334555153961,0.008146065089878309
2025-01-30,MVW.AX,36.75185775756836,0.006019338318661749,0.006001294473565423
2025-01-31,MVW.AX,36.93351745605469,0.004942871179047126,0.004930695297360626
2025-02-03,MVW.AX,35.8531379699707,-0.029252006321073387,-0.02968837714671544
2025-02-04,MVW.AX,36.36942672729492,0.01440009958839994,0.014297402875504088
2025-02-05,MVW.AX,36.551082611083984,0.004994741466538777,0.004982309125746962
2025-02-06,MVW.AX,36.79966735839844,0.006801022830417391,0.006778000200654496
2025-02-07,MVW.AX,36.79966735839844,0.0,0.0
2025-02-10,MVW.AX,36.63713073730469,-0.0044167959321691486,-0.004426578791879885
2025-02-11,MVW.AX,36.79966735839844,0.004436390563965498,0.0044265787918797974
2025-02-12,MVW.AX,36.91439437866211,0.003117610253003722,0.0031127605831315765
2025-02-13,MVW.AX,36.61800765991211,-0.00802902834351582,-0.008061434568478201
2025-02-14,MVW.AX,36.99087905883789,0.010182733107404474,0.010131238357136066
2025-02-17,MVW.AX,36.99087905883789,0.0,0.0
2025-02-18,MVW.AX,36.73273849487305,-0.006978492280603654,-0.007002955836784941
2025-02-19,MVW.AX,36.493717193603516,-0.006507037347702527,-0.0065283004050886466
2025-02-20,MVW.AX,36.426788330078125,-0.0018339831804561335,-0.0018356669866389894
2025-02-21,MVW.AX,36.34074401855469,-0.002362116328888386,-0.0023649105266780345
2025-02-24,MVW.AX,36.19733428955078,-0.003946251868995443,-0.003954058866590015
2025-02-25,MVW.AX,36.12084197998047,-0.0021132028385967283,-0.0021154388023004993
2025-02-26,MVW.AX,36.07304000854492,-0.0013233902870271042,-0.001324266741299054
2025-02-27,MVW.AX,36.216453552246094,0.00397564340757528,0.00396776142106182
2025-02-28,MVW.AX,35.71929168701172,-0.0137275137809163,-0.01382260736679536
2025-03-03,MVW.AX,36.12084197998047,0.011241832466536872,0.01117911268703258
2025-03-04,MVW.AX,35.84358215332031,-0.007675896005243321,-0.007705507321231845
2025-03-05,MVW.AX,35.59499740600586,-0.006935265182233641,-0.006959425905958153
2025-03-06,MVW.AX,35.757537841796875,0.0045663842572325475,0.004555989955545352
2025-03-07,MVW.AX,34.9926643371582,-0.021390552896083714,-0.021622646480765142
2025-03-10,MVW.AX,35.31773376464844,0.009289644948385689,0.009246761573056027
2025-03-11,MVW.AX,34.85881423950195,-0.012994025273666998,-0.013079186146173899
2025-03-12,MVW.AX,33.5681037902832,-0.03702680304472661,-0.03772970043192036
2025-03-13,MVW.AX,34.466819763183594,0.026772914505839296,0.026420791117881984
2025-03-14,MVW.AX,34.476383209228516,0.00027746818855445277,0.00027742970137577017
2025-03-17,MVW.AX,34.96398162841797,0.014142969006648354,0.014043890305710053
2025-03-18,MVW.AX,35.097835540771484,0.003828337223604983,0.003821027790034462
2025-03-19,MVW.AX,35.25080871582031,0.004358478883152994,0.004349008222543353
2025-03-20,MVW.AX,35.8531379699707,0.017086962713569465,0.016942622470288656
2025-03-21,MVW.AX,35.26993179321289,-0.016266530902993348,-0.01640028335917696
2025-03-24,MVW.AX,35.34641647338867,0.0021685519729441882,0.002166204057885697
2025-03-25,MVW.AX,35.432464599609375,0.0024344229148516305,0.0024314645077573556
2025-03-26,MVW.AX,35.61412048339844,0.005126820441134772,0.005113723043481099
2025-03-27,MVW.AX,35.432464599609375,-0.005100670220783421,-0.005113723043481148
2025-03-28,MVW.AX,35.2890510559082,-0.004047518153810659,-0.004055731525418607
2025-03-31,MVW.AX,34.81100845336914,-0.013546485049476198,-0.013639075815185133
2025-04-01,MVW.AX,34.41901397705078,-0.011260646954352138,-0.011324528053675455
2025-04-02,MVW.AX,35.03091049194336,0.017777862994581062,0.01762168507811618
2025-04-03,MVW.AX,35.8531379699707,0.023471484654001395,0.023200265109697044
2025-04-04,MVW.AX,35.14563751220703,-0.019733292476553865,-0.019930593809629697
2025-04-07,MVW.AX,32.497291564941406,-0.07535347584307672,-0.07834375054886651
2025-04-08,MVW.AX,34.41901397705078,0.05913484846172712,0.05745239417068308
2025-04-09,MVW.AX,32.78411102294922,-0.047499993904289384,-0.04866516558158486
2025-04-10,MVW.AX,34.26604461669922,0.045202799390004156,0.044210932990243944
2025-04-11,MVW.AX,33.90272903442383,-0.010602787288099602,-0.010659397342385427
2025-04-14,MVW.AX,34.38077163696289,0.014100416578667563,0.014001930422306066
2025-04-15,MVW.AX,34.33296585083008,-0.0013904803137523292,-0.0013914479285740478
2025-04-16,MVW.AX,34.237361907958984,-0.0027846106650522007,-0.002788494905737934
2025-04-17,MVW.AX,34.581546783447266,0.01005290291972738,0.010002708609872386
2025-04-18,MVW.AX,34.581546783447266,0.0,0.0
2025-04-21,MVW.AX,34.581546783447266,0.0,0.0
2025-04-22,MVW.AX,34.39989471435547,-0.005252861308642998,-0.005266706089030326
2025-04-23,MVW.AX,34.95442199707031,0.016120028486117155,0.0159914804522512
2025-04-24,MVW.AX,34.944862365722656,-0.0002734884687396466,-0.0002735258735309216
2025-04-25,MVW.AX,34.944862365722656,0.0,0.0
2025-04-28,MVW.AX,35.336856842041016,0.011217513814072655,0.011155064092424128
2025-04-29,MVW.AX,35.8531379699707,0.014610273070904789,0.014504571341558884
2025-04-30,MVW.AX,35.862701416015625,0.0002667394428050862,0.0002667038741648112
2025-05-01,MVW.AX,36.034793853759766,0.004798646809893947,0.004787170005068235
2025-05-02,MVW.AX,36.34074401855469,0.008490409742222038,0.00845456893927152
2025-05-05,MVW.AX,36.12084197998047,-0.006051115476940816,-0.006069497668890538
2025-05-06,MVW.AX,36.14952850341797,0.000794182025252832,0.0007938668295790005
2025-05-07,MVW.AX,36.28337860107422,0.003702678933795722,0.0036958408923357263
2025-05-08,MVW.AX,36.6849365234375,0.011067269307478256,0.011006475220940936
2025-05-09,MVW.AX,36.79966735839844,0.0031274644536358753,0.0031225841094359823
2025-05-12,MVW.AX,36.82835006713867,0.000779428478548061,0.000779124881915807
2025-05-13,MVW.AX,36.74230194091797,-0.0023364643288074083,-0.0023391981206889218
2025-05-14,MVW.AX,36.74230194091797,0.0,0.0
2025-05-15,MVW.AX,36.9813232421875,0.006505343667739805,0.006484275241827022
2025-05-16,MVW.AX,37.14385223388672,0.004394893893731933,0.004385264550549003
2025-05-19,MVW.AX,36.87615203857422,-0.007207119865404676,-0.00723321661766109
2025-05-20,MVW.AX,37.182098388671875,0.00829659097233404,0.008262363445666084
2025-05-21,MVW.AX,37.315948486328125,0.0035998532481165135,0.0035933892846476915
2025-05-22,MVW.AX,37.13429641723633,-0.004867947257413352,-0.0048798343053688235
2025-05-23,MVW.AX,37.17253875732422,0.0010298388222629296,0.0010293089020534066
2025-05-26,MVW.AX,37.210777282714844,0.0010286767239724437,0.001028147998631791
2025-05-27,MVW.AX,37.29682540893555,0.0023124517278136913,0.0023097821260749515
2025-05-28,MVW.AX,37.210777282714844,-0.002307116631971806,-0.0023097821260749376
2025-05-29,MVW.AX,37.354190826416016,0.003854086213022745,0.003846678250603916
2025-05-30,MVW.AX,37.28726577758789,-0.0017916342811205022,-0.0017932411774196422
2025-06-02,MVW.AX,37.30638885498047,0.0005128581298141643,0.0005127266630307913
2025-06-03,MVW.AX,37.574092864990234,0.007175822110534469,0.007150198406791129
2025-06-04,MVW.AX,37.813114166259766,0.00636133258435212,0.006341184707980491
2025-06-05,MVW.AX,37.86091613769531,0.0012641638354715656,0.001263365453156639
2025-06-06,MVW.AX,37.478485107421875,-0.010100944966111913,-0.010152305664480166
2025-06-09,MVW.AX,37.478485107421875,0.0,0.0
2025-06-10,MVW.AX,37.95652770996094,0.012755120735773673,0.012674459356232187
2025-06-11,MVW.AX,38.14774703979492,0.005037850967168467,0.005025203455718104
2025-06-12,MVW.AX,38.0521354675293,-0.0025063491211128053,-0.0025094952720724913
2025-06-13,MVW.AX,38.08081817626953,0.0007537739574354774,0.0007534900125239173
2025-06-16,MVW.AX,37.76530838012695,-0.008285268312307248,-0.008319781916331382
2025-06-17,MVW.AX,38.004329681396484,0.006329123513666657,0.00630917872256865
2025-06-18,MVW.AX,37.95652770996094,-0.0012578033038942449,-0.0012585950024068563
2025-06-19,MVW.AX,37.76530838012695,-0.005037850967168467,-0.005050583720161691
2025-06-20,MVW.AX,37.82267379760742,0.001518997724129667,0.0015178452140458911
2025-06-23,MVW.AX,37.650577545166016,-0.004550081608780676,-0.004560464738132765
2025-06-24,MVW.AX,37.73662567138672,0.0022854397417271244,0.002282832096641967
2025-06-25,MVW.AX,37.88959884643555,0.004053705712347755,0.004045511584271349
2025-06-26,MVW.AX,37.54541015625,-0.009083988763790463,-0.009125499771301011
2025-06-27,MVW.AX,37.52628707885742,-0.0005093319612968772,-0.0005094617148805785
2025-06-30,MVW.AX,37.77486801147461,0.006624181393027895,0.006602337913847633
2025-07-01,MVW.AX,37.67654800415039,-0.0026027889043676034,-0.0026061820484452824
2025-07-02,MVW.AX,37.97151184082031,0.007828844527832723,0.007798358136614008
2025-07-03,MVW.AX,38.05999755859375,0.002330318533124931,0.0023276075517086542
2025-07-04,MVW.AX,38.128822326660156,0.001808322976386112,0.0018066899288145582
2025-07-07,MVW.AX,38.16815185546875,0.0010314907833146592,0.0010309591622400468
2025-07-08,MVW.AX,37.9616813659668,-0.005409496647461376,-0.005424180954866714
2025-07-09,MVW.AX,37.89285659790039,-0.0018130063155766818,-0.0018146518006775362
2025-07-10,MVW.AX,37.981346130371094,0.0023352563099083845,0.002332533836516882
2025-07-11,MVW.AX,38.05999755859375,0.002070790960190916,0.002068649827972483
2025-07-14,MVW.AX,37.9420166015625,-0.0030998676983522433,-0.003104682240429334
2025-07-15,MVW.AX,38.21731185913086,0.007255683335424479,0.007229487501223922
2025-07-16,MVW.AX,37.9616813659668,-0.006688866399246485,-0.006711337124606706
2025-07-17,MVW.AX,38.22714614868164,0.0069929669383095305,0.006968629539552708
2025-07-18,MVW.AX,38.561439514160156,0.008744920799954814,0.008706905446797237
2025-07-21,MVW.AX,38.315635681152344,-0.006374342765849028,-0.006394745638178637
2025-07-22,MVW.AX,38.43362045288086,0.003079285248203556,0.0030745539595536317
2025-07-23,MVW.AX,38.71875,0.007418753262360633,0.007391369663751034
2025-07-24,MVW.AX,38.53194046020508,-0.004824782303016528,-0.004836459139087028
2025-07-25,MVW.AX,38.345130920410156,-0.004848173685616852,-0.0048599642034148054
2025-07-28,MVW.AX,38.47294998168945,0.0033333844013885283,0.003327840991067256
2025-07-29,MVW.AX,38.40412521362305,-0.0017889132000317165,-0.0017905152161139114
2025-07-30,MVW.AX,38.679420471191406,0.00716837725210584,0.007142806563400096
2025-07-31,MVW.AX,38.6302604675293,-0.0012709601918343694,-0.0012717685467361758
2025-08-01,MVW.AX,38.345130920410156,-0.007380989505851421,-0.007408363791617179
2025-08-04,MVW.AX,38.35496139526367,0.0002563682693879077,0.00025633541265862846
2025-08-05,MVW.AX,38.64009094238281,0.0074339677774868385,0.007406472023310737
2025-08-06,MVW.AX,38.92522430419922,0.007379210422707727,0.007352117251975057
2025-08-07,MVW.AX,38.87606430053711,-0.0012629343707289964,-0.0012637325444394974
2025-08-08,MVW.AX,38.86623001098633,-0.0002529651529217247,-0.00025299715400290714
2025-08-11,MVW.AX,38.84656524658203,-0.0005059601715612372,-0.0005060882125997723
2025-08-12,MVW.AX,38.885894775390625,0.0010124325936913259,0.0010119204294716249
2025-08-13,MVW.AX,38.994049072265625,0.0027813246293986182,0.002777463903017069
2025-08-14,MVW.AX,39.20051956176758,0.005294923056574863,0.005280954239000697
2025-08-15,MVW.AX,39.50531768798828,0.007775359347991229,0.007745287022998347
2025-08-18,MVW.AX,39.63313674926758,0.0032354900241229334,0.003230267089078678
2025-08-19,MVW.AX,39.44632339477539,-0.004713564704051376,-0.004724708582211277
2025-08-20,MVW.AX,39.57414245605469,0.0032403288894657933,0.0032350903371809042
2025-08-21,MVW.AX,40.085411071777344,0.012919259496030788,0.012836517742533703
2025-08-22,MVW.AX,39.98708724975586,-0.0024528580197274996,-0.0024558712042443203
2025-08-25,MVW.AX,39.82977294921875,-0.003934127523581243,-0.003941886559978575
2025-08-26,MVW.AX,39.56431198120117,-0.006664887805311603,-0.006687197352378214
2025-08-27,MVW.AX,39.6036376953125,0.000993969366382963,0.0009934757059274744
2025-08-28,MVW.AX,39.41682815551758,-0.004716979314681291,-0.004728139369938536
2025-08-29,MVW.AX,39.57414245605469,0.003991044127559684,0.003983101038078685
2025-09-01,MVW.AX,39.485652923583984,-0.0022360442192517205,-0.0022385478990490527
2025-09-02,MVW.AX,39.36766815185547,-0.002988041554152554,-0.0029925146630964614
2025-09-03,MVW.AX,38.345130920410156,-0.025974036041479853,-0.026317318653292777
2025-09-04,MVW.AX,39.14152908325195,0.02076921225004602,0.020556472740197798
2025-09-05,MVW.AX,39.279178619384766,0.003516713305707686,0.0035105441287242084
2025-09-08,MVW.AX,39.13169479370117,-0.0037547583953502217,-0.00376182519561844
2025-09-09,MVW.AX,39.02354431152344,-0.0027637566619052034,-0.0027675828888144576
2025-09-10,MVW.AX,39.121864318847656,0.00251950480303198,0.0025163361719439383
2025-09-11,MVW.AX,39.053043365478516,-0.0017591429899209698,-0.0017606920989532355
2025-09-12,MVW.AX,39.16119384765625,0.0027693227686662603,0.00276549525914555
2025-09-15,MVW.AX,39.20051956176758,0.00100420110439714,0.001003697231766192
2025-09-16,MVW.AX,39.35783386230469,0.0040130667219659966,0.004005035848160203
2025-09-17,MVW.AX,38.836734771728516,-0.013240034814905322,-0.013328465493372774
2025-09-18,MVW.AX,38.92522430419922,0.002278500831514707,0.0022759089847651155
2025-09-19,MVW.AX,39.00387954711914,0.0020206753930365196,0.002018636574579377
2025-09-22,MVW.AX,38.935054779052734,-0.0017645621119114496,-0.0017661207854889496
2025-09-23,MVW.AX,39.436492919921875,0.01287883486268826,0.01279660790802407
2025-09-24,MVW.AX,39.13169479370117,-0.00772883447926298,-0.007758856711755324
2025-09-25,MVW.AX,39.08253860473633,-0.0012561732688550764,-0.0012569629158540082
2025-09-26,MVW.AX,38.935054779052734,-0.0037736500992215927,-0.003780788280414709
2025-09-29,MVW.AX,38.935054779052734,0.0,0.0
2025-09-30,MVW.AX,39.07270812988281,0.0035354605666084726,0.0035292255174248937
2025-10-01,MVW.AX,39.23984909057617,0.004277690712856774,0.0042685674024858
2025-10-02,MVW.AX,39.544647216796875,0.007767566218645383,0.007737553990625749
2025-10-03,MVW.AX,39.57414245605469,0.0007458718520387819,0.0007455938278672964
2025-10-06,MVW.AX,39.63313674926758,0.001490728277394826,0.0014896182450304682
2025-10-07,MVW.AX,38.944889068603516,-0.017365460751142314,-0.01751800899130024
2025-10-08,MVW.AX,39.328338623046875,0.009845953181889744,0.009797797618476338
2025-10-09,MVW.AX,39.18085479736328,-0.0037500649874177006,-0.003757114109752227
2025-10-10,MVW.AX,39.47582244873047,0.007528361820912544,0.00750016513320979
2025-10-13,MVW.AX,38.994049072265625,-0.012204264447955526,-0.01227934800171161
2025-10-14,MVW.AX,39.092369079589844,0.0025214105655457786,0.0025182371431402783
2025-10-15,MVW.AX,39.45615768432617,0.009305872560337214,0.009262839694513367
2025-10-16,MVW.AX,39.68229293823242,0.00573130449537107,0.005714943054926441
2025-10-17,MVW.AX,39.4954833984375,-0.004707629674668756,-0.00471874546297593
2025-10-20,MVW.AX,39.711788177490234,0.005476696585040131,0.005461754014753276
2025-10-21,MVW.AX,39.75111770629883,0.0009903741587462545,0.000989884061818628
2025-10-22,MVW.AX,39.47582244873047,-0.0069254721238879435,-0.00694956450446459
2025-10-23,MVW.AX,39.74128341674805,0.0067246469243888995,0.006702137342571915
2025-10-24,MVW.AX,39.74128341674805,0.0,0.0
2025-10-27,MVW.AX,39.721622467041016,-0.0004947235724839238,-0.0004948459885669224
2025-10-28,MVW.AX,39.68229293823242,-0.0009901289616562892,-0.0009906194631365208
2025-10-29,MVW.AX,39.30867385864258,-0.009415259349337513,-0.00945986309497667
2025-10-30,MVW.AX,38.9153938293457,-0.010004917253406798,-0.01005530278846977
2025-10-31,MVW.AX,38.935054779052734,0.0005052229406503628,0.0005050953585102904
2025-11-03,MVW.AX,38.728580474853516,-0.005303043886053627,-0.005317154933058972
2025-11-04,MVW.AX,38.32546615600586,-0.010408703699052446,-0.010463253111344682
2025-11-05,MVW.AX,38.26647186279297,-0.0015392974731931464,-0.0015404834087099047
2025-11-06,MVW.AX,38.43362045288086,0.004368016750726733,0.004358504654829722
2025-11-07,MVW.AX,38.345130920410156,-0.0023023990825737917,-0.0023050536787507913
2025-11-10,MVW.AX,38.620426177978516,0.007179405858328325,0.0071537566151389925
2025-11-11,MVW.AX,38.79740524291992,0.004582524908601782,0.0045720571084536775
2025-11-12,MVW.AX,38.836734771728516,0.0010137154421112626,0.0010132019795864378
2025-11-13,MVW.AX,38.453285217285156,-0.009873372637971944,-0.009922437606539967
2025-11-14,MVW.AX,38.10915756225586,-0.008949239397486042,-0.00898952436704433
2025-11-17,MVW.AX,38.25664138793945,0.0038700363670507443,0.0038625670411493404
2025-11-18,MVW.AX,37.56839370727539,-0.01799027974476175,-0.018154072249737408
2025-11-19,MVW.AX,37.62738800048828,0.0015703171573573371,0.0015690854985979906
2025-11-20,MVW.AX,37.91252136230469,0.007577814378524117,0.007549246971383469
2025-11-21,MVW.AX,37.381587982177734,-0.01400416962652462,-0.014103153218589837
2025-11-24,MVW.AX,38.07966232299805,0.018674282675019915,0.018502059056206624
2025-11-25,MVW.AX,38.207481384277344,0.0033566227608614607,0.003351001877293857
2025-11-26,MVW.AX,38.38446044921875,0.0046320526381053995,0.004621357695924155
2025-11-27,MVW.AX,38.443450927734375,0.0015368322968527526,0.001535652578629803
2025-11-28,MVW.AX,38.49261474609375,0.0012788606946809722,0.001278043648860443
2025-12-01,MVW.AX,38.099327087402344,-0.0102172237787852,-0.010269777887512375
2025-12-02,MVW.AX,38.32546615600586,0.005935513456306829,0.005917967690830243
2025-12-03,MVW.AX,38.286136627197266,-0.0010261983154621346,-0.0010267252174549313
2025-12-04,MVW.AX,38.14848709106445,-0.003595284044278113,-0.003601762610810185
2025-12-05,MVW.AX,38.207481384277344,0.001546438606387257,0.0015452441015326392
2025-12-08,MVW.AX,38.17798614501953,-0.0007719754924738753,-0.000772273618995152
2025-12-09,MVW.AX,38.010841369628906,-0.004378040652949111,-0.004387652336749097
2025-12-10,MVW.AX,37.56839370727539,-0.011640038641897443,-0.011708314229147875
2025-12-11,MVW.AX,37.8338623046875,0.007066274898005487,0.007041425769381073
2025-12-12,MVW.AX,37.89285659790039,0.001559298723925906,0.0015580842799607286
2025-12-15,MVW.AX,37.9616813659668,0.0018162992776380449,0.0018146518006775642
2025-12-16,MVW.AX,37.7257080078125,-0.006216093430620573,-0.006235493777419706
2025-12-17,MVW.AX,37.6372184753418,-0.0023456029626369723,-0.0023483581985690644
2025-12-18,MVW.AX,37.62738800048828,-0.0002611902593162574,-0.0002612243754326991
2025-12-19,MVW.AX,37.7453727722168,0.003135608874232476,0.0031307031051000314
2025-12-22,MVW.AX,38.00101089477539,0.006772700963938005,0.006749869255016325
2025-12-23,MVW.AX,38.37462615966797,0.00983171910681846,0.009783702225665079
2025-12-24,MVW.AX,38.22714614868164,-0.003843164761337281,-0.0038505686948072655
2025-12-25,MVW.AX,38.22714614868164,0.0,0.0
2025-12-26,MVW.AX,38.22714614868164,0.0,0.0
2025-12-29,MVW.AX,38.010841369628906,-0.005658407724485448,-0.005674477160424157
2025-12-30,MVW.AX,38.08949661254883,0.0020692844484828665,0.0020671464283583195
2025-12-31,MVW.AX,38.05999755859375,-0.0007744668892620821,-0.0007747669436748381
2026-01-01,MVW.AX,38.05999755859375,0.0,0.0
2026-01-02,MVW.AX,38.13999938964844,0.0021019925429981434,0.0020997864475958768
2026-01-05,MVW.AX,38.040000915527344,-0.00262187927953228,-0.0026253224246678805
2026-01-06,MVW.AX,38.0099983215332,-0.000788711705364209,-0.00078902290208172
2026-01-07,MVW.AX,38.2599983215332,0.006577216812408304,0.006555681299492035
2026-01-08,MVW.AX,38.380001068115234,0.0031365068438722332,0.0031315982674588383
2026-01-09,MVW.AX,38.29999923706055,-0.0020844666187659344,-0.0020866421430391917
2026-01-12,MVW.AX,38.5,0.005221952138994457,0.005208365027228625
2026-01-13,MVW.AX,38.650001525878906,0.0038961435293223268,0.0038885732190942256
2026-01-14,MVW.AX,38.560001373291016,-0.002328593765452469,-0.002331309156094874
2026-01-15,MVW.AX,38.20000076293945,-0.009336115081181484,-0.00937996977197146
2026-01-16,MVW.AX,38.709999084472656,0.013350741134748656,0.013262405353864278
2026-01-19,MVW.AX,38.79999923706055,0.002324984621970394,0.002322286027209001
2026-01-20,MVW.AX,38.689998626708984,-0.002835067332849106,-0.0028390937481463053
2026-01-21,MVW.AX,38.540000915527344,-0.003876911773217029,-0.003884446476222916
2026-01-22,MVW.AX,38.900001525878906,0.009340960088211059,0.009297603108608285
2026-01-23,MVW.AX,38.86000061035156,-0.001028301130032938,-0.0010288301943626804
2026-01-26,MVW.AX,38.86000061035156,0.0,0.0
2026-01-27,MVW.AX,39.189998626708984,0.008491971466143333,0.008456117513950055
2026-01-28,MVW.AX,38.97999954223633,-0.005358486650457239,-0.005372894833803887
2026-01-29,MVW.AX,38.869998931884766,-0.0028219756706865384,-0.0028259649508982415
2026-01-30,MVW.AX,38.61000061035156,-0.006688920212959637,-0.006711391300697952
2026-02-02,MVW.AX,38.34000015258789,-0.006993018738551515,-0.007017584486906244
2026-02-03,MVW.AX,38.59000015258789,0.006520605086203224,0.006499437906245888
2026-02-04,MVW.AX,38.209999084472656,-0.009847138290040913,-0.009895942005209612
2026-02-05,MVW.AX,38.31999969482422,0.0028788435746460728,0.0028747076403862217
2026-02-06,MVW.AX,37.4900016784668,-0.02165965613171772,-0.02189766961990916
2026-02-09,MVW.AX,37.779998779296875,0.007735318427489979,0.0077055542436605465
2026-02-10,MVW.AX,38.16999816894531,0.01032290635917521,0.010269989023560957
2026-02-11,MVW.AX,38.459999084472656,0.007597614080141257,0.007568897569875454
2026-02-12,MVW.AX,38.15999984741211,-0.007800292360944594,-0.007830873774518979
2026-02-13,MVW.AX,37.63999938964844,-0.013626846431943451,-0.01372054407977631
2026-02-16,MVW.AX,37.81999969482422,0.004782154837794206,0.004770756659472388
2026-02-17,MVW.AX,37.75,-0.001850864499975069,-0.0018525794661137086
2026-02-18,MVW.AX,38.5,0.019867549668874274,0.019672765598704928
2026-02-19,MVW.AX,38.220001220703125,-0.0072726955661526205,-0.00729927054275482
2026-02-20,MVW.AX,38.209999084472656,-0.0002616990034278732,-0.0002617332525875151
2026-02-23,MVW.AX,37.97999954223633,-0.006019354821963141,-0.006037544167012477
2026-02-24,MVW.AX,37.61000061035156,-0.009741941451929192,-0.009789704620700588
2026-02-25,MVW.AX,38.29999923706055,0.01834614771367682,0.018179887555826828
2026-02-26,MVW.AX,38.599998474121094,0.007832878408265298,0.007802360673732889
2026-02-27,MVW.AX,38.95000076293945,0.009067417167205605,0.00902655496417667
2026-03-02,MVW.AX,38.86000061035156,-0.002310658557766354,-0.0023133322487035868
2026-03-03,MVW.AX,38.25,-0.01569739065287279,-0.01582189938317118
2026-03-04,MVW.AX,37.84000015258789,-0.010718950259140159,-0.010776812056417829
2026-03-05,MVW.AX,38.290000915527344,0.011892197704145069,0.011822041183426942
2026-03-06,MVW.AX,38.099998474121094,-0.004962194747015536,-0.004974547316214602
2026-03-09,MVW.AX,36.95000076293945,-0.030183668168983324,-0.030648574041241054
2026-03-10,MVW.AX,37.25,0.008119059022089203,0.008086276783470174
2026-03-11,MVW.AX,37.439998626708984,0.0051006342740667066,0.005087670104040714
2026-03-12,MVW.AX,37.209999084472656,-0.006143150391898056,-0.00616209717541448
2026-03-13,MVW.AX,37.09000015258789,-0.003224910906671874,-0.0032301221387053456
2024-03-14,QHAL.AX,43.784969329833984,-0.0014912429277530448,-0.0014923559371370291
2024-03-15,QHAL.AX,43.57011032104492,-0.004907140785471831,-0.004919220334383006
2024-03-18,QHAL.AX,43.42998504638672,-0.0032160872126716367,-0.003221269936195191
2024-03-19,QHAL.AX,43.4953727722168,0.0015055894161657424,0.0015044571527607646
2024-03-20,QHAL.AX,43.67286682128906,0.004080757049762296,0.0040724533433196645
2024-03-21,QHAL.AX,44.28009033203125,0.013903907733535448,0.013808135129671491
2024-03-22,QHAL.AX,44.233375549316406,-0.0010549839073171752,-0.0010555407945453535
2024-03-25,QHAL.AX,44.233375549316406,0.0,0.0
2024-03-26,QHAL.AX,44.11193084716797,-0.0027455445269610745,-0.0027493204472242403
2024-03-27,QHAL.AX,44.08390808105469,-0.000635265008243957,-0.000635466874556237
2024-03-28,QHAL.AX,44.10259246826172,0.00042383690603564617,0.00042374711254515476
2024-03-29,QHAL.AX,44.10259246826172,0.0,0.0
2024-04-01,QHAL.AX,44.10259246826172,0.0,0.0
2024-04-02,QHAL.AX,43.91575622558594,-0.004236400452200972,-0.004245399421080074
2024-04-03,QHAL.AX,43.635501861572266,-0.006381635843273781,-0.006402085529350815
2024-04-04,QHAL.AX,43.86904525756836,0.005352141857723591,0.00533787004701359
2024-04-05,QHAL.AX,43.17775344848633,-0.015758077364648515,-0.01588355581086076
2024-04-08,QHAL.AX,43.55142593383789,0.008654282715226946,0.008617049076644099
2024-04-09,QHAL.AX,43.58879089355469,0.0008579503177130743,0.0008575824887102141
2024-04-10,QHAL.AX,43.53274154663086,-0.0012858660626926532,-0.0012866934978481618
2024-04-11,QHAL.AX,43.33656311035156,-0.004506457193125701,-0.004516641880766736
2024-04-12,QHAL.AX,43.21512222290039,-0.0028022731553939417,-0.002806206873433009
2024-04-15,QHAL.AX,43.38327407836914,0.0038910419968600785,0.003883491472882241
2024-04-16,QHAL.AX,42.635929107666016,-0.017226569146281845,-0.01737667283391768
2024-04-17,QHAL.AX,42.6265869140625,-0.00021911551592845857,-0.00021913952524039144
2024-04-18,QHAL.AX,42.57988357543945,-0.0010956387082363683,-0.0010962393590968308
2024-04-19,QHAL.AX,41.851219177246094,-0.01711287906418002,-0.017260996623063175
2024-04-22,QHAL.AX,41.2440071105957,-0.014508826232248029,-0.014615108525102954
2024-04-23,QHAL.AX,41.58030700683594,0.008153909374965629,0.00812084586555989
2024-04-24,QHAL.AX,42.962894439697266,0.03325101550197851,0.03271015723233182
2024-04-25,QHAL.AX,42.962894439697266,0.0,0.0
2024-04-26,QHAL.AX,42.710662841796875,-0.005870917245913709,-0.005888218831252819
2024-04-29,QHAL.AX,42.869476318359375,0.0037183566349872077,0.003711460636190171
2024-04-30,QHAL.AX,42.57988357543945,-0.006755219979113658,-0.006778139754662944
2024-05-01,QHAL.AX,42.038055419921875,-0.012724979732685604,-0.012806635740908276
2024-05-02,QHAL.AX,42.47711944580078,0.010444441863284526,0.010390275512119636
2024-05-03,QHAL.AX,42.561195373535156,0.0019793227231816868,0.0019773664449390838
2024-05-06,QHAL.AX,43.05630874633789,0.011632976199503098,0.011565833344351836
2024-05-07,QHAL.AX,43.542083740234375,0.011282318620446041,0.011219147960671036
2024-05-08,QHAL.AX,42.607906341552734,-0.021454586423902078,-0.021688081801319148
2024-05-09,QHAL.AX,43.691551208496094,0.025432952707337142,0.02511491629281629
2024-05-10,QHAL.AX,43.91575622558594,0.005131541702878328,0.00511842021259376
2024-05-13,QHAL.AX,44.10259246826172,0.00425442389551578,0.004245399421080064
2024-05-14,QHAL.AX,44.05588150024414,-0.001059143361043735,-0.001059704649731815
2024-05-15,QHAL.AX,44.308109283447266,0.0057251784464176225,0.005708851897593017
2024-05-16,QHAL.AX,44.99006271362305,0.01539116521116246,0.015273922696734398
2024-05-17,QHAL.AX,44.84993362426758,-0.003114667571090912,-0.003119528243673661
2024-05-20,QHAL.AX,44.84059143066406,-0.00020829893934248833,-0.0002083206365796139
2024-05-21,QHAL.AX,44.971378326416016,0.0029167076432117245,0.0029124623044118345
2024-05-22,QHAL.AX,45.03676986694336,0.0014540701877694406,0.0014530140513876186
2024-05-23,QHAL.AX,45.307682037353516,0.006015355257726895,0.0059973352367316095
2024-05-24,QHAL.AX,45.03676986694336,-0.005979387119976809,-0.005997335236731661
2024-05-27,QHAL.AX,45.25163269042969,0.004770831125791686,0.004759486777979604
2024-05-28,QHAL.AX,45.298343658447266,0.0010322493408609912,0.0010317169378604024
2024-05-29,QHAL.AX,45.13018798828125,-0.0037121814306042555,-0.0037190886753533992
2024-05-30,QHAL.AX,44.728492736816406,-0.008900810507794676,-0.00894065935589955
2024-05-31,QHAL.AX,44.644412994384766,-0.0018797803656467327,-0.0018815493699989882
2024-06-03,QHAL.AX,45.05545425415039,0.009207003344793074,0.009164877262067776
2024-06-04,QHAL.AX,44.94335174560547,-0.0024881007283285017,-0.002491201194862094
2024-06-05,QHAL.AX,45.18623733520508,0.005404260700768937,0.005389710083917813
2024-06-06,QHAL.AX,45.86819076538086,0.015092060556333609,0.014979308436250411
2024-06-07,QHAL.AX,45.877532958984375,0.00020367477870020245,0.00020365403980840817
2024-06-10,QHAL.AX,45.877532958984375,0.0,0.0
2024-06-11,QHAL.AX,46.027000427246094,0.003257966560567871,0.003252670886481671
2024-06-12,QHAL.AX,44.877960205078125,-0.02496448196714951,-0.025281379896159206
2024-06-13,QHAL.AX,46.456722259521484,0.03517900651520067,0.03457436491744306
2024-06-14,QHAL.AX,46.643558502197266,0.0040217267510189725,0.004013661225649855
2024-06-17,QHAL.AX,46.624874114990234,-0.00040057808209792434,-0.0004006583349302523
2024-06-18,QHAL.AX,46.83973693847656,0.004608330372247504,0.004597744527425664
2024-06-19,QHAL.AX,47.1013069152832,0.005584360500363372,0.005568825766798572
2024-06-20,QHAL.AX,47.15735626220703,0.0011899743466701196,0.001189266888379778
2024-06-21,QHAL.AX,46.905128479003906,-0.005348641297885148,-0.005362996489813927
2024-06-24,QHAL.AX,46.74631881713867,-0.0033857632846335806,-0.0033915079515300156
2024-06-25,QHAL.AX,46.54079818725586,-0.004396509395461989,-0.004406202463771486
2024-06-26,QHAL.AX,46.961177825927734,0.009032497401107786,0.008991948386128453
2024-06-27,QHAL.AX,46.75566101074219,-0.004376313046221769,-0.004385917134735672
2024-06-28,QHAL.AX,46.89578628540039,0.0029969691718401137,0.0029924872123616715
2024-07-01,QHAL.AX,46.75872039794922,-0.0029227761875451064,-0.0029270558388759323
2024-07-02,QHAL.AX,46.553123474121094,-0.0043969749830267135,-0.004406670107444879
2024-07-03,QHAL.AX,46.76851272583008,0.004626741142916391,0.0046160706764466625
2024-07-04,QHAL.AX,47.00347900390625,0.0050240271580499485,0.00501144884520668
2024-07-05,QHAL.AX,47.042640686035156,0.0008331656072873006,0.0008328187174871129
2024-07-08,QHAL.AX,47.24823760986328,0.004370437561111551,0.004360914934156652
2024-07-09,QHAL.AX,47.42446517944336,0.003729823131927601,0.003722884589302474
2024-07-10,QHAL.AX,47.33634948730469,-0.0018580218417911798,-0.0018597501054730407
2024-07-11,QHAL.AX,47.767127990722656,0.009100374407483569,0.00905921551937776
2024-07-12,QHAL.AX,47.277610778808594,-0.0102479933901225,-0.010300865607320735
2024-07-15,QHAL.AX,47.6594352722168,0.008076222277699108,0.008043784129317224
2024-07-16,QHAL.AX,47.620269775390625,-0.0008217784495865299,-0.0008221162945984798
2024-07-17,QHAL.AX,47.60068893432617,-0.00041118710911991485,-0.00041127166972021505
2024-07-18,QHAL.AX,46.807674407958984,-0.01665972791825121,-0.016800061986956383
2024-07-19,QHAL.AX,46.504173278808594,-0.006484003595333188,-0.006505116058319216
2024-07-22,QHAL.AX,46.181087493896484,-0.006947457875986718,-0.00697170382518758
2024-07-23,QHAL.AX,46.59228515625,0.00890402726890871,0.008864620166630912
2024-07-24,QHAL.AX,46.36710739135742,-0.004832940993072854,-0.004844657417495587
2024-07-25,QHAL.AX,45.4761848449707,-0.01921453798847028,-0.01940153649209121
2024-07-26,QHAL.AX,45.15310287475586,-0.007104421167172137,-0.00712977773442609
2024-07-29,QHAL.AX,45.73073196411133,0.012792677636300542,0.012711542559661263
2024-07-30,QHAL.AX,45.50555419921875,-0.0049239921431674105,-0.004936154935235023
2024-07-31,QHAL.AX,45.60346221923828,0.002151561973971372,0.0021492506791763785
2024-08-01,QHAL.AX,46.337738037109375,0.016101317359218603,0.015973065994655495
2024-08-02,QHAL.AX,45.241214752197266,-0.02366372057336863,-0.023948203319420283
2024-08-05,QHAL.AX,42.88174057006836,-0.052153201346440636,-0.05356239458240072
2024-08-06,QHAL.AX,44.04679489135742,0.02716900726978122,0.026806481447927574
2024-08-07,QHAL.AX,44.379669189453125,0.0075572876282314905,0.007528874391626514
2024-08-08,QHAL.AX,43.762874603271484,-0.013898133930394962,-0.013995617272046124
2024-08-09,QHAL.AX,44.839813232421875,0.024608498388492217,0.024310586836109618
2024-08-12,QHAL.AX,45.133522033691406,0.006550178961431508,0.006528819759546592
2024-08-13,QHAL.AX,45.28037643432617,0.0032537766612839025,0.003248494584700106
2024-08-14,QHAL.AX,45.906959533691406,0.01383785093469836,0.01374298206116257
2024-08-15,QHAL.AX,46.132137298583984,0.004905089929280182,0.00489309917018834
2024-08-16,QHAL.AX,46.993690490722656,0.01867577013747246,0.018503519249510655
2024-08-19,QHAL.AX,46.76851272583008,-0.004791659530060333,-0.004803176335053259
2024-08-20,QHAL.AX,47.14054489135742,0.007954757246789068,0.007923284958133195
2024-08-21,QHAL.AX,47.19928741455078,0.0012461146414139979,0.001245338884951671
2024-08-22,QHAL.AX,47.35593032836914,0.0033187559049898674,0.003313260988778781
2024-08-23,QHAL.AX,47.228660583496094,-0.0026875144040154897,-0.002691132254321719
2024-08-26,QHAL.AX,47.34614181518555,0.0024874986975707003,0.0024844099937229966
2024-08-27,QHAL.AX,47.20907974243164,-0.0028948942300076608,-0.0028990925407104125
2024-08-28,QHAL.AX,47.25802993774414,0.001036880947046015,0.0010363437572993156
2024-08-29,QHAL.AX,46.96432113647461,-0.006215003072630232,-0.0062343965998693605
2024-08-30,QHAL.AX,47.23844909667969,0.005836940757825149,0.00581997181823135
2024-09-02,QHAL.AX,47.34614181518555,0.002279768293947493,0.0022771735650492686
2024-09-03,QHAL.AX,47.33634948730469,-0.00020682419951101316,-0.0002068455905852769
2024-09-04,QHAL.AX,46.22024917602539,-0.02357808160890451,-0.023860492547431486
2024-09-05,QHAL.AX,46.07339859008789,-0.003177191567666271,-0.003182249557104068
2024-09-06,QHAL.AX,45.73073196411133,-0.007437407190757583,-0.007465202606592566
2024-09-09,QHAL.AX,45.319541931152344,-0.008991547156552815,-0.009032215078589364
2024-09-10,QHAL.AX,45.4370231628418,0.0025922863886824743,0.002588932209733135
2024-09-11,QHAL.AX,45.45660400390625,0.00043094462844273096,0.00043085179847509886
2024-09-12,QHAL.AX,46.41605758666992,0.0211070229241328,0.020887355358203307
2024-09-13,QHAL.AX,46.51396179199219,0.002109274471220557,0.0021070530749642516
2024-09-16,QHAL.AX,46.72935104370117,0.004630636553218048,0.004619948139179813
2024-09-17,QHAL.AX,46.690185546875,-0.0008381348328493354,-0.00083848626422666
2024-09-18,QHAL.AX,46.69997787475586,0.00020972989861056668,0.0002097079083700013
2024-09-19,QHAL.AX,46.96432113647461,0.005660457964834276,0.005644497772323277
2024-09-20,QHAL.AX,47.23844909667969,0.005836940757825149,0.00581997181823135
2024-09-23,QHAL.AX,47.091590881347656,-0.0031088703829261766,-0.003113712959688612
2024-09-24,QHAL.AX,47.13075256347656,0.0008316066923195198,0.0008312610990593378
2024-09-25,QHAL.AX,47.01327133178711,-0.0024926661531922134,-0.0024957780177697945
2024-09-26,QHAL.AX,47.61048126220703,0.01270300733180707,0.01262300096935571
2024-09-27,QHAL.AX,47.58110809326172,-0.0006169475326985863,-0.0006171379231389399
2024-09-30,QHAL.AX,47.3167724609375,-0.0055554744922313715,-0.005570963533266786
2024-10-01,QHAL.AX,47.38530349731445,0.001448345540337348,0.0014472976995702216
2024-10-02,QHAL.AX,47.00347900390625,-0.0080578674235956,-0.00809050749513036
2024-10-03,QHAL.AX,47.01327133178711,0.00020833198070402403,0.00020831028261048424
2024-10-04,QHAL.AX,47.18949890136719,0.003748464307799182,0.0037414563227939394
2024-10-07,QHAL.AX,47.326560974121094,0.0029045036701997873,0.0029002937492651907
2024-10-08,QHAL.AX,46.89578628540039,-0.009102176026613451,-0.009143853930001871
2024-10-09,QHAL.AX,47.375511169433594,0.010229594640202233,0.010177626445510488
2024-10-10,QHAL.AX,47.89440155029297,0.010952713080047083,0.01089316652117381
2024-10-11,QHAL.AX,47.6594352722168,-0.00490592366687026,-0.004917997214504334
2024-10-14,QHAL.AX,48.03146743774414,0.00780605484312602,0.007775745227188014
2024-10-15,QHAL.AX,48.599308013916016,0.011822261664353295,0.011752924673935343
2024-10-16,QHAL.AX,47.688804626464844,-0.01873490435687797,-0.018912625908951406
2024-10-17,QHAL.AX,47.60068893432617,-0.0018477228110216348,-0.0018494319564906954
2024-10-18,QHAL.AX,47.83565902709961,0.004936275042103366,0.004924131582366931
2024-10-21,QHAL.AX,48.090206146240234,0.005321283835483914,0.005307175830988468
2024-10-22,QHAL.AX,47.8454475402832,-0.00508957281681699,-0.005102568807325941
2024-10-23,QHAL.AX,47.7964973449707,-0.0010230899245176062,-0.0010236136382490632
2024-10-24,QHAL.AX,47.49299621582031,-0.006349861308034277,-0.006370107429565443
2024-10-25,QHAL.AX,47.326560974121094,-0.0035044165447657427,-0.003510571396074357
2024-10-28,QHAL.AX,47.718177795410156,0.008274778754856271,0.008240730472188363
2024-10-29,QHAL.AX,47.473419189453125,-0.0051292529862817515,-0.005142452760380264
2024-10-30,QHAL.AX,47.85523986816406,0.008042830814169788,0.008010659633537904
2024-10-31,QHAL.AX,46.96432113647461,-0.018616952587508395,-0.018792429357237413
2024-11-01,QHAL.AX,46.29857635498047,-0.014175543591049444,-0.014276976326207788
2024-11-04,QHAL.AX,46.6412353515625,0.007401069828903539,0.007373816299172342
2024-11-05,QHAL.AX,46.376895904541016,-0.0056675052671526505,-0.005683626515491132
2024-11-06,QHAL.AX,47.25802993774414,0.018999418051108607,0.01882118314239584
2024-11-07,QHAL.AX,47.49299621582031,0.004971986313980992,0.004959666808096377
2024-11-08,QHAL.AX,48.07062530517578,0.012162405730953951,0.01208903796103907
2024-11-11,QHAL.AX,48.10979080200195,0.0008147490609395902,0.0008144173330945111
2024-11-12,QHAL.AX,47.816078186035156,-0.006105048703611837,-0.006123760710797974
2024-11-13,QHAL.AX,47.85523986816406,0.0008190065688060688,0.0008186713659359442
2024-11-14,QHAL.AX,47.66922378540039,-0.0038870577866942924,-0.003894632029864479
2024-11-15,QHAL.AX,47.45383834838867,-0.004518333211829706,-0.004528571731672876
2024-11-18,QHAL.AX,46.75872039794922,-0.014648297685345368,-0.014756643352686373
2024-11-19,QHAL.AX,46.807674407958984,0.0010469493089872994,0.0010464016397807717
2024-11-20,QHAL.AX,46.993690490722656,0.003974050946056851,0.003966175264274219
2024-11-21,QHAL.AX,46.75872039794922,-0.0050000349051075865,-0.005012576904055034
2024-11-22,QHAL.AX,47.169918060302734,0.008794031548638115,0.00875558926391594
2024-11-25,QHAL.AX,47.61048126220703,0.009339918745270515,0.009296571402258398
2024-11-26,QHAL.AX,47.53215789794922,-0.001645086589788014,-0.0016464412306034404
2024-11-27,QHAL.AX,47.7475471496582,0.004531442737597091,0.004521206662099413
2024-11-28,QHAL.AX,47.6985969543457,-0.0010251876428137852,-0.0010257135071023763
2024-11-29,QHAL.AX,47.7573356628418,0.001231455687309202,0.0012306980676738512
2024-12-02,QHAL.AX,47.7573356628418,0.0,0.0
2024-12-03,QHAL.AX,48.19790267944336,0.009225117157118712,0.009182825660869138
2024-12-04,QHAL.AX,48.27622604370117,0.0016250367734613747,0.001623717829898353
2024-12-05,QHAL.AX,48.49161148071289,0.004461521843417193,0.004451598758596663
2024-12-06,QHAL.AX,48.25664520263672,-0.004845503601579204,-0.004857281114879961
2024-12-09,QHAL.AX,48.32517623901367,0.0014201367726491831,0.0014191293321121111
2024-12-10,QHAL.AX,48.178321838378906,-0.0030388797737318507,-0.003043506544716215
2024-12-11,QHAL.AX,48.16853332519531,-0.00020317256413437956,-0.000203193206475807
2024-12-12,QHAL.AX,48.462242126464844,0.006097524275581412,0.006079009598777592
2024-12-13,QHAL.AX,48.08041763305664,-0.007878803717166316,-0.00791000548764816
2024-12-16,QHAL.AX,47.982513427734375,-0.0020362594615849217,-0.002038335456537343
2024-12-17,QHAL.AX,47.943355560302734,-0.0008160862079602538,-0.0008164193875908657
2024-12-18,QHAL.AX,47.982513427734375,0.0008167527486135917,0.0008164193875907465
2024-12-19,QHAL.AX,46.81746292114258,-0.024280731111479992,-0.02458036827926688
2024-12-20,QHAL.AX,46.553123474121094,-0.005646171973622938,-0.005662171856416561
2024-12-23,QHAL.AX,47.06222152709961,0.010935851667644325,0.01087648764707844
2024-12-24,QHAL.AX,47.14054489135742,0.0016642513191331698,0.0016628679875015434
2024-12-25,QHAL.AX,47.14054489135742,0.0,0.0
2024-12-26,QHAL.AX,47.14054489135742,0.0,0.0
2024-12-27,QHAL.AX,47.53215789794922,0.008307350020970938,0.008273033908435984
2024-12-30,QHAL.AX,47.14054489135742,-0.008238906540548485,-0.008273033908435933
2024-12-31,QHAL.AX,45.5251350402832,-0.03426795033441332,-0.03486886454549139
2025-01-01,QHAL.AX,45.5251350402832,0.0,0.0
2025-01-02,QHAL.AX,46.680397033691406,0.025376355114289373,0.025059720919120378
2025-01-03,QHAL.AX,46.53354263305664,-0.003145954404131901,-0.003150913321772036
2025-01-06,QHAL.AX,46.11255645751953,-0.009046940157916294,-0.009088112229995544
2025-01-07,QHAL.AX,47.19928741455078,0.023566920607240416,0.02329350806309047
2025-01-08,QHAL.AX,46.993690490722656,-0.004355932792424855,-0.004365447508031744
2025-01-09,QHAL.AX,46.89578628540039,-0.002083347877128161,-0.00208552106517914
2025-01-10,QHAL.AX,46.65102767944336,-0.005219202519976318,-0.005232870134221203
2025-01-13,QHAL.AX,46.29857635498047,-0.007555060241860367,-0.007583744273876202
2025-01-14,QHAL.AX,46.435638427734375,0.002960394974200087,0.0029560216340818964
2025-01-15,QHAL.AX,46.25941467285156,-0.0037950109194053727,-0.003802230244076573
2025-01-16,QHAL.AX,46.95452880859375,0.015026436038113822,0.014914657512323822
2025-01-17,QHAL.AX,47.042640686035156,0.001876536293242026,0.0018747777985877836
2025-01-20,QHAL.AX,47.19928741455078,0.0033298880809240483,0.003324356280391151
2025-01-21,QHAL.AX,47.16012191772461,-0.0008297900025943106,-0.0008301344688881538
2025-01-22,QHAL.AX,47.767127990722656,0.012871172683926124,0.012789043125860794
2025-01-23,QHAL.AX,48.01188659667969,0.005123996695061361,0.005110913696458984
2025-01-24,QHAL.AX,48.16853332519531,0.0032626655526271087,0.0032573546081280293
2025-01-27,QHAL.AX,48.16853332519531,0.0,0.0
2025-01-28,QHAL.AX,47.8454475402832,-0.006707403414816349,-0.006729999140879742
2025-01-29,QHAL.AX,48.19790267944336,0.007366534483001841,0.007339534086344253
2025-01-30,QHAL.AX,48.16853332519531,-0.0006093492167776882,-0.000609534945464601
2025-01-31,QHAL.AX,48.61888885498047,0.009349579459783763,0.009306142675623533
2025-02-03,QHAL.AX,47.29719161987305,-0.02718485070791632,-0.027561195017226786
2025-02-04,QHAL.AX,47.688804626464844,0.008279836353481285,0.008245746551184818
2025-02-05,QHAL.AX,47.933563232421875,0.0051324122689626606,0.005119286333764178
2025-02-06,QHAL.AX,48.354549407958984,0.008782701454841169,0.00874435787567506
2025-02-07,QHAL.AX,48.658050537109375,0.0062765785818788,0.006256962899325096
2025-02-10,QHAL.AX,48.295806884765625,-0.007444680753650013,-0.007472530698136438
2025-02-11,QHAL.AX,48.47203063964844,0.0036488417162856557,0.0036422008427787456
2025-02-12,QHAL.AX,48.462242126464844,-0.000201941471286049,-0.00020196186421045923
2025-02-13,QHAL.AX,48.5307731628418,0.0014141119636628119,0.0014131130489472004
2025-02-14,QHAL.AX,48.951759338378906,0.00867462329776858,0.008637214933071074
2025-02-17,QHAL.AX,48.765743255615234,-0.003799987687425843,-0.0038072259834137064
2025-02-18,QHAL.AX,48.89301681518555,0.00260989684712043,0.0026064969805932887
2025-02-19,QHAL.AX,48.78532409667969,-0.0022026196279304466,-0.002205048962465286
2025-02-20,QHAL.AX,48.79511260986328,0.00020064462755642332,0.00020062450111526953
2025-02-21,QHAL.AX,48.71678924560547,-0.0016051477303483663,-0.0016064373601821758
2025-02-24,QHAL.AX,48.403499603271484,-0.006430835184037642,-0.006451602084841025
2025-02-25,QHAL.AX,48.08041763305664,-0.006674764693935575,-0.0066971405604726204
2025-02-26,QHAL.AX,48.16853332519531,0.0018326731853945954,0.0018309958888706045
2025-02-27,QHAL.AX,47.97272491455078,-0.004065068980252939,-0.004073353833114686
2025-02-28,QHAL.AX,47.218868255615234,-0.015714276399314775,-0.01583905456606014
2025-03-03,QHAL.AX,47.8454475402832,0.013269680274335283,0.013182409258295242
2025-03-04,QHAL.AX,47.404884338378906,-0.009208048509387834,-0.009250704643151787
2025-03-05,QHAL.AX,47.19928741455078,-0.0043370409336001,-0.0043464731775281545
2025-03-06,QHAL.AX,47.48320770263672,0.0060153511554585926,0.005997331158992349
2025-03-07,QHAL.AX,46.76851272583008,-0.01505153108615609,-0.015165955002077316
2025-03-10,QHAL.AX,46.67060470581055,-0.0020934602003167546,-0.0020956545511809127
2025-03-11,QHAL.AX,45.83842849731445,-0.0178308426415672,-0.01799172745989991
2025-03-12,QHAL.AX,45.35870361328125,-0.010465561315246896,-0.010520710417068114
2025-03-13,QHAL.AX,45.03561782836914,-0.007122906061572398,-0.00714839506626297
2025-03-14,QHAL.AX,44.90834426879883,-0.0028260644731321616,-0.0028300653329049598
2025-03-17,QHAL.AX,45.319541931152344,0.009156375480963819,0.009114710018279069
2025-03-18,QHAL.AX,45.74052429199219,0.009289201587239893,0.009246322292572573
2025-03-19,QHAL.AX,45.495765686035156,-0.0053510231844867695,-0.005365391187647226
2025-03-20,QHAL.AX,46.01465606689453,0.011405245587913004,0.011340696112539383
2025-03-21,QHAL.AX,45.60346221923828,-0.008936149540235028,-0.00897631639493399
2025-03-24,QHAL.AX,45.78947830200195,0.004078990359753787,0.0040706938318955475
2025-03-25,QHAL.AX,46.11255645751953,0.007055729121584031,0.007030953934605915
2025-03-26,QHAL.AX,46.22024917602539,0.0023354315349024546,0.002332708653253748
2025-03-27,QHAL.AX,45.73073196411133,-0.01059096869101206,-0.010647452163696614
2025-03-28,QHAL.AX,45.495765686035156,-0.005138038863243377,-0.005151283973664032
2025-03-31,QHAL.AX,44.428619384765625,-0.023455947716846337,-0.023735417257793715
2025-04-01,QHAL.AX,44.673377990722656,0.005509030200496312,0.005493910996305453
2025-04-02,QHAL.AX,44.81044006347656,0.0030680928758592962,0.0030633958836650678
2025-04-03,QHAL.AX,43.997840881347656,-0.018134148671109074,-0.01830058756739436
2025-04-04,QHAL.AX,42.99922561645508,-0.02269691523240014,-0.0229584552240333
2025-04-07,QHAL.AX,39.729251861572266,-0.07604727080553397,-0.07909436752956107
2025-04-08,QHAL.AX,41.20759201049805,0.03721036968117919,0.03653477239674049
2025-04-09,QHAL.AX,39.641136169433594,-0.0380137679645387,-0.038755140232295336
2025-04-10,QHAL.AX,44.056583404541016,0.11138548643598356,0.1056074229660932
2025-04-11,QHAL.AX,42.862159729003906,-0.02711112808202909,-0.02748541511944289
2025-04-14,QHAL.AX,43.41041946411133,0.012791229806752513,0.01271011301675987
2025-04-15,QHAL.AX,43.32230758666992,-0.0020297402911356732,-0.0020318030056161564
2025-04-16,QHAL.AX,42.84257888793945,-0.01107347981800677,-0.01113524720554239
2025-04-17,QHAL.AX,42.764259338378906,-0.0018280773845431586,-0.001829750357198321
2025-04-18,QHAL.AX,42.764259338378906,0.0,0.0
2025-04-21,QHAL.AX,42.764259338378906,0.0,0.0
2025-04-22,QHAL.AX,41.86354446411133,-0.021062328407012276,-0.021287303858345107
2025-04-23,QHAL.AX,43.13629150390625,0.030402276159058106,0.029949285370809344
2025-04-24,QHAL.AX,42.97964859008789,-0.003631348647673449,-0.0036379579995994196
2025-04-25,QHAL.AX,42.97964859008789,0.0,0.0
2025-04-28,QHAL.AX,43.93910217285156,0.02232343944722115,0.022077918667472902
2025-04-29,QHAL.AX,44.31113052368164,0.008466908344338941,0.008431265126470508
2025-04-30,QHAL.AX,44.29155349731445,-0.00044180832526319325,-0.000441905951317057
2025-05-01,QHAL.AX,44.91813659667969,0.014146785332404876,0.014047653402918785
2025-05-02,QHAL.AX,45.12373352050781,0.004577147215036659,0.00456670393156112
2025-05-05,QHAL.AX,45.20205307006836,0.0017356619997976885,0.0017341574791502276
2025-05-06,QHAL.AX,45.17268371582031,-0.0006497349623151294,-0.0006499461315500676
2025-05-07,QHAL.AX,45.02582931518555,-0.0032509558555037232,-0.003256251693295718
2025-05-08,QHAL.AX,45.319541931152344,0.006523202802346528,0.006502018790112524
2025-05-09,QHAL.AX,45.17268371582031,-0.0032405052892002795,-0.003245767096816848
2025-05-12,QHAL.AX,45.50555419921875,0.0073688445320740925,0.007341827240171116
2025-05-13,QHAL.AX,46.20066833496094,0.015275369083497914,0.015159875288324942
2025-05-14,QHAL.AX,46.425846099853516,0.00487390708852975,0.004862068056021852
2025-05-15,QHAL.AX,46.2104606628418,-0.004639343277631713,-0.004650138431880107
2025-05-16,QHAL.AX,46.5433349609375,0.007203440375208592,0.007177619523747797
2025-05-19,QHAL.AX,46.51396179199219,-0.0006310929152362199,-0.000631292138193258
2025-05-20,QHAL.AX,46.96432113647461,0.009682240065819414,0.009635667555646495
2025-05-21,QHAL.AX,46.70977020263672,-0.005420091841595753,-0.005434833832139737
2025-05-22,QHAL.AX,46.34752655029297,-0.00775520090919446,-0.007785428863759343
2025-05-23,QHAL.AX,46.31815719604492,-0.0006336768417658512,-0.0006338776997929488
2025-05-26,QHAL.AX,46.36710739135742,0.0010568251907197013,0.001056267144115031
2025-05-27,QHAL.AX,46.337738037109375,-0.0006334092398768698,-0.0006336099282591757
2025-05-28,QHAL.AX,46.797882080078125,0.009930222372966258,0.009881241707128646
2025-05-29,QHAL.AX,47.19928741455078,0.008577425230180014,0.008540848127807732
2025-05-30,QHAL.AX,46.5433349609375,-0.013897507558791267,-0.013994982072553746
2025-06-02,QHAL.AX,46.39647674560547,-0.0031553006559432717,-0.003160289113210096
2025-06-03,QHAL.AX,46.70977020263672,0.006752526894424626,0.006729830698523531
2025-06-04,QHAL.AX,47.042640686035156,0.0071263566905677145,0.007101084206849054
2025-06-05,QHAL.AX,47.17970657348633,0.0029136520708086255,0.0029094156136602427
2025-06-06,QHAL.AX,47.25802993774414,0.0016601070660713368,0.0016587306115000062
2025-06-09,QHAL.AX,47.25802993774414,0.0,0.0
2025-06-10,QHAL.AX,47.50278854370117,0.005179196134063702,0.005165830227669911
2025-06-11,QHAL.AX,47.571319580078125,0.0014426739666852928,0.0014416343123995444
2025-06-12,QHAL.AX,47.42446517944336,-0.0030870365155114543,-0.003091811241770448
2025-06-13,QHAL.AX,47.03285217285156,-0.00825761566545924,-0.008291898634533734
2025-06-16,QHAL.AX,47.042640686035156,0.00020812076519671763,0.00020809911107466078
2025-06-17,QHAL.AX,47.218868255615234,0.003746124091039693,0.003739124842775997
2025-06-18,QHAL.AX,46.9741096496582,-0.005183491578664157,-0.0051969724767303395
2025-06-19,QHAL.AX,46.51396179199219,-0.009795776037010318,-0.009844070296401441
2025-06-20,QHAL.AX,46.690185546875,0.003788620622575012,0.0037814618749529706
2025-06-23,QHAL.AX,46.278995513916016,-0.0088067765879013,-0.008845785441887903
2025-06-24,QHAL.AX,47.18949890136719,0.019674225365962972,0.019483189385207666
2025-06-25,QHAL.AX,47.33634948730469,0.0031119335732816555,0.003107101530069029
2025-06-26,QHAL.AX,47.48320770263672,0.0031024406597179865,0.0030976380213975103
2025-06-27,QHAL.AX,47.718177795410156,0.00494848819492022,0.004936284669987073
2025-06-30,QHAL.AX,48.099998474121094,0.00800157710019822,0.007969734231482895
2025-07-01,QHAL.AX,48.119998931884766,0.0004158099459075082,0.00041572352090870317
2025-07-02,QHAL.AX,48.220001220703125,0.0020781855992955123,0.0020760291587419194
2025-07-03,QHAL.AX,48.2599983215332,0.0008294711700029822,0.0008291273489053716
2025-07-04,QHAL.AX,48.34000015258789,0.0016577255250129763,0.0016563530146757606
2025-07-07,QHAL.AX,48.43000030517578,0.0018618153145180116,0.001860084284624279
2025-07-08,QHAL.AX,48.2400016784668,-0.003923159725619074,-0.003930875503499459
2025-07-09,QHAL.AX,48.099998474121094,-0.002902222211327077,-0.0029064418243563896
2025-07-10,QHAL.AX,48.40999984741211,0.006444935200108137,0.006424255410950944
2025-07-11,QHAL.AX,48.400001525878906,-0.0002065342194735864,-0.0002065555506026158
2025-07-14,QHAL.AX,47.959999084472656,-0.009090959246581543,-0.009132534179090044
2025-07-15,QHAL.AX,48.54999923706055,0.012301921681622918,0.012226867952904766
2025-07-16,QHAL.AX,48.060001373291016,-0.010092644108539828,-0.01014392013999017
2025-07-17,QHAL.AX,48.22999954223633,0.003537206909856483,0.003530965706782568
2025-07-18,QHAL.AX,48.47999954223633,0.005183495798731341,0.005170107729122659
2025-07-21,QHAL.AX,48.34000015258789,-0.0028877762163852516,-0.0028919538868466105
2025-07-22,QHAL.AX,48.349998474121094,0.00020683329544146645,0.00020681190838440103
2025-07-23,QHAL.AX,48.529998779296875,0.0037228606175059298,0.003715947923269883
2025-07-24,QHAL.AX,48.86000061035156,0.006799955478166364,0.006776940057892821
2025-07-25,QHAL.AX,48.900001525878906,0.0008186843026536383,0.0008183493634537765
2025-07-28,QHAL.AX,49.189998626708984,0.005930410874866787,0.00591289520426109
2025-07-29,QHAL.AX,49.0,-0.003862545883581703,-0.0038700247785280165
2025-07-30,QHAL.AX,48.709999084472656,-0.005918386031170231,-0.005935969087645446
2025-07-31,QHAL.AX,49.0,0.0059536218636428995,0.0059359690876454605
2025-08-01,QHAL.AX,48.25,-0.015306122448979553,-0.015424470325631639
2025-08-04,QHAL.AX,47.88999938964844,-0.007461152546146321,-0.0074891261753415
2025-08-05,QHAL.AX,48.529998779296875,0.01336394649833239,0.013275436653893335
2025-08-06,QHAL.AX,48.34000015258789,-0.003915075860048023,-0.003922759831654434
2025-08-07,QHAL.AX,48.5099983215332,0.0035167184197084644,0.003510549224803524
2025-08-08,QHAL.AX,48.380001068115234,-0.002679803296555927,-0.002683400397195311
2025-08-11,QHAL.AX,48.77000045776367,0.00806116951298419,0.008028851848633884
2025-08-12,QHAL.AX,48.630001068115234,-0.0028706046408525365,-0.002874732728318668
2025-08-13,QHAL.AX,49.08000183105469,0.009253562678502636,0.009211010770446934
2025-08-14,QHAL.AX,49.25,0.003463695244561915,0.003457710467835211
2025-08-15,QHAL.AX,49.45000076293945,0.004060929196740171,0.004052705879125711
2025-08-18,QHAL.AX,49.27000045776367,-0.003640046560134391,-0.003646687650431028
2025-08-19,QHAL.AX,49.25,-0.00040593581444792193,-0.0004060182286946652
2025-08-20,QHAL.AX,48.97999954223633,-0.005482242797231862,-0.0054973254400066136
2025-08-21,QHAL.AX,49.099998474121094,0.0024499577992296295,0.002446961545419724
2025-08-22,QHAL.AX,48.83000183105469,-0.005498913471631006,-0.005514088151382704
2025-08-25,QHAL.AX,49.45000076293945,0.012697090080600049,0.012617157925095372
2025-08-26,QHAL.AX,49.2400016784668,-0.004246695272652867,-0.004255738093505989
2025-08-27,QHAL.AX,49.34000015258789,0.0020308381541918052,0.002028778790073014
2025-08-28,QHAL.AX,49.33000183105469,-0.00020264129514147022,-0.00020266182966286006
2025-08-29,QHAL.AX,49.529998779296875,0.0040542659805109516,0.00404606959028606
2025-09-01,QHAL.AX,49.18000030517578,-0.007066393756249956,-0.007091478961084854
2025-09-02,QHAL.AX,49.150001525878906,-0.0006099792417796346,-0.0006101653548045719
2025-09-03,QHAL.AX,48.97999954223633,-0.003458839844655337,-0.003464835460432966
2025-09-04,QHAL.AX,49.5099983215332,0.010820718339122237,0.010762593293668563
2025-09-05,QHAL.AX,49.900001525878906,0.00787726151418755,0.007846397864448348
2025-09-08,QHAL.AX,49.75,-0.003006042510862672,-0.003010569731606292
2025-09-09,QHAL.AX,49.7599983215332,0.0002009712870996161,0.00020095109507579622
2025-09-10,QHAL.AX,49.95000076293945,0.003818377166705522,0.003811105668947967
2025-09-11,QHAL.AX,49.689998626708984,-0.005205247893076637,-0.005218842391567443
2025-09-12,QHAL.AX,50.06999969482422,0.0076474356735236615,0.007618342269812709
2025-09-15,QHAL.AX,50.0,-0.0013980366537020839,-0.0013990148187246264
2025-09-16,QHAL.AX,50.27000045776367,0.0054000091552735,0.005385481382438332
2025-09-17,QHAL.AX,50.16999816894531,-0.0019893035191511643,-0.0019912848114273358
2025-09-18,QHAL.AX,50.400001525878906,0.004584480074308006,0.004574003353540698
2025-09-19,QHAL.AX,50.56999969482422,0.0033729794404475655,0.0033673037044742848
2025-09-22,QHAL.AX,50.689998626708984,0.0023729272811732205,0.0023701163351345007
2025-09-23,QHAL.AX,51.06999969482422,0.007496568917147561,0.0074686092916093835
2025-09-24,QHAL.AX,50.72999954223633,-0.006657531909528225,-0.006679792128846818
2025-09-25,QHAL.AX,50.470001220703125,-0.005125139441736759,-0.00513831801619051
2025-09-26,QHAL.AX,50.33000183105469,-0.0027739129435766507,-0.0027777673696309253
2025-09-29,QHAL.AX,50.4900016784668,0.003179015330641022,0.003173972945125766
2025-09-30,QHAL.AX,50.54999923706055,0.0011883057357737759,0.0011876002593387606
2025-10-01,QHAL.AX,50.650001525878906,0.001978284675127062,0.001976330446921169
2025-10-02,QHAL.AX,51.27000045776367,0.012240847249885833,0.012166533903466191
2025-10-03,QHAL.AX,51.560001373291016,0.005656347043847765,0.005640409981701452
2025-10-06,QHAL.AX,51.630001068115234,0.001357635627614151,0.0013567148736368542
2025-10-07,QHAL.AX,51.720001220703125,0.001743175493433613,0.0017416579263676891
2025-10-08,QHAL.AX,51.54999923706055,-0.0032869678969482674,-0.003292381842825575
2025-10-09,QHAL.AX,51.79999923706055,0.004849660595538152,0.004837938873896855
2025-10-10,QHAL.AX,51.650001525878906,-0.0028957087527199388,-0.002899909428559298
2025-10-13,QHAL.AX,50.959999084472656,-0.013359194985899991,-0.013449231810016572
2025-10-14,QHAL.AX,50.70000076293945,-0.005102007971040656,-0.005115067653047734
2025-10-15,QHAL.AX,51.13999938964844,0.00867847376899089,0.008641032282872567
2025-10-16,QHAL.AX,51.18000030517578,0.0007821845131941174,0.0007818787663110404
2025-10-17,QHAL.AX,50.720001220703125,-0.008987867950953077,-0.009028502497975634
2025-10-20,QHAL.AX,51.369998931884766,0.01281541197826952,0.012733989490127716
2025-10-21,QHAL.AX,51.7599983215332,0.007591968031098517,0.007563294078181298
2025-10-22,QHAL.AX,51.93000030517578,0.0032844279203125826,0.0032790459681336006
2025-10-23,QHAL.AX,51.52000045776367,-0.007895240612414312,-0.007926573051640958
2025-10-24,QHAL.AX,51.52000045776367,0.0,0.0
2025-10-27,QHAL.AX,52.400001525878906,0.017080765921899888,0.016936529765559972
2025-10-28,QHAL.AX,52.5099983215332,0.0020991754284582775,0.002096975238237368
2025-10-29,QHAL.AX,52.79999923706055,0.005522775181815653,0.005507580577545063
2025-10-30,QHAL.AX,52.54999923706055,-0.004734848553265225,-0.004746093457997882
2025-10-31,QHAL.AX,52.459999084472656,-0.0017126575431882785,-0.0017141258177922642
2025-11-03,QHAL.AX,52.209999084472656,-0.004765535729374326,-0.004776927099832544
2025-11-04,QHAL.AX,51.900001525878906,-0.005937513197274535,-0.005955210314775282
2025-11-05,QHAL.AX,51.540000915527344,-0.006936427741183304,-0.006960596584554819
2025-11-06,QHAL.AX,51.75,0.004074487402839555,0.004066209157826455
2025-11-07,QHAL.AX,51.34000015258789,-0.00792270236545134,-0.00795425373037867
2025-11-10,QHAL.AX,51.59000015258789,0.004869497453388716,0.004857679799161722
2025-11-11,QHAL.AX,52.0099983215332,0.008141077102211236,0.008108117298717608
2025-11-12,QHAL.AX,52.36000061035156,0.006729519325392008,0.006706977185549015
2025-11-13,QHAL.AX,52.52000045776367,0.003055764811822348,0.0030511054520550142
2025-11-14,QHAL.AX,51.65999984741211,-0.016374725873111395,-0.016510273436583817
2025-11-17,QHAL.AX,51.84000015258789,0.0034843264751731606,0.0034782702734591684
2025-11-18,QHAL.AX,50.91999816894531,-0.01774695179272001,-0.01790631725769337
2025-11-19,QHAL.AX,50.79999923706055,-0.002356616971717629,-0.0023593981638221767
2025-11-20,QHAL.AX,51.779998779296875,0.019291329861307993,0.019107611182648768
2025-11-21,QHAL.AX,50.65999984741211,-0.021629952844505973,-0.021867309187061982
2025-11-24,QHAL.AX,51.380001068115234,0.014212420506746204,0.014112370908748412
2025-11-25,QHAL.AX,51.7599983215332,0.007395820270891029,0.007368605294491606
2025-11-26,QHAL.AX,52.529998779296875,0.014876361722046871,0.014766793962890837
2025-11-27,QHAL.AX,52.79999923706055,0.0051399288794593545,0.005126764534944059
2025-11-28,QHAL.AX,52.619998931884766,-0.0034090967381953385,-0.0034149209491134867
2025-12-01,QHAL.AX,52.36000061035156,-0.004941055241558745,-0.004953302614963304
2025-12-02,QHAL.AX,52.529998779296875,0.0032467182384199322,0.003241459029132648
2025-12-03,QHAL.AX,52.86000061035156,0.0062821595035853495,0.006262508995049858
2025-12-04,QHAL.AX,52.970001220703125,0.0020809801188315102,0.0020788178789032732
2025-12-05,QHAL.AX,52.97999954223633,0.0001887544138718944,0.00018873660199886087
2025-12-08,QHAL.AX,52.97999954223633,0.0,0.0
2025-12-09,QHAL.AX,52.70000076293945,-0.005284990217367946,-0.005299005179266736
2025-12-10,QHAL.AX,52.5,-0.0037950808357501975,-0.003802300426767931
2025-12-11,QHAL.AX,52.43000030517578,-0.001333327520461336,-0.001334217192503822
2025-12-12,QHAL.AX,53.130001068115234,0.01335114932033199,0.013262808161583811
2025-12-15,QHAL.AX,52.869998931884766,-0.004893697176800993,-0.004905710521970787
2025-12-16,QHAL.AX,52.650001525878906,-0.004161101010977775,-0.004169782483147532
2025-12-17,QHAL.AX,52.599998474121094,-0.0009497255519210768,-0.0009501768269806575
2025-12-18,QHAL.AX,52.18000030517578,-0.007984756295229767,-0.00801680517745661
2025-12-19,QHAL.AX,52.56999969482422,0.007474116277645049,0.007446323469122321
2025-12-22,QHAL.AX,53.0,0.008179575949628815,0.008146304525896961
2025-12-23,QHAL.AX,52.97999954223633,-0.00037736712761649027,-0.0003774383485091724
2025-12-24,QHAL.AX,53.130001068115234,0.0028312859036423443,0.002827285363045466
2025-12-25,QHAL.AX,53.130001068115234,0.0,0.0
2025-12-26,QHAL.AX,53.130001068115234,0.0,0.0
2025-12-29,QHAL.AX,53.59000015258789,0.008657991252116082,0.008620725787421103
2025-12-30,QHAL.AX,53.369998931884766,-0.004105266282454001,-0.004113716021627247
2025-12-31,QHAL.AX,53.2400016784668,-0.00243577395577399,-0.0024387452791178013
2026-01-01,QHAL.AX,53.2400016784668,0.0,0.0
2026-01-02,QHAL.AX,53.16999816894531,-0.001314866779010604,-0.0013157319748285281
2026-01-05,QHAL.AX,53.2599983215332,0.0016926867723772165,0.001691255792695205
2026-01-06,QHAL.AX,53.689998626708984,0.008073607186013243,0.008041189985124516
2026-01-07,QHAL.AX,54.09000015258789,0.0074502055524343636,0.007422589848010348
2026-01-08,QHAL.AX,53.84000015258789,-0.004621926405892984,-0.004632640533764261
2026-01-09,QHAL.AX,53.97999954223633,0.0026002858330547163,0.0025969109390413343
2026-01-12,QHAL.AX,54.220001220703125,0.004446122276807518,0.004436267474796684
2026-01-13,QHAL.AX,54.529998779296875,0.005717402279868944,0.005701119967660512
2026-01-14,QHAL.AX,54.209999084472656,-0.005868323894878014,-0.0058856101683557194
2026-01-15,QHAL.AX,54.18000030517578,-0.0005533809224037567,-0.0005535340941372137
2026-01-16,QHAL.AX,54.41999816894531,0.004429639394937457,0.00441985741879928
2026-01-19,QHAL.AX,54.029998779296875,-0.00716647193624842,-0.007192274445463837
2026-01-20,QHAL.AX,53.779998779296875,-0.004627059145812851,-0.004637797120281234
2026-01-21,QHAL.AX,53.61000061035156,-0.003160992428485443,-0.00316599891815302
2026-01-22,QHAL.AX,54.16999816894531,0.010445766689389346,0.010391586643322324
2026-01-23,QHAL.AX,54.41999816894531,0.004615100765192892,0.004604483840575701
2026-01-26,QHAL.AX,54.41999816894531,0.0,0.0
2026-01-27,QHAL.AX,54.70000076293945,0.0051452150572457445,0.005132023667264014
2026-01-28,QHAL.AX,54.66999816894531,-0.0005484934840159772,-0.0005486439615934774
2026-01-29,QHAL.AX,54.65999984741211,-0.0001828849802099075,-0.00018290170570715993
2026-01-30,QHAL.AX,54.54999923706055,-0.0020124517134767483,-0.0020144794153177012
2026-02-02,QHAL.AX,53.95000076293945,-0.01099905559143366,-0.011059992447275872
2026-02-03,QHAL.AX,54.95000076293945,0.01853568092415947,0.018365988888132807
2026-02-04,QHAL.AX,54.220001220703125,-0.013284795852608444,-0.013373828149469368
2026-02-05,QHAL.AX,54.119998931884766,-0.0018443800547199851,-0.0018460830178761145
2026-02-06,QHAL.AX,53.560001373291016,-0.010347331294270012,-0.010401237103326291
2026-02-09,QHAL.AX,54.720001220703125,0.02165795029255868,0.021426749159258986
2026-02-10,QHAL.AX,54.83000183105469,0.0020102450273693506,0.0020082271886153373
2026-02-11,QHAL.AX,54.880001068115234,0.0009118955934857009,0.0009114800692895937
2026-02-12,QHAL.AX,54.95000076293945,0.0012755046184735885,0.0012746918535079487
2026-02-13,QHAL.AX,54.2599983215332,-0.012556914136962471,-0.012636418436871633
2026-02-16,QHAL.AX,54.29999923706055,0.0007372081969170274,0.0007369365924320643
2026-02-17,QHAL.AX,54.0,-0.005524847905629349,-0.005540166325164981
2026-02-18,QHAL.AX,54.47999954223633,0.008888880411783928,0.008849606874565697
2026-02-19,QHAL.AX,54.7400016784668,0.004772432790292047,0.004761080836220719
2026-02-20,QHAL.AX,54.599998474121094,-0.0025576032161646056,-0.0025608794707019434
2026-02-23,QHAL.AX,54.45000076293945,-0.0027472109042775417,-0.002750991413645651
2026-02-24,QHAL.AX,54.63999938964844,0.0034894145830444145,0.00348334070140466
2026-02-25,QHAL.AX,54.9900016784668,0.006405605650220192,0.006385176950732694
2026-02-26,QHAL.AX,55.27000045776367,0.005091812525012562,0.005078893084638172
2026-02-27,QHAL.AX,54.9900016784668,-0.0050660173145981036,-0.0050788930846381135
2026-03-02,QHAL.AX,54.63999938964844,-0.006364835027008464,-0.006385176950732692
2026-03-03,QHAL.AX,54.40999984741211,-0.004209362093805291,-0.004218246398692988
2026-03-04,QHAL.AX,53.84000015258789,-0.010476009858899626,-0.010531269522853612
2026-03-05,QHAL.AX,54.27000045776367,0.007986632688653739,0.007954908339672426
2026-03-06,QHAL.AX,53.90999984741211,-0.006633510361433226,-0.006655609877085465
2026-03-09,QHAL.AX,51.779998779296875,-0.0395103148607685,-0.04031203588456665
2026-03-10,QHAL.AX,53.310001373291016,0.029548138857930617,0.02912000584655443
2026-03-11,QHAL.AX,53.630001068115234,0.0060026202697593956,0.005984676316063338
2026-03-12,QHAL.AX,52.84000015258789,-0.014730578030829555,-0.014840150369350373
2026-03-13,QHAL.AX,52.630001068115234,-0.003974244584902253,-0.003982162881373384
2024-03-14,QLTY.AX,27.830387115478516,0.00033949930434173936,0.0003394416874931329
2024-03-15,QLTY.AX,27.773704528808594,-0.0020367157105909417,-0.0020387926365848545
2024-03-18,QLTY.AX,27.726472854614258,-0.0017005896402960685,-0.0017020372843235
2024-03-19,QLTY.AX,27.896516799926758,0.006132909375243578,0.00611417962610057
2024-03-20,QLTY.AX,27.990982055664062,0.003386274222506147,0.003380553706470796
2024-03-21,QLTY.AX,28.009876251220703,0.0006750100985761787,0.0006747823817279413
2024-03-22,QLTY.AX,28.28383445739746,0.009780771743495897,0.009733249613033514
2024-03-25,QLTY.AX,28.15157699584961,-0.004676079608196826,-0.004687046670374161
2024-03-26,QLTY.AX,28.085451126098633,-0.002348922398227482,-0.0023516854440787907
2024-03-27,QLTY.AX,28.17047119140625,0.003027192439455373,0.003022619718436045
2024-03-28,QLTY.AX,28.17991828918457,0.00033535462414291395,0.0003352984053494173
2024-03-29,QLTY.AX,28.17991828918457,0.0,0.0
2024-04-01,QLTY.AX,28.17991828918457,0.0,0.0
2024-04-02,QLTY.AX,28.17991828918457,0.0,0.0
2024-04-03,QLTY.AX,27.773704528808594,-0.014415008454154443,-0.01451991405234192
2024-04-04,QLTY.AX,27.613107681274414,-0.005782334415187496,-0.005799116836483724
2024-04-05,QLTY.AX,27.225788116455078,-0.014026656082683275,-0.014125959311558016
2024-04-08,QLTY.AX,27.386384963989258,0.005898703348723888,0.005881374111419405
2024-04-09,QLTY.AX,27.42417335510254,0.0013798239951337,0.0013788729127885624
2024-04-10,QLTY.AX,27.443063735961914,0.0006888222523528942,0.0006885851231922059
2024-04-11,QLTY.AX,27.443063735961914,0.0,0.0
2024-04-12,QLTY.AX,27.528085708618164,0.003098122479118004,0.0030933331869962746
2024-04-15,QLTY.AX,27.395832061767578,-0.00480431688023919,-0.004815894707834882
2024-04-16,QLTY.AX,27.25412940979004,-0.005172416433932403,-0.005185839686924897
2024-04-17,QLTY.AX,27.34859848022461,0.00346622961291998,0.003460236085024606
2024-04-18,QLTY.AX,27.140764236450195,-0.007599447698378281,-0.007628470633386685
2024-04-19,QLTY.AX,26.81012535095215,-0.012182371970719807,-0.012257185287447592
2024-04-22,QLTY.AX,26.847915649414062,0.001409553217943893,0.001408560730340047
2024-04-23,QLTY.AX,26.791234970092773,-0.0021111761546571683,-0.002113407828559535
2024-04-24,QLTY.AX,27.10297966003418,0.011636070165836232,0.011568891727851248
2024-04-25,QLTY.AX,27.10297966003418,0.0,0.0
2024-04-26,QLTY.AX,26.781787872314453,-0.011850792486604478,-0.011921572886203446
2024-04-29,QLTY.AX,26.876256942749023,0.0035273623585163616,0.0035211558068013343
2024-04-30,QLTY.AX,26.923490524291992,0.0017574464198486517,0.0017559039178679581
2024-05-01,QLTY.AX,26.725107192993164,-0.007368410537995973,-0.0073956913684420965
2024-05-02,QLTY.AX,26.583404541015625,-0.005302229508538314,-0.005316336214174861
2024-05-03,QLTY.AX,26.451147079467773,-0.0049751889884454,-0.004987606444428809
2024-05-06,QLTY.AX,26.743999481201172,0.0110714443065012,0.011010604511374714
2024-05-07,QLTY.AX,27.04629898071289,0.011303451442414625,0.011240044797069422
2024-05-08,QLTY.AX,27.17855453491211,0.004889968653142951,0.004878051590015482
2024-05-09,QLTY.AX,27.188003540039062,0.00034766400526620167,0.00034760358413968436
2024-05-10,QLTY.AX,27.25412940979004,0.002432170852618709,0.002429217912158503
2024-05-13,QLTY.AX,27.518638610839844,0.009705288951728175,0.009658495156172456
2024-05-14,QLTY.AX,27.405277252197266,-0.004119439200670483,-0.004127947464557318
2024-05-15,QLTY.AX,27.34859848022461,-0.0020681699897092676,-0.0020703116065904164
2024-05-16,QLTY.AX,27.726472854614258,0.013816955726739799,0.01372237183905706
2024-05-17,QLTY.AX,27.584768295288086,-0.005110803673774478,-0.0051239085007377325
2024-05-20,QLTY.AX,27.546979904174805,-0.0013699006172089856,-0.001370839788872048
2024-05-21,QLTY.AX,27.698129653930664,0.005486980797228869,0.005471982157911202
2024-05-22,QLTY.AX,27.594213485717773,-0.0037517395402235643,-0.0037587949672904363
2024-05-23,QLTY.AX,27.9154052734375,0.01163982397563057,0.011572602353579762
2024-05-24,QLTY.AX,27.735918045043945,-0.006429683776231765,-0.006450443225267387
2024-05-27,QLTY.AX,27.641450881958008,-0.003405950469442587,-0.0034117639227187746
2024-05-28,QLTY.AX,27.584768295288086,-0.0020506371721218386,-0.0020527426073425723
2024-05-29,QLTY.AX,27.34859848022461,-0.008561602277580738,-0.008598463338319309
2024-05-30,QLTY.AX,27.188003540039062,-0.005872145159528719,-0.005889453997183129
2024-05-31,QLTY.AX,27.03685188293457,-0.005559498213316583,-0.005575009741096798
2024-06-03,QLTY.AX,27.25412940979004,0.008036347123409504,0.008004227653255326
2024-06-04,QLTY.AX,27.131319046020508,-0.004506119491948124,-0.004516302650921662
2024-06-05,QLTY.AX,27.367490768432617,0.008704763745968735,0.008667095726337793
2024-06-06,QLTY.AX,27.650897979736328,0.010355615489258119,0.010302363426250054
2024-06-07,QLTY.AX,27.613107681274414,-0.0013666933525851022,-0.0013676281297446613
2024-06-10,QLTY.AX,27.613107681274414,0.0,0.0
2024-06-11,QLTY.AX,27.84927749633789,0.008552815488552579,0.00851644738150799
2024-06-12,QLTY.AX,27.811492919921875,-0.0013567524838296041,-0.001357673705821888
2024-06-13,QLTY.AX,27.95319366455078,0.005095042723413323,0.00508210691363355
2024-06-14,QLTY.AX,27.95319366455078,0.0,0.0
2024-06-17,QLTY.AX,27.981536865234375,0.0010139521452798839,0.0010134384430204387
2024-06-18,QLTY.AX,28.142131805419922,0.005739318071019905,0.005722910932318211
2024-06-19,QLTY.AX,28.057109832763672,-0.0030211631884928813,-0.0030257361146920777
2024-06-20,QLTY.AX,28.11379051208496,0.0020201895226963362,0.0020181516839280042
2024-06-21,QLTY.AX,28.04766273498535,-0.002352147323257059,-0.002354917967266812
2024-06-24,QLTY.AX,28.057109832763672,0.00033682299546966554,0.0003367662833388028
2024-06-25,QLTY.AX,27.962642669677734,-0.0033669598775146747,-0.0033726408422275573
2024-06-26,QLTY.AX,28.04766273498535,0.003040487492972588,0.0030358745588887435
2024-06-27,QLTY.AX,27.905961990356445,-0.005052140920539405,-0.005064946131841544
2024-06-28,QLTY.AX,28.21770668029785,0.011171257598972417,0.0111093199548358
2024-07-01,QLTY.AX,28.062515258789062,-0.005499788599657718,-0.005514968118658364
2024-07-02,QLTY.AX,27.887184143066406,-0.006247876004904507,-0.006267475662324319
2024-07-03,QLTY.AX,28.081995010375977,0.00698567723116672,0.006961390428885923
2024-07-04,QLTY.AX,27.89692497253418,-0.00659034508671541,-0.0066121572970421864
2024-07-05,QLTY.AX,27.916404724121094,0.0006982759428177943,0.0006980322616028568
2024-07-08,QLTY.AX,27.89692497253418,-0.0006977886937598043,-0.0006980322616028896
2024-07-09,QLTY.AX,27.99433135986328,0.003491653199232614,0.0034855715308072252
2024-07-10,QLTY.AX,27.848224639892578,-0.005219153766972351,-0.005232821125431633
2024-07-11,QLTY.AX,27.974849700927734,0.004546970683860563,0.0045366644423035585
2024-07-12,QLTY.AX,27.8287410736084,-0.0052228565615668465,-0.005236543353799665
2024-07-15,QLTY.AX,28.150178909301758,0.011550570499870627,0.011484371926960935
2024-07-16,QLTY.AX,28.198883056640625,0.0017301540958509776,0.0017286591033831194
2024-07-17,QLTY.AX,28.325510025024414,0.004490495886998236,0.004480443692002076
2024-07-18,QLTY.AX,27.96510887145996,-0.01272355390056712,-0.012805191532294044
2024-07-19,QLTY.AX,27.906665802001953,-0.002089856675568047,-0.0020920434732906623
2024-07-22,QLTY.AX,27.867704391479492,-0.0013961327662319611,-0.0013971082676411356
2024-07-23,QLTY.AX,28.198883056640625,0.01188395931393571,0.01181389958122372
2024-07-24,QLTY.AX,28.198883056640625,0.0,0.0
2024-07-25,QLTY.AX,27.974849700927734,-0.007944759913465216,-0.007976487676544505
2024-07-26,QLTY.AX,27.867704391479492,-0.0038300584487032108,-0.0038374119046793165
2024-07-29,QLTY.AX,28.28654670715332,0.015029666950317155,0.01491784058908567
2024-07-30,QLTY.AX,28.052772521972656,-0.008264500704200373,-0.008298841024764534
2024-07-31,QLTY.AX,28.59824562072754,0.01944453434424842,0.019257904789504517
2024-08-01,QLTY.AX,28.73461151123047,0.0047683306280890125,0.004756998149989401
2024-08-02,QLTY.AX,28.111217498779297,-0.021694882222699552,-0.02193367623600405
2024-08-05,QLTY.AX,27.497562408447266,-0.021829545104500636,-0.0220713348747263
2024-08-06,QLTY.AX,27.429380416870117,-0.0024795649361342154,-0.0024826441483947934
2024-08-07,QLTY.AX,27.575489044189453,0.005326719929461987,0.005312583136462034
2024-08-08,QLTY.AX,27.195606231689453,-0.013776104274750733,-0.01387187538501739
2024-08-09,QLTY.AX,27.53652572631836,0.012535829932397435,0.01245790695998427
2024-08-12,QLTY.AX,27.819000244140625,0.010258175654755508,0.010205917648234282
2024-08-13,QLTY.AX,27.78978157043457,-0.001050313578835671,-0.0010508655446679338
2024-08-14,QLTY.AX,27.96510887145996,0.006309056463110974,0.006289237681246876
2024-08-15,QLTY.AX,28.18914222717285,0.008011174093498052,0.00797925499795049
2024-08-16,QLTY.AX,28.5885066986084,0.014167315493927246,0.014067896975168968
2024-08-19,QLTY.AX,28.34499168395996,-0.008517934050059739,-0.008554418982201077
2024-08-20,QLTY.AX,28.45213508605957,0.003779976487353842,0.0037728503283949427
2024-08-21,QLTY.AX,28.471616744995117,0.0006847169422126154,0.0006844826305191623
2024-08-22,QLTY.AX,28.70539093017578,0.008210780134983331,0.008177255066066771
2024-08-23,QLTY.AX,28.685911178588867,-0.0006786095209188048,-0.0006788398805818149
2024-08-26,QLTY.AX,28.500839233398438,-0.006451666953796065,-0.006472568907166929
2024-08-27,QLTY.AX,28.432655334472656,-0.0023923470592360774,-0.002395213293726284
2024-08-28,QLTY.AX,28.500839233398438,0.0023980841087012372,0.0023952132937261916
2024-08-29,QLTY.AX,28.3060302734375,-0.006835200829197086,-0.00685866780986815
2024-08-30,QLTY.AX,28.442398071289062,0.004817623542907379,0.004806055931992646
2024-09-02,QLTY.AX,28.676170349121094,0.008219147951100902,0.008185554700981992
2024-09-03,QLTY.AX,28.763835906982422,0.0030570873583897207,0.0030524239686738
2024-09-04,QLTY.AX,28.18914222717285,-0.019979730160748943,-0.020182024021980428
2024-09-05,QLTY.AX,28.198883056640625,0.00034555253186763224,0.00034549284234167415
2024-09-06,QLTY.AX,27.906665802001953,-0.010362724440245441,-0.010416791313582687
2024-09-09,QLTY.AX,27.945629119873047,0.0013962011136527952,0.0013952273311699896
2024-09-10,QLTY.AX,28.0235538482666,0.0027884406559357533,0.0027845601672910297
2024-09-11,QLTY.AX,28.120960235595703,0.0034758756100852217,0.0034698487162412345
2024-09-12,QLTY.AX,28.40343475341797,0.010044981233062744,0.009994865735795024
2024-09-13,QLTY.AX,28.422916412353516,0.0006858909531426427,0.0006856558374458515
2024-09-16,QLTY.AX,28.549541473388672,0.004455034071736641,0.004445139782825398
2024-09-17,QLTY.AX,28.5398006439209,-0.0003411903997425636,-0.0003412486184298165
2024-09-18,QLTY.AX,28.442398071289062,-0.0034128680100847797,-0.0034187051287730514
2024-09-19,QLTY.AX,28.422916412353516,-0.0006849513492750425,-0.0006851860356224187
2024-09-20,QLTY.AX,28.569021224975586,0.00514038779491921,0.005127221103568891
2024-09-23,QLTY.AX,28.442398071289062,-0.004432183822098423,-0.0044420350679464605
2024-09-24,QLTY.AX,28.364471435546875,-0.002739805397100059,-0.0027435655335054437
2024-09-25,QLTY.AX,28.257326126098633,-0.0037774477727078315,-0.003784600346543168
2024-09-26,QLTY.AX,28.530061721801758,0.00965185433632465,0.009605572754017293
2024-09-27,QLTY.AX,28.559282302856445,0.0010242032190332928,0.001023679080768557
2024-09-30,QLTY.AX,28.198883056640625,-0.012619338343098807,-0.012699638464720216
2024-10-01,QLTY.AX,28.3060302734375,0.0037996971930291945,0.003792496577990441
2024-10-02,QLTY.AX,28.101476669311523,-0.007226502697481041,-0.007252740348821363
2024-10-03,QLTY.AX,28.198883056640625,0.0034662373253671053,0.0034602437708309325
2024-10-04,QLTY.AX,28.27680778503418,0.002763397693342551,0.00275958652949654
2024-10-07,QLTY.AX,28.569021224975586,0.010334032121407377,0.010281001048433071
2024-10-08,QLTY.AX,28.617725372314453,0.001704788797464607,0.0017033372944791638
2024-10-09,QLTY.AX,28.773576736450195,0.005445973155033368,0.005431197464298629
2024-10-10,QLTY.AX,29.0657901763916,0.010155617517346505,0.010104395734412786
2024-10-11,QLTY.AX,29.05605125427246,-0.00033506476376654604,-0.0003351209105067181
2024-10-14,QLTY.AX,29.202157974243164,0.00502844377207734,0.005015843371311121
2024-10-15,QLTY.AX,29.591779708862305,0.01334222405627683,0.01325400045127848
2024-10-16,QLTY.AX,29.114492416381836,-0.016129049931306705,-0.01626053883474794
2024-10-17,QLTY.AX,29.017087936401367,-0.0033455668258761673,-0.003351175748079398
2024-10-18,QLTY.AX,29.026826858520508,0.00033562713599954996,0.0003355708258114728
2024-10-21,QLTY.AX,29.221641540527344,0.00671153905166344,0.006689116942107332
2024-10-22,QLTY.AX,29.05605125427246,-0.005666700346906417,-0.0056828170076809155
2024-10-23,QLTY.AX,28.98786735534668,-0.002346633351142491,-0.002349391010172639
2024-10-24,QLTY.AX,28.92942237854004,-0.0020161875342602498,-0.0020182227764269484
2024-10-25,QLTY.AX,29.017087936401367,0.0030303252071275377,0.0030257430263617743
2024-10-28,QLTY.AX,29.41645050048828,0.013763013192854556,0.01366916305348525
2024-10-29,QLTY.AX,29.377487182617188,-0.0013245417855715091,-0.0013254197664095445
2024-10-30,QLTY.AX,29.6307430267334,0.008620745625448345,0.008583799183287437
2024-10-31,QLTY.AX,29.299562454223633,-0.011176924325217552,-0.011239855501275904
2024-11-01,QLTY.AX,28.95864486694336,-0.01163558629289796,-0.01170380945442495
2024-11-04,QLTY.AX,29.036571502685547,0.0026909627884950105,0.0026873486303885933
2024-11-05,QLTY.AX,29.036571502685547,0.0,0.0
2024-11-06,QLTY.AX,29.708667755126953,0.023146543054480384,0.02288272505302589
2024-11-07,QLTY.AX,29.679445266723633,-0.000983635100846203,-0.0009841191873210112
2024-11-08,QLTY.AX,29.83529281616211,0.005251026359755162,0.005237287794232877
2024-11-11,QLTY.AX,30.08854866027832,0.008488465177020732,0.00845264074336874
2024-11-12,QLTY.AX,30.205434799194336,0.003884738351315864,0.003877212240304645
2024-11-13,QLTY.AX,30.205434799194336,0.0,0.0
2024-11-14,QLTY.AX,30.63401985168457,0.014189004572834785,0.014089282841837258
2024-11-15,QLTY.AX,30.195693969726562,-0.014308467647412115,-0.01441182083908195
2024-11-18,QLTY.AX,29.728147506713867,-0.015483878710701116,-0.015605005933625755
2024-11-19,QLTY.AX,29.621002197265625,-0.0036041704053050294,-0.0036106810758786707
2024-11-20,QLTY.AX,29.533336639404297,-0.0029595743343694414,-0.002963962534765358
2024-11-21,QLTY.AX,29.49437713623047,-0.0013191703886870076,-0.0013200412599134784
2024-11-22,QLTY.AX,29.93269920349121,0.014861207790088038,0.014751862050325651
2024-11-25,QLTY.AX,30.21517562866211,0.009437051541878683,0.009392800751129271
2024-11-26,QLTY.AX,30.205434799194336,-0.0003223820237713282,-0.0003224340000270608
2024-11-27,QLTY.AX,30.38076400756836,0.0058045583365911035,0.0057877767961546835
2024-11-28,QLTY.AX,30.419727325439453,0.0012824996060463167,0.0012816779059049333
2024-11-29,QLTY.AX,30.361284255981445,-0.0019212226603074756,-0.0019230705757800927
2024-12-02,QLTY.AX,30.448949813842773,0.002887412703698633,0.002883252134567226
2024-12-03,QLTY.AX,30.780126571655273,0.010876459117218573,0.010817735852833226
2024-12-04,QLTY.AX,31.023639678955078,0.007911374462119758,0.007880243623201664
2024-12-05,QLTY.AX,31.1989688873291,0.005651471271211239,0.005635561621254447
2024-12-06,QLTY.AX,31.140527725219727,-0.0018731760758000648,-0.0018749326640476857
2024-12-09,QLTY.AX,31.393781661987305,0.008132615445770819,0.008099723937764935
2024-12-10,QLTY.AX,31.237934112548828,-0.004964280860345727,-0.0049766438350664155
2024-12-11,QLTY.AX,31.228193283081055,-0.0003118269419698505,-0.0003118755701000231
2024-12-12,QLTY.AX,31.16000747680664,-0.0021834694583934278,-0.0021858567034487727
2024-12-13,QLTY.AX,31.16000747680664,0.0,0.0
2024-12-16,QLTY.AX,30.974937438964844,-0.005939345103801785,-0.005957053164937657
2024-12-17,QLTY.AX,31.237934112548828,0.008490628079627749,0.008454785438486552
2024-12-18,QLTY.AX,31.315860748291016,0.002494615535759248,0.002491509147514001
2024-12-19,QLTY.AX,30.955459594726562,-0.011508582071598328,-0.011575318322758264
2024-12-20,QLTY.AX,30.595056533813477,-0.011642633177847639,-0.011710939324717394
2024-12-23,QLTY.AX,30.80934715270996,0.007004092921340188,0.006979678198215145
2024-12-24,QLTY.AX,30.877532958984375,0.0022131532335445403,0.002210707817316208
2024-12-25,QLTY.AX,30.877532958984375,0.0,0.0
2024-12-26,QLTY.AX,30.877532958984375,0.0,0.0
2024-12-27,QLTY.AX,31.315860748291016,0.014195686873329061,0.01409587163194446
2024-12-30,QLTY.AX,30.83856964111328,-0.015241193943672182,-0.015358534742744755
2024-12-31,QLTY.AX,30.64375877380371,-0.006317117479075707,-0.006337154896082606
2025-01-01,QLTY.AX,30.64375877380371,0.0,0.0
2025-01-02,QLTY.AX,30.695083618164062,0.001674887364151445,0.0016734863045033924
2025-01-03,QLTY.AX,30.587656021118164,-0.0034998307345326385,-0.0035059694693247868
2025-01-06,QLTY.AX,30.753681182861328,0.005427848463724683,0.005413170782450848
2025-01-07,QLTY.AX,30.83180809020996,0.002540408313531417,0.0025371869309296917
2025-01-08,QLTY.AX,30.753681182861328,-0.0025339709925555898,-0.0025371869309295998
2025-01-09,QLTY.AX,30.968534469604492,0.006986262407600696,0.006961971545655684
2025-01-10,QLTY.AX,30.714616775512695,-0.0081992157020222,-0.0082330141450228
2025-01-13,QLTY.AX,30.714616775512695,0.0,0.0
2025-01-14,QLTY.AX,30.55835723876953,-0.005087464964490196,-0.005100450174294946
2025-01-15,QLTY.AX,30.67555046081543,0.0038350628972037004,0.0038277277912381878
2025-01-16,QLTY.AX,30.968534469604492,0.009551059537246553,0.009505736528079548
2025-01-17,QLTY.AX,31.27128791809082,0.009776163246713487,0.0097286857438971
2025-01-20,QLTY.AX,31.36894989013672,0.003123055638184935,0.00311818902975197
2025-01-21,QLTY.AX,31.232223510742188,-0.004358653377731447,-0.004368179999604976
2025-01-22,QLTY.AX,31.57404136657715,0.010944397081347645,0.01088494058459406
2025-01-23,QLTY.AX,31.70099639892578,0.004020867359824987,0.004012805276481738
2025-01-24,QLTY.AX,31.593570709228516,-0.003388716504220235,-0.003394471208378487
2025-01-27,QLTY.AX,31.593570709228516,0.0,0.0
2025-01-28,QLTY.AX,31.310354232788086,-0.008964370600810345,-0.009004792322468397
2025-01-29,QLTY.AX,31.495908737182617,0.005926298470306568,0.005908807035813385
2025-01-30,QLTY.AX,31.67169952392578,0.005581384814454804,0.005565866601532852
2025-01-31,QLTY.AX,31.97445297241211,0.009559115962741949,0.009513716702309955
2025-02-03,QLTY.AX,31.593570709228516,-0.01191208066990923,-0.011983598017187897
2025-02-04,QLTY.AX,31.74006462097168,0.0046368266851322115,0.004626109719982208
2025-02-05,QLTY.AX,31.583805084228516,-0.004923100775287015,-0.004935259156948617
2025-02-06,QLTY.AX,31.98421859741211,0.012677811052713928,0.012598120434430394
2025-02-07,QLTY.AX,31.88655662536621,-0.0030534424890967804,-0.003058113756000657
2025-02-10,QLTY.AX,31.779129028320312,-0.0033690560667324343,-0.003374744115285745
2025-02-11,QLTY.AX,31.88655662536621,0.003380444975385144,0.0033747441152858783
2025-02-12,QLTY.AX,31.798662185668945,-0.002756473228825995,-0.002760279296982246
2025-02-13,QLTY.AX,31.915857315063477,0.0036855364766681387,0.0036787615282183124
2025-02-14,QLTY.AX,31.945154190063477,0.000917941031970182,0.0009175199817475781
2025-02-17,QLTY.AX,31.593570709228516,-0.011005847044692652,-0.01106685945444699
2025-02-18,QLTY.AX,31.74006462097168,0.0046368266851322115,0.004626109719982208
2025-02-19,QLTY.AX,31.67169952392578,-0.0021539054145695014,-0.0021562284051042995
2025-02-20,QLTY.AX,31.554508209228516,-0.0037001902789819408,-0.00370705291697348
2025-02-21,QLTY.AX,31.36894989013672,-0.005880564446177239,-0.005897923050996752
2025-02-24,QLTY.AX,31.202924728393555,-0.00529265921634714,-0.0053067149538925705
2025-02-25,QLTY.AX,30.978302001953125,-0.007198771538106219,-0.007224807721540414
2025-02-26,QLTY.AX,31.13456153869629,0.005044160804337006,0.005031481644500062
2025-02-27,QLTY.AX,31.349416732788086,0.006900858193386039,0.006877156251499209
2025-02-28,QLTY.AX,31.095495223999023,-0.008099720353759832,-0.008132701300356603
2025-03-03,QLTY.AX,31.544740676879883,0.01444728407265039,0.014343916462123713
2025-03-04,QLTY.AX,31.095495223999023,-0.014241532605469343,-0.014343916462123794
2025-03-05,QLTY.AX,31.017366409301758,-0.002512544474190137,-0.002515706211171074
2025-03-06,QLTY.AX,30.80251121520996,-0.00692693219845264,-0.006951034762332509
2025-03-07,QLTY.AX,30.499759674072266,-0.009828794120792295,-0.009877415573551913
2025-03-10,QLTY.AX,30.460695266723633,-0.0012808103331332088,-0.001281631271740576
2025-03-11,QLTY.AX,30.157943725585938,-0.009939088339471769,-0.009988810816378858
2025-03-12,QLTY.AX,29.82589340209961,-0.01101037678522554,-0.011071439613887598
2025-03-13,QLTY.AX,29.581741333007812,-0.00818590966581434,-0.008219598197826368
2025-03-14,QLTY.AX,29.659870147705078,0.002641116147212408,0.0026376345288525284
2025-03-17,QLTY.AX,29.669633865356445,0.0003291894941799267,0.000329135323206405
2025-03-18,QLTY.AX,29.757530212402344,0.002962501911711435,0.0029581223504300865
2025-03-19,QLTY.AX,29.679401397705078,-0.0026255140846569436,-0.002628966791505729
2025-03-20,QLTY.AX,30.011449813842773,0.011187840741402999,0.011125719754895604
2025-03-21,QLTY.AX,29.95285415649414,-0.0019524434078358466,-0.0019543519100325393
2025-03-24,QLTY.AX,30.099346160888672,0.004890752768639484,0.004878831889565751
2025-03-25,QLTY.AX,30.148178100585938,0.0016223588192330052,0.0016210442168096623
2025-03-26,QLTY.AX,30.245838165283203,0.003239335537007726,0.0032341001926250645
2025-03-27,QLTY.AX,29.972387313842773,-0.009040941432871374,-0.009082058757705609
2025-03-28,QLTY.AX,29.923553466796875,-0.0016292945414909665,-0.00163062328531527
2025-03-31,QLTY.AX,29.25945472717285,-0.022193177704008527,-0.02244315167233174
2025-04-01,QLTY.AX,29.493844985961914,0.008010752796817844,0.007978837049440517
2025-04-02,QLTY.AX,29.532907485961914,0.0013244288772316093,0.0013235525949365703
2025-04-03,QLTY.AX,29.22039222717285,-0.010581933354770867,-0.010638320151859303
2025-04-04,QLTY.AX,28.751615524291992,-0.016042792965829222,-0.016172871661960127
2025-04-07,QLTY.AX,27.452713012695312,-0.045176679219964155,-0.046228960035645916
2025-04-08,QLTY.AX,28.2730712890625,0.02988259397123394,0.029444809308901723
2025-04-09,QLTY.AX,27.79452896118164,-0.016925728478107915,-0.01707060571573872
2025-04-10,QLTY.AX,29.484079360961914,0.06078715714664318,0.05901123361395937
2025-04-11,QLTY.AX,29.015300750732422,-0.015899380967281385,-0.016027132043030048
2025-04-14,QLTY.AX,29.025068283081055,0.00033663384820803444,0.00033657719974699115
2025-04-15,QLTY.AX,28.800445556640625,-0.0077389215504917175,-0.007769022403201731
2025-04-16,QLTY.AX,28.321903228759766,-0.01661579599314633,-0.01675538676615519
2025-04-17,QLTY.AX,28.683252334594727,0.012758644887537862,0.012677939117094843
2025-04-18,QLTY.AX,28.683252334594727,0.0,0.0
2025-04-21,QLTY.AX,28.683252334594727,0.0,0.0
2025-04-22,QLTY.AX,27.89219093322754,-0.027579208666413724,-0.027966655306813255
2025-04-23,QLTY.AX,28.73208236694336,0.03011206382913678,0.0296675961573851
2025-04-24,QLTY.AX,28.946937561035156,0.007477884524617284,0.007450063753725368
2025-04-25,QLTY.AX,28.946937561035156,0.0,0.0
2025-04-28,QLTY.AX,29.36688232421875,0.014507398659983739,0.014403173169888104
2025-04-29,QLTY.AX,29.50360870361328,0.004655801657289738,0.004644996936199931
2025-04-30,QLTY.AX,29.640336990356445,0.004634290269936336,0.004623585008235273
2025-05-01,QLTY.AX,30.04075050354004,0.013509074249522524,0.013418640248743691
2025-05-02,QLTY.AX,30.177474975585938,0.0045513001424444255,0.00454097429478488
2025-05-05,QLTY.AX,30.07981300354004,-0.0032362539319445993,-0.0032415019273232377
2025-05-06,QLTY.AX,30.255605697631836,0.005844208342355994,0.005827197202367527
2025-05-07,QLTY.AX,30.118879318237305,-0.004519042876250601,-0.004529284617401992
2025-05-08,QLTY.AX,30.499759674072266,0.012645900659535192,0.012566609034058353
2025-05-09,QLTY.AX,30.55835723876953,0.0019212467679565748,0.0019194035338789613
2025-05-12,QLTY.AX,30.646251678466797,0.002876281568753747,0.0028721529856726817
2025-05-13,QLTY.AX,31.12479591369629,0.015615098389527793,0.01549443721043733
2025-05-14,QLTY.AX,31.12479591369629,0.0,0.0
2025-05-15,QLTY.AX,31.16385841369629,0.0012550283095289494,0.0012542414198105276
2025-05-16,QLTY.AX,31.41777801513672,0.008147887147659238,0.008114872327950794
2025-05-19,QLTY.AX,31.495908737182617,0.002486831564226355,0.0024837445155328013
2025-05-20,QLTY.AX,31.70099639892578,0.006511565151350762,0.006490456495033313
2025-05-21,QLTY.AX,31.41777801513672,-0.008934053057040758,-0.008974201010566106
2025-05-22,QLTY.AX,31.212690353393555,-0.006527758317101728,-0.006549157307217323
2025-05-23,QLTY.AX,31.251754760742188,0.0012515552778802341,0.001250772735435471
2025-05-26,QLTY.AX,30.978302001953125,-0.008749996948413497,-0.008788502954555731
2025-05-27,QLTY.AX,31.183391571044922,0.006620426422302428,0.006598607646088916
2025-05-28,QLTY.AX,31.515439987182617,0.01064824572982026,0.010591952425284096
2025-05-29,QLTY.AX,31.74983024597168,0.007437315134562361,0.007409794674344492
2025-05-30,QLTY.AX,31.398250579833984,-0.011073434516466474,-0.011135201396740284
2025-06-02,QLTY.AX,31.105262756347656,-0.009331342290595734,-0.009375152013737469
2025-06-03,QLTY.AX,31.36894989013672,0.008477251449523715,0.008441521340193273
2025-06-04,QLTY.AX,31.534976959228516,0.005292720020060315,0.0052787628035543144
2025-06-05,QLTY.AX,31.43731117248535,-0.0030970622515258395,-0.0031018680740068348
2025-06-06,QLTY.AX,31.534976959228516,0.003106683844789071,0.003101868074006945
2025-06-09,QLTY.AX,31.534976959228516,0.0,0.0
2025-06-10,QLTY.AX,31.593570709228516,0.0018580559001439845,0.0018563318495378788
2025-06-11,QLTY.AX,31.554508209228516,-0.0012364066208125912,-0.0012371716020955455
2025-06-12,QLTY.AX,31.544740676879883,-0.00030954474979827395,-0.0003095926686632816
2025-06-13,QLTY.AX,31.38848114013672,-0.004953584445146264,-0.004965894112717687
2025-06-16,QLTY.AX,31.32988739013672,-0.0018667277890384026,-0.0018684722967096132
2025-06-17,QLTY.AX,31.27128791809082,-0.0018704016173497484,-0.0018721530026581813
2025-06-18,QLTY.AX,31.261520385742188,-0.0003123482593431204,-0.0003123970502207727
2025-06-19,QLTY.AX,31.13456153869629,-0.0040611859397536865,-0.004069454950960284
2025-06-20,QLTY.AX,31.183391571044922,0.0015683545852394065,0.0015671260015890053
2025-06-23,QLTY.AX,31.193157196044922,0.0003131675070606743,0.00031311848035238263
2025-06-24,QLTY.AX,31.544740676879883,0.011271173309752136,0.011208126931325226
2025-06-25,QLTY.AX,31.67169952392578,0.004024723117757256,0.004016645585636629
2025-06-26,QLTY.AX,31.515439987182617,-0.004933727557787648,-0.004945938572029928
2025-06-27,QLTY.AX,31.63263511657715,0.0037186575672811806,0.0037117604536109354
2025-06-30,QLTY.AX,31.876787185668945,0.0077183601110693,0.007688725956707928
2025-07-01,QLTY.AX,31.83541488647461,-0.001297881714156457,-0.001298724692097808
2025-07-02,QLTY.AX,31.965070724487305,0.004072691952501595,0.004064420991743393
2025-07-03,QLTY.AX,31.815467834472656,-0.004680198936648727,-0.0046911853601934485
2025-07-04,QLTY.AX,31.885282516479492,0.002194362891976498,0.0021919587940587874
2025-07-07,QLTY.AX,32.104698181152344,0.0068814088305302334,0.006857839999514178
2025-07-08,QLTY.AX,31.935150146484375,-0.005281097293339587,-0.0052950915795196675
2025-07-09,QLTY.AX,31.885282516479492,-0.0015615279645200264,-0.001562748419994384
2025-07-10,QLTY.AX,31.83541488647461,-0.0015639701476413137,-0.0015651944256086373
2025-07-11,QLTY.AX,31.586076736450195,-0.007832099908656964,-0.007862931894789824
2025-07-14,QLTY.AX,31.366661071777344,-0.006946594428413055,-0.006970834337258535
2025-07-15,QLTY.AX,31.60602569580078,0.0076311795978440955,0.007602209437799574
2025-07-16,QLTY.AX,31.326766967773438,-0.008835616686360126,-0.008874882208649877
2025-07-17,QLTY.AX,31.685813903808594,0.011461346662568594,0.011396163017657985
2025-07-18,QLTY.AX,31.875308990478516,0.0059804392983304755,0.0059626274510648615
2025-07-21,QLTY.AX,31.71573257446289,-0.005006270403944746,-0.00501884375691373
2025-07-22,QLTY.AX,31.755626678466797,0.0012578648123684477,0.0012570743632080387
2025-07-23,QLTY.AX,31.725706100463867,-0.0009422134321542819,-0.0009426575942490596
2025-07-24,QLTY.AX,31.635944366455078,-0.002829306106680418,-0.0028333161587656857
2025-07-25,QLTY.AX,32.314144134521484,0.02143763309893565,0.021211079176642424
2025-07-28,QLTY.AX,31.985017776489258,-0.010185210434851544,-0.010237434602705667
2025-07-29,QLTY.AX,31.975046157836914,-0.0003117590467519582,-0.00031180765370627503
2025-07-30,QLTY.AX,31.89525604248047,-0.002495387026576368,-0.0024985056940511246
2025-07-31,QLTY.AX,31.994993209838867,0.0031270220005621407,0.003122143035707079
2025-08-01,QLTY.AX,31.57610321044922,-0.013092360940424763,-0.013178821374536817
2025-08-04,QLTY.AX,31.217058181762695,-0.011370783351370206,-0.01143592498677123
2025-08-05,QLTY.AX,31.71573257446289,0.015974419812291085,0.01584817148922815
2025-08-06,QLTY.AX,31.49631690979004,-0.0069181963291468085,-0.00694223799685227
2025-08-07,QLTY.AX,31.476367950439453,-0.000633374353189331,-0.0006335750194606903
2025-08-08,QLTY.AX,31.476367950439453,0.0,0.0
2025-08-11,QLTY.AX,31.705760955810547,0.007287785100627886,0.007261357516151966
2025-08-12,QLTY.AX,31.6259708404541,-0.0025165809919418525,-0.0025197529045872516
2025-08-13,QLTY.AX,31.83541488647461,0.006622533331138047,0.006600700695837744
2025-08-14,QLTY.AX,31.885282516479492,0.0015664199817313484,0.0015651944256085755
2025-08-15,QLTY.AX,32.104698181152344,0.0068814088305302334,0.006857839999514178
2025-08-18,QLTY.AX,31.975046157836914,-0.004038412776343869,-0.004046589185788359
2025-08-19,QLTY.AX,32.07477951049805,0.0031190995681076306,0.003114245268459702
2025-08-20,QLTY.AX,32.22438430786133,0.004664250219220234,0.004653406310229376
2025-08-21,QLTY.AX,32.28422164916992,0.0018568963408867045,0.0018551744401409153
2025-08-22,QLTY.AX,32.07477951049805,-0.006487445816345416,-0.0065085807503702815
2025-08-25,QLTY.AX,32.15456771850586,0.0024875684018872413,0.0024844795250779594
2025-08-26,QLTY.AX,31.94512176513672,-0.006513723188652842,-0.006535030058642697
2025-08-27,QLTY.AX,32.04486083984375,0.0031222004862063724,0.0031173365397825087
2025-08-28,QLTY.AX,32.0648078918457,0.0006224727297661214,0.0006222790739759352
2025-08-29,QLTY.AX,32.07477951049805,0.00031098326507916774,0.00031093491980637556
2025-09-01,QLTY.AX,31.78554916381836,-0.009017375991159149,-0.00905827860118485
2025-09-02,QLTY.AX,31.775575637817383,-0.00031377548173150416,-0.00031382471955798994
2025-09-03,QLTY.AX,31.54618263244629,-0.007219161282418507,-0.007245345522168286
2025-09-04,QLTY.AX,31.74565315246582,0.006323127027558995,0.006303219932513321
2025-09-05,QLTY.AX,31.985017776489258,0.007540075577397332,0.007511791295644297
2025-09-08,QLTY.AX,31.925174713134766,-0.001870971708462843,-0.0018727241622318728
2025-09-09,QLTY.AX,31.78554916381836,-0.004373524986817423,-0.0043831168241995075
2025-09-10,QLTY.AX,31.875308990478516,0.002823919328797775,0.002819939559214993
2025-09-11,QLTY.AX,31.78554916381836,-0.0028159672644104683,-0.002819939559214917
2025-09-12,QLTY.AX,31.885282516479492,0.003137694810529279,0.0031327825189993966
2025-09-15,QLTY.AX,31.675838470458984,-0.006568674620093473,-0.006590343305044096
2025-09-16,QLTY.AX,31.935150146484375,0.008186418688402641,0.008153091725038437
2025-09-17,QLTY.AX,31.825441360473633,-0.0034353615219441247,-0.0034412759256321574
2025-09-18,QLTY.AX,32.184486389160156,0.011281698331211398,0.011218534591472887
2025-09-19,QLTY.AX,32.48369216918945,0.00929658396319999,0.009253636696560727
2025-09-22,QLTY.AX,32.5335578918457,0.0015351002095613797,0.0015339231476859966
2025-09-23,QLTY.AX,32.66321563720703,0.003985354008693376,0.003977433522393137
2025-09-24,QLTY.AX,32.49366760253906,-0.0051907943342490714,-0.005204313310268268
2025-09-25,QLTY.AX,32.44379806518555,-0.0015347463377639592,-0.0015359252673175412
2025-09-26,QLTY.AX,32.3939323425293,-0.0015369878260264036,-0.0015381702035035757
2025-09-29,QLTY.AX,32.553504943847656,0.004926002796791007,0.004913909742367531
2025-09-30,QLTY.AX,32.34406280517578,-0.006433781524697424,-0.006454567499965287
2025-10-01,QLTY.AX,32.49366760253906,0.004625417600269577,0.004614753228418992
2025-10-02,QLTY.AX,32.72305679321289,0.007059504438825082,0.007034702793835166
2025-10-03,QLTY.AX,33.002315521240234,0.008534004930898398,0.008497796168814216
2025-10-06,QLTY.AX,33.062156677246094,0.001813241133560739,0.0018115991963755928
2025-10-07,QLTY.AX,33.08209991455078,0.0006032043674395471,0.0006030225128117603
2025-10-08,QLTY.AX,33.141944885253906,0.0018089834338721467,0.0018073491939186496
2025-10-09,QLTY.AX,33.08209991455078,-0.0018057169218741453,-0.0018073491939185813
2025-10-10,QLTY.AX,33.07212829589844,-0.0003014203656388492,-0.0003014658018877634
2025-10-13,QLTY.AX,32.822792053222656,-0.0075391653190551855,-0.007567728478053337
2025-10-14,QLTY.AX,32.932498931884766,0.003342399345071412,0.003336825943948995
2025-10-15,QLTY.AX,33.052181243896484,0.0036341703755691235,0.003627582733993474
2025-10-16,QLTY.AX,33.251651763916016,0.006035018341077336,0.006016880555883731
2025-10-17,QLTY.AX,33.01228713989258,-0.007198578456279581,-0.00722461323970223
2025-10-20,QLTY.AX,33.35138702392578,0.01027192943634092,0.010219531681057619
2025-10-21,QLTY.AX,33.56083297729492,0.006279977298062178,0.006260340410554235
2025-10-22,QLTY.AX,33.690486907958984,0.003863251271259527,0.0038558080798540132
2025-10-23,QLTY.AX,33.570804595947266,-0.003552406717619916,-0.003558731497600189
2025-10-24,QLTY.AX,33.806209564208984,0.00701219321654678,0.006987722120463827
2025-10-27,QLTY.AX,33.90990447998047,0.003067333401413519,0.0030626387319435747
2025-10-28,QLTY.AX,33.86003494262695,-0.001470648122378404,-0.0014717305867412867
2025-10-29,QLTY.AX,33.58077621459961,-0.008247443586532732,-0.00828164191169807
2025-10-30,QLTY.AX,33.301517486572266,-0.008316029571285855,-0.008350800650939053
2025-10-31,QLTY.AX,32.91255187988281,-0.011680116584665834,-0.011748864997022454
2025-11-03,QLTY.AX,33.39128112792969,0.014545491634742724,0.01444072071233578
2025-11-04,QLTY.AX,33.26162338256836,-0.003882982053446171,-0.0038905404005549794
2025-11-05,QLTY.AX,33.052181243896484,-0.0062968104792395785,-0.006316719007834709
2025-11-06,QLTY.AX,33.311492919921875,0.007845523843400759,0.007814907749815563
2025-11-07,QLTY.AX,33.21175765991211,-0.002994019519014679,-0.002998510561874945
2025-11-10,QLTY.AX,33.1718635559082,-0.0012012042365363573,-0.0012019262606021198
2025-11-11,QLTY.AX,33.18183898925781,0.00030071971485101656,0.00030067450774045234
2025-11-12,QLTY.AX,33.39128112792969,0.006311950906026542,0.006292113973310779
2025-11-13,QLTY.AX,33.44114685058594,0.0014933755451072006,0.0014922615687666117
2025-11-14,QLTY.AX,32.97239685058594,-0.014017162811262418,-0.014116331033291097
2025-11-17,QLTY.AX,32.96242141723633,-0.0003025389205041362,-0.0003025846946358832
2025-11-18,QLTY.AX,32.48369216918945,-0.014523485455972707,-0.01462998367887831
2025-11-19,QLTY.AX,32.34406280517578,-0.00429844499468901,-0.004307709868607874
2025-11-20,QLTY.AX,32.772926330566406,0.013259420375661524,0.013172283670983857
2025-11-21,QLTY.AX,32.24433135986328,-0.016129013484222132,-0.016260501790170197
2025-11-24,QLTY.AX,32.69313430786133,0.013918817015901919,0.013822839849354108
2025-11-25,QLTY.AX,32.81282043457031,0.003660894840547657,0.003654210074879439
2025-11-26,QLTY.AX,33.08209991455078,0.008206532581294557,0.008173042095208019
2025-11-27,QLTY.AX,33.13197326660156,0.0015075630682332974,0.001506427835844006
2025-11-28,QLTY.AX,33.12199401855469,-0.0003011969123171143,-0.00030124228121731946
2025-12-01,QLTY.AX,32.922523498535156,-0.00602229805088994,-0.006040505223949164
2025-12-02,QLTY.AX,32.922523498535156,0.0,0.0
2025-12-03,QLTY.AX,33.08209991455078,0.004847028692157362,0.0048353196693225325
2025-12-04,QLTY.AX,33.26162338256836,0.005426604371586929,0.005411933405836147
2025-12-05,QLTY.AX,33.201786041259766,-0.0017989904046581406,-0.0018006105312492033
2025-12-08,QLTY.AX,33.18183898925781,-0.000600782499386221,-0.0006009630415066576
2025-12-09,QLTY.AX,32.91255187988281,-0.008115496837356684,-0.008148606739025054
2025-12-10,QLTY.AX,32.872657775878906,-0.00121212430289519,-0.0012128595197342077
2025-12-11,QLTY.AX,33.08209991455078,0.006371317466930204,0.006351106425678976
2025-12-12,QLTY.AX,33.301517486572266,0.006632516454161852,0.006610618091077806
2025-12-15,QLTY.AX,33.102046966552734,-0.005989832748611534,-0.006007843754747796
2025-12-16,QLTY.AX,33.01228713989258,-0.0027116095494291725,-0.002715292622146898
2025-12-17,QLTY.AX,33.01228713989258,0.0,0.0
2025-12-18,QLTY.AX,32.96242141723633,-0.0015105200813545494,-0.0015116620669522968
2025-12-19,QLTY.AX,33.12199401855469,0.004841046089985257,0.0048293659073958
2025-12-22,QLTY.AX,33.251651763916016,0.003914551318640269,0.003906909399258713
2025-12-23,QLTY.AX,33.112022399902344,-0.004199170766163052,-0.004208012043092978
2025-12-24,QLTY.AX,33.002315521240234,-0.0033132038066763236,-0.0033187046199796124
2025-12-25,QLTY.AX,33.002315521240234,0.0,0.0
2025-12-26,QLTY.AX,33.002315521240234,0.0,0.0
2025-12-29,QLTY.AX,32.89260482788086,-0.0033243332059159636,-0.0033298710781089346
2025-12-30,QLTY.AX,33.002315521240234,0.0033354212575582576,0.0033298710781090096
2025-12-31,QLTY.AX,32.98236846923828,-0.000604413711186913,-0.0006045964427880817
2026-01-01,QLTY.AX,32.98236846923828,0.0,0.0
2026-01-02,QLTY.AX,32.91999816894531,-0.0018910194503205524,-0.0018928096848695474
2026-01-05,QLTY.AX,33.040000915527344,0.0036452841208003406,0.0036386561749201327
2026-01-06,QLTY.AX,33.25,0.006355904317604466,0.006335790739420832
2026-01-07,QLTY.AX,33.290000915527344,0.0012030350534539824,0.001202311986642442
2026-01-08,QLTY.AX,33.45000076293945,0.004806243406784594,0.004794730294085907
2026-01-09,QLTY.AX,33.54999923706055,0.002989490936929462,0.0029850312947277305
2026-01-12,QLTY.AX,33.83000183105469,0.00834583011509693,0.008311196240471743
2026-01-13,QLTY.AX,33.79999923706055,-0.0008868635048845386,-0.0008872570009914466
2026-01-14,QLTY.AX,33.720001220703125,-0.002366805271099115,-0.002369610581985304
2026-01-15,QLTY.AX,33.810001373291016,0.0026690435744300967,0.0026654880028740943
2026-01-16,QLTY.AX,33.88999938964844,0.002366105090448656,0.0023633102714878816
2026-01-19,QLTY.AX,33.619998931884766,-0.007966965554037198,-0.007998871398940264
2026-01-20,QLTY.AX,33.310001373291016,-0.009220629638383215,-0.009263402777058762
2026-01-21,QLTY.AX,33.20000076293945,-0.003302329805358828,-0.0033077945306306095
2026-01-22,QLTY.AX,33.22999954223633,0.0009035776689005903,0.0009031696883416408
2026-01-23,QLTY.AX,33.18000030517578,-0.0015046415211952269,-0.0015057746310075581
2026-01-26,QLTY.AX,33.18000030517578,0.0,0.0
2026-01-27,QLTY.AX,33.06999969482422,-0.003315268515365344,-0.0033207761943553397
2026-01-28,QLTY.AX,32.75,-0.009676434767984077,-0.009723555684264452
2026-01-29,QLTY.AX,32.130001068115234,-0.018931265095718075,-0.01911275570994527
2026-01-30,QLTY.AX,32.2599983215332,0.004045977251677435,0.004037814296396725
2026-02-02,QLTY.AX,32.06999969482422,-0.005889604358167655,-0.00590701647857604
2026-02-03,QLTY.AX,32.33000183105469,0.008107332045669713,0.008074644184599754
2026-02-04,QLTY.AX,31.65999984741211,-0.02072384613968703,-0.02094159874044977
2026-02-05,QLTY.AX,31.59000015258789,-0.002210982159241537,-0.002213429989033345
2026-02-06,QLTY.AX,31.600000381469727,0.00031656311597116904,0.00031651302043995847
2026-02-09,QLTY.AX,31.84000015258789,0.007594929374080017,0.007566233103822359
2026-02-10,QLTY.AX,31.8799991607666,0.001256250250848634,0.0012554618287368266
2026-02-11,QLTY.AX,31.780000686645508,-0.0031367150800981625,-0.00314164488246784
2026-02-12,QLTY.AX,31.690000534057617,-0.002831974532515047,-0.0028359921593955942
2026-02-13,QLTY.AX,31.420000076293945,-0.008520052168301429,-0.008556555299716963
2026-02-16,QLTY.AX,31.440000534057617,0.0006365518050639452,0.0006363492918992032
2026-02-17,QLTY.AX,31.329999923706055,-0.0034987470891548744,-0.0035048820186429097
2026-02-18,QLTY.AX,31.520000457763672,0.006064492005116495,0.006046176983709208
2026-02-19,QLTY.AX,31.780000686645508,0.008248738106150455,0.0082149032021471
2026-02-20,QLTY.AX,31.799999237060547,0.0006292809937993304,0.0006290830795395207
2026-02-23,QLTY.AX,31.68000030517578,-0.003773551407665332,-0.00378068921502522
2026-02-24,QLTY.AX,31.549999237060547,-0.004103569029764054,-0.00411201177399322
2026-02-25,QLTY.AX,31.700000762939453,0.004754406640451014,0.004743140145419473
2026-02-26,QLTY.AX,31.700000762939453,0.0,0.0
2026-02-27,QLTY.AX,31.690000534057617,-0.0003154646259039273,-0.0003155143953362978
2026-03-02,QLTY.AX,31.700000762939453,0.00031556417523836977,0.00031551439533625
2026-03-03,QLTY.AX,31.34000015258789,-0.01135648585764204,-0.011421463154060176
2026-03-04,QLTY.AX,31.350000381469727,0.00031908834821781085,0.00031903745035781483
2026-03-05,QLTY.AX,31.510000228881836,0.0051036633322238956,0.005090683785944388
2026-03-06,QLTY.AX,31.520000457763672,0.0003173668298697141,0.0003173164796700705
2026-03-09,QLTY.AX,30.309999465942383,-0.0383883557819954,-0.039144606062774596
2026-03-10,QLTY.AX,30.899999618530273,0.019465528306948254,0.019278498108538194
2026-03-11,QLTY.AX,30.65999984741211,-0.007766982979968695,-0.007797303091507037
2026-03-12,QLTY.AX,30.209999084472656,-0.014677128675114282,-0.014785903373753902
2026-03-13,QLTY.AX,30.34000015258789,0.004303246344090406,0.004294013856510655
2024-03-14,QUAL.AX,50.43281936645508,-0.003506847382191869,-0.003513010785100626
2024-03-15,QUAL.AX,50.55425262451172,0.002407822120240377,0.0024049279613745263
2024-03-18,QUAL.AX,50.386112213134766,-0.003325940007971373,-0.00333148324082561
2024-03-19,QUAL.AX,50.70370864868164,0.0063032534481610725,0.006283471031682686
2024-03-20,QUAL.AX,50.890533447265625,0.00368463774274308,0.003677866094046179
2024-03-21,QUAL.AX,50.9932861328125,0.0020190923259499893,0.0020170566986587187
2024-03-22,QUAL.AX,51.74058151245117,0.014654779801645423,0.014548436218337566
2024-03-25,QUAL.AX,51.4416618347168,-0.005777277119748625,-0.0057940301409325585
2024-03-26,QUAL.AX,51.23615646362305,-0.003994920921373879,-0.004002921934008854
2024-03-27,QUAL.AX,51.23615646362305,0.0,0.0
2024-03-28,QUAL.AX,51.273521423339844,0.0007292693733442768,0.0007290035856475292
2024-03-29,QUAL.AX,51.273521423339844,0.0,0.0
2024-04-01,QUAL.AX,51.273521423339844,0.0,0.0
2024-04-02,QUAL.AX,51.34825134277344,0.0014574758541856525,0.0014564147671335989
2024-04-03,QUAL.AX,50.75975799560547,-0.011460825476597103,-0.011527006885198475
2024-04-04,QUAL.AX,50.600955963134766,-0.0031285025528382526,-0.0031334065477278445
2024-04-05,QUAL.AX,49.834983825683594,-0.015137503291622001,-0.015253244805028883
2024-04-08,QUAL.AX,50.20863342285156,0.007497736900546448,0.007469768583618809
2024-04-09,QUAL.AX,50.09653854370117,-0.002232581759522123,-0.0022350776857768618
2024-04-10,QUAL.AX,50.16192626953125,0.0013052344080228817,0.00130438333008325
2024-04-11,QUAL.AX,50.348751068115234,0.0037244342966442634,0.0037175157643208746
2024-04-12,QUAL.AX,50.769100189208984,0.008348749714269355,0.008314091670649053
2024-04-15,QUAL.AX,50.582279205322266,-0.003679816722976459,-0.003686603904037965
2024-04-16,QUAL.AX,50.16192626953125,-0.008310280643636703,-0.00834500353093209
2024-04-17,QUAL.AX,50.25533676147461,0.0018621791244906039,0.001860447418442711
2024-04-18,QUAL.AX,49.9937858581543,-0.005204440367432062,-0.005218030640887104
2024-04-19,QUAL.AX,49.5080451965332,-0.009716020767046363,-0.009763529276385905
2024-04-22,QUAL.AX,49.1717643737793,-0.006792448003530849,-0.006815621675393195
2024-04-23,QUAL.AX,49.33056640625,0.0032295370014296942,0.0032243332476081573
2024-04-24,QUAL.AX,49.80696105957031,0.009657190014748185,0.009610857411597047
2024-04-25,QUAL.AX,49.80696105957031,0.0,0.0
2024-04-26,QUAL.AX,49.69486999511719,-0.0022505100104192044,-0.0022530462139548216
2024-04-29,QUAL.AX,49.70420837402344,0.0001879143442204967,0.0001878966905316677
2024-04-30,QUAL.AX,49.93773651123047,0.004698357439871792,0.00468735460858511
2024-05-01,QUAL.AX,49.40529251098633,-0.010662157267067984,-0.01071940535490113
2024-05-02,QUAL.AX,49.18111038208008,-0.004537613634336801,-0.004547939852517012
2024-05-03,QUAL.AX,49.0783576965332,-0.0020892713635094484,-0.0020914569356240593
2024-05-06,QUAL.AX,49.321224212646484,0.004948546110996599,0.00493634230087601
2024-05-07,QUAL.AX,50.01247024536133,0.014015184005461201,0.013917879421236904
2024-05-08,QUAL.AX,50.358089447021484,0.006910660480567099,0.006886891310704345
2024-05-09,QUAL.AX,50.33940887451172,-0.00037095475056536653,-0.00037102357129896164
2024-05-10,QUAL.AX,50.348751068115234,0.0001855840942988074,0.00018556687570107802
2024-05-13,QUAL.AX,50.75975799560547,0.008163200055036013,0.008130061360510558
2024-05-14,QUAL.AX,50.591617584228516,-0.0033124746455944765,-0.0033179730352752594
2024-05-15,QUAL.AX,50.572933197021484,-0.00036931784550919833,-0.0003693860601404749
2024-05-16,QUAL.AX,51.31088638305664,0.014591860495025033,0.014486423740020633
2024-05-17,QUAL.AX,51.114723205566406,-0.0038230323293539925,-0.0038303587962906865
2024-05-20,QUAL.AX,50.80646514892578,-0.006030709692018021,-0.006048967865217662
2024-05-21,QUAL.AX,51.264183044433594,0.0090090482415206,0.00896870886498096
2024-05-22,QUAL.AX,51.264183044433594,0.0,0.0
2024-05-23,QUAL.AX,51.90871810913086,0.01257281451532366,0.012494432983446506
2024-05-24,QUAL.AX,51.74991989135742,-0.0030591820325747143,-0.003063870895093403
2024-05-27,QUAL.AX,51.75925827026367,0.00018045204564276496,0.00018043576613079469
2024-05-28,QUAL.AX,51.69387435913086,-0.0012632312231254383,-0.0012640297722592854
2024-05-29,QUAL.AX,51.6004638671875,-0.0018069934417066502,-0.0018086280237720185
2024-05-30,QUAL.AX,51.488365173339844,-0.002172435777635262,-0.0021747989394043446
2024-05-31,QUAL.AX,51.14274597167969,-0.006712568956046661,-0.006735199576964351
2024-06-03,QUAL.AX,51.488365173339844,0.006757932040871273,0.006735199576964338
2024-06-04,QUAL.AX,51.34825134277344,-0.0027212716910840484,-0.0027249810819275455
2024-06-05,QUAL.AX,51.731239318847656,0.007458637169893034,0.00743095907770446
2024-06-06,QUAL.AX,52.40380096435547,0.013001073516960338,0.012917285006320774
2024-06-07,QUAL.AX,52.3851203918457,-0.00035647361767654484,-0.0003565371695000756
2024-06-10,QUAL.AX,52.3851203918457,0.0,0.0
2024-06-11,QUAL.AX,52.94558334350586,0.010698895935865815,0.01064206772216914
2024-06-12,QUAL.AX,52.96426773071289,0.00035289793835691086,0.00035283568452519783
2024-06-13,QUAL.AX,53.26318359375,0.0056437269095628295,0.005627860751033654
2024-06-14,QUAL.AX,53.70222091674805,0.008242791612808498,0.008209005341179836
2024-06-17,QUAL.AX,53.62748718261719,-0.0013916320937027438,-0.0013926013129469496
2024-06-18,QUAL.AX,53.758262634277344,0.002438589956953008,0.002435621421511623
2024-06-19,QUAL.AX,53.64617156982422,-0.0020850946247219504,-0.0020872714609850664
2024-06-20,QUAL.AX,53.776947021484375,0.002437740622179163,0.0024347741525196256
2024-06-21,QUAL.AX,53.478031158447266,-0.005558438691539935,-0.005573944296547513
2024-06-24,QUAL.AX,53.4593505859375,-0.0003493130189182736,-0.0003493740429222663
2024-06-25,QUAL.AX,53.14175033569336,-0.005940967235162908,-0.0059586849895920686
2024-06-26,QUAL.AX,53.40330123901367,0.004921759288471161,0.004909687026199767
2024-06-27,QUAL.AX,53.244503021240234,-0.002973565567842229,-0.0029779953977079085
2024-06-28,QUAL.AX,53.795631408691406,0.010350897391817382,0.010297693675931866
2024-07-01,QUAL.AX,53.25718307495117,-0.010009146089383747,-0.010059574370301402
2024-07-02,QUAL.AX,53.188655853271484,-0.0012867226113564278,-0.0012875511497046626
2024-07-03,QUAL.AX,53.227813720703125,0.00073620712543776,0.0007359362579069052
2024-07-04,QUAL.AX,53.100547790527344,-0.0023909667010478808,-0.0023938296262803202
2024-07-05,QUAL.AX,53.06138610839844,-0.0007375005298135839,-0.0007377726171138986
2024-07-08,QUAL.AX,53.28655242919922,0.004243506197534996,0.0042345279157453425
2024-07-09,QUAL.AX,53.452980041503906,0.0031232572706934025,0.003118390034491189
2024-07-10,QUAL.AX,53.452980041503906,0.0,0.0
2024-07-11,QUAL.AX,53.78583908081055,0.006227137178286268,0.006207828675904491
2024-07-12,QUAL.AX,53.120121002197266,-0.012377199835314934,-0.012454435341102651
2024-07-15,QUAL.AX,53.57046127319336,0.008477771934620959,0.008442037449963902
2024-07-16,QUAL.AX,53.82499694824219,0.004751418393632578,0.0047401660342910445
2024-07-17,QUAL.AX,53.795631408691406,-0.0005455743839432037,-0.0005457232637998979
2024-07-18,QUAL.AX,53.13970184326172,-0.012192989435266921,-0.012267933750834617
2024-07-19,QUAL.AX,52.8264274597168,-0.00589529810439926,-0.00591274397379391
2024-07-22,QUAL.AX,52.7676887512207,-0.0011119190019216463,-0.0011125376424830449
2024-07-23,QUAL.AX,53.550880432128906,0.014842258576089007,0.014733190146460297
2024-07-24,QUAL.AX,53.54108810424805,-0.00018286025928682115,-0.00018287698026246674
2024-07-25,QUAL.AX,52.836219787597656,-0.013164997978337034,-0.013252424727307543
2024-07-26,QUAL.AX,52.503360748291016,-0.006299826911250195,-0.00631975455871217
2024-07-29,QUAL.AX,53.19844436645508,0.013238840490543025,0.01315197288610274
2024-07-30,QUAL.AX,52.846004486083984,-0.006625003504676319,-0.006647046249843238
2024-07-31,QUAL.AX,53.59004211425781,0.014079354445230674,0.013981160928656089
2024-08-01,QUAL.AX,54.148067474365234,0.01041285541290815,0.01035901506595006
2024-08-02,QUAL.AX,53.041805267333984,-0.020430317435704892,-0.020641903174090245
2024-08-05,QUAL.AX,51.55373764038086,-0.028054618794612463,-0.028455668276064643
2024-08-06,QUAL.AX,51.81806564331055,0.005127232573776563,0.005114133073886135
2024-08-07,QUAL.AX,51.80827331542969,-0.00018897517225491267,-0.0001889930303126322
2024-08-08,QUAL.AX,51.07402801513672,-0.01417235613745682,-0.014273743044238636
2024-08-09,QUAL.AX,51.95512390136719,0.017251349080384726,0.017104234102159357
2024-08-12,QUAL.AX,52.46419906616211,0.00979836302115955,0.009750670349226798
2024-08-13,QUAL.AX,52.503360748291016,0.0007464458206922764,0.0007461673685683288
2024-08-14,QUAL.AX,52.94390869140625,0.008390852258530312,0.008355844749951793
2024-08-15,QUAL.AX,53.374664306640625,0.00813607506285785,0.008103155640199557
2024-08-16,QUAL.AX,54.16764831542969,0.014856936696282075,0.014747653491794929
2024-08-19,QUAL.AX,53.62919998168945,-0.00994040447546729,-0.009990140165770217
2024-08-20,QUAL.AX,53.78583908081055,0.0029207800820183483,0.0029165228914050986
2024-08-21,QUAL.AX,53.7564697265625,-0.0005460425039371941,-0.0005461916394372662
2024-08-22,QUAL.AX,54.03058624267578,0.005099228381394871,0.005086271344944215
2024-08-23,QUAL.AX,54.001216888427734,-0.0005435690465421805,-0.0005437168337538224
2024-08-26,QUAL.AX,53.766258239746094,-0.004350988037308268,-0.00436048113199366
2024-08-27,QUAL.AX,53.511722564697266,-0.004734115472827649,-0.004745356890293759
2024-08-28,QUAL.AX,53.648780822753906,0.0025612753895360996,0.0025580009137566354
2024-08-29,QUAL.AX,53.11033630371094,-0.010036472605442714,-0.010087177547747026
2024-08-30,QUAL.AX,53.39424514770508,0.005345641992749117,0.005331404764138458
2024-09-02,QUAL.AX,53.795631408691406,0.007517406789363967,0.007489291899738533
2024-09-03,QUAL.AX,54.06974792480469,0.005095516288874613,0.0050825780783787695
2024-09-04,QUAL.AX,52.846004486083984,-0.022632682520040137,-0.02289273292905276
2024-09-05,QUAL.AX,52.7676887512207,-0.0014819613256458197,-0.0014830605164375568
2024-09-06,QUAL.AX,52.415252685546875,-0.0066790127446253456,-0.006701417165578787
2024-09-09,QUAL.AX,52.38587951660156,-0.0005603935389099091,-0.0005605506180559688
2024-09-10,QUAL.AX,52.4250373840332,0.0007474889759029324,0.0007472097451576559
2024-09-11,QUAL.AX,52.6306266784668,0.003921586033932112,0.003913916659623243
2024-09-12,QUAL.AX,53.24739456176758,0.011718801812274915,0.011650668432106697
2024-09-13,QUAL.AX,53.404029846191406,0.002941651619069008,0.0029373334282809626
2024-09-16,QUAL.AX,53.550880432128906,0.0027498034579120922,0.0027460296649265505
2024-09-17,QUAL.AX,53.44319152832031,-0.002010964207116661,-0.0020129889104972013
2024-09-18,QUAL.AX,53.27676010131836,-0.0031141745513787455,-0.0031190336836934758
2024-09-19,QUAL.AX,53.20823287963867,-0.0012862497935191008,-0.0012870777228101678
2024-09-20,QUAL.AX,53.452980041503906,0.004599798726991677,0.004589251982395296
2024-09-23,QUAL.AX,53.178863525390625,-0.005128180241783409,-0.00514137448571674
2024-09-24,QUAL.AX,53.032012939453125,-0.0027614464883662926,-0.002765266315506476
2024-09-25,QUAL.AX,52.73831558227539,-0.005538114450097331,-0.00555350666145224
2024-09-26,QUAL.AX,53.43340301513672,0.013179932373398318,0.013093832764277825
2024-09-27,QUAL.AX,53.30613327026367,-0.002381838656935087,-0.002384679746870727
2024-09-30,QUAL.AX,52.78726577758789,-0.009733729701329241,-0.009781412119083321
2024-10-01,QUAL.AX,52.806846618652344,0.0003709387250128149,0.0003708699442523972
2024-10-02,QUAL.AX,52.591468811035156,-0.004078596269391888,-0.00408693642830808
2024-10-03,QUAL.AX,52.708946228027344,0.002233773264905148,0.0022312821025105337
2024-10-04,QUAL.AX,52.93411636352539,0.0042719528962678055,0.00426285400963316
2024-10-07,QUAL.AX,53.404029846191406,0.008877327420351744,0.008838155605942536
2024-10-08,QUAL.AX,53.550880432128906,0.0027498034579120922,0.0027460296649265505
2024-10-09,QUAL.AX,53.93268966674805,0.0071298404720543385,0.007104543331355197
2024-10-10,QUAL.AX,54.373233795166016,0.008168406418076035,0.008135225553764605
2024-10-11,QUAL.AX,54.29491424560547,-0.001440406319322296,-0.001441444701752859
2024-10-14,QUAL.AX,54.57882308959961,0.00522901358145389,0.005215389762056645
2024-10-15,QUAL.AX,55.42075729370117,0.015426023436221792,0.01530825195616515
2024-10-16,QUAL.AX,54.706092834472656,-0.012895248894582378,-0.012979114374236756
2024-10-17,QUAL.AX,54.59840393066406,-0.001968499269988655,-0.0019704393110743543
2024-10-18,QUAL.AX,54.569034576416016,-0.0005379159853343696,-0.0005380607140415927
2024-10-21,QUAL.AX,54.91168212890625,0.006279157312383932,0.006259525541898557
2024-10-22,QUAL.AX,54.81378173828125,-0.0017828699983216678,-0.001784461202591954
2024-10-23,QUAL.AX,54.755043029785156,-0.0010716047430654463,-0.0010721793219457725
2024-10-24,QUAL.AX,54.617984771728516,-0.0025031166167120977,-0.002506254650781117
2024-10-25,QUAL.AX,54.64735412597656,0.0005377231395629067,0.0005375786182814666
2024-10-28,QUAL.AX,55.381595611572266,0.013435993331041951,0.013346530826854454
2024-10-29,QUAL.AX,55.41096496582031,0.000530308921650402,0.0005301683575669405
2024-10-30,QUAL.AX,55.84172439575195,0.007773902334986316,0.007743841250342117
2024-10-31,QUAL.AX,54.7844123840332,-0.018934085993218108,-0.019115631045235438
2024-11-01,QUAL.AX,53.96205520629883,-0.015010787593553676,-0.015124589741648452
2024-11-04,QUAL.AX,54.197017669677734,0.004354216355930696,0.004344764183828999
2024-11-05,QUAL.AX,53.9033203125,-0.005419068609416322,-0.00543380502425343
2024-11-06,QUAL.AX,56.683658599853516,0.05158009323423385,0.05029388371555766
2024-11-07,QUAL.AX,54.93125915527344,-0.030915425854050382,-0.03140339107965129
2024-11-08,QUAL.AX,55.31306838989258,0.006950673268564467,0.006926628692153685
2024-11-11,QUAL.AX,55.763404846191406,0.008141592383277052,0.008108628418585485
2024-11-12,QUAL.AX,55.782981872558594,0.00035107300964098975,0.0003510113979316576
2024-11-13,QUAL.AX,55.75361633300781,-0.0005264247009575396,-0.0005265633110877609
2024-11-14,QUAL.AX,56.262691497802734,0.009130800803203387,0.009089367066034894
2024-11-15,QUAL.AX,55.978782653808594,-0.005046129796425158,-0.005058904502724079
2024-11-18,QUAL.AX,55.25432586669922,-0.012941631681947396,-0.013026104196827605
2024-11-19,QUAL.AX,54.921470642089844,-0.006024057291231566,-0.006042275124717578
2024-11-20,QUAL.AX,54.901893615722656,-0.00035645488254976154,-0.0003565184276925079
2024-11-21,QUAL.AX,54.755043029785156,-0.002674781801978554,-0.0026783654225177376
2024-11-22,QUAL.AX,55.28369903564453,0.009654928141902941,0.00960861717065073
2024-11-25,QUAL.AX,55.518653869628906,0.004249983956986725,0.0042409782821353804
2024-11-26,QUAL.AX,55.773193359375,0.004584756149596414,0.004574278168905606
2024-11-27,QUAL.AX,56.13542175292969,0.006494668347581722,0.006473668863193676
2024-11-28,QUAL.AX,56.125633239746094,-0.00017437320105428977,-0.0001743884058284752
2024-11-29,QUAL.AX,55.978782653808594,-0.002616461988236507,-0.0026198909073013106
2024-12-02,QUAL.AX,56.19416046142578,0.0038474900204450435,0.0038401073611292963
2024-12-03,QUAL.AX,56.91861343383789,0.012891961842003363,0.012809567892773224
2024-12-04,QUAL.AX,57.24168395996094,0.005676008367606844,0.0056599605285882525
2024-12-05,QUAL.AX,57.554962158203125,0.005472903251087402,0.005457981335464802
2024-12-06,QUAL.AX,57.33958053588867,-0.0037421903210087537,-0.0037492098329131858
2024-12-09,QUAL.AX,57.838871002197266,0.00870760583949659,0.008669913289638887
2024-12-10,QUAL.AX,57.60390853881836,-0.00406236254801684,-0.004070636357831438
2024-12-11,QUAL.AX,57.67243957519531,0.0011896942085236617,0.0011889870831551675
2024-12-12,QUAL.AX,57.56475067138672,-0.001867250711116264,-0.0018689961969035045
2024-12-13,QUAL.AX,57.633277893066406,0.0011904372186180012,0.0011897292100697108
2024-12-16,QUAL.AX,57.310211181640625,-0.005605558511268538,-0.005621328615486981
2024-12-17,QUAL.AX,57.447269439697266,0.0023915154948956907,0.002388660372854227
2024-12-18,QUAL.AX,57.91718673706055,0.008179976210297646,0.0081467015390868
2024-12-19,QUAL.AX,57.271053314208984,-0.011156160360221823,-0.011218857056253943
2024-12-20,QUAL.AX,56.83050537109375,-0.007692331773579086,-0.007722070361858516
2024-12-23,QUAL.AX,57.23189163208008,0.007062866296284831,0.007038041079044248
2024-12-24,QUAL.AX,57.51580047607422,0.004960675523697056,0.004948411913344118
2024-12-25,QUAL.AX,57.51580047607422,0.0,0.0
2024-12-26,QUAL.AX,57.51580047607422,0.0,0.0
2024-12-27,QUAL.AX,58.269622802734375,0.013106352001025057,0.013021206923622422
2024-12-30,QUAL.AX,57.45705795288086,-0.013944913503290857,-0.014043057282176955
2024-12-31,QUAL.AX,57.28084182739258,-0.003066918700097565,-0.0030716313332291674
2025-01-01,QUAL.AX,57.28084182739258,0.0,0.0
2025-01-02,QUAL.AX,57.212310791015625,-0.0011964041412565463,-0.0011971204040413233
2025-01-03,QUAL.AX,56.9577751159668,-0.004448966866215098,-0.0044588929708515275
2025-01-06,QUAL.AX,57.23189163208008,0.004812626819695298,0.004801083153332304
2025-01-07,QUAL.AX,57.271053314208984,0.0006842632841959073,0.0006840292828144759
2025-01-08,QUAL.AX,57.25147247314453,-0.00034189769405890136,-0.0003419561544008532
2025-01-09,QUAL.AX,57.554962158203125,0.00530099352817448,0.005286992718985225
2025-01-10,QUAL.AX,57.66265106201172,0.0018710620209008155,0.0018693137647485618
2025-01-13,QUAL.AX,57.29063415527344,-0.00645160948875223,-0.0064725110689719855
2025-01-14,QUAL.AX,56.9577751159668,-0.0058100079395961846,-0.005826951696507597
2025-01-15,QUAL.AX,56.69344711303711,-0.004640771209751593,-0.004651573020573646
2025-01-16,QUAL.AX,57.37874221801758,0.012087730414665154,0.0120152572409697
2025-01-17,QUAL.AX,57.56475067138672,0.0032417659603338755,0.0032365227654809338
2025-01-20,QUAL.AX,57.633277893066406,0.0011904372186180012,0.0011897292100697108
2025-01-21,QUAL.AX,57.437477111816406,-0.00339735632620608,-0.0034031404454012964
2025-01-22,QUAL.AX,57.9857177734375,0.009544999000457688,0.009499733310190774
2025-01-23,QUAL.AX,58.10319519042969,0.0020259715927153366,0.002023922079970976
2025-01-24,QUAL.AX,58.06403732299805,-0.000673936558967303,-0.000674163756293517
2025-01-27,QUAL.AX,58.06403732299805,0.0,0.0
2025-01-28,QUAL.AX,58.230464935302734,0.0028662769586429437,0.002862177019347042
2025-01-29,QUAL.AX,58.739540100097656,0.008742419717248318,0.00870442604317842
2025-01-30,QUAL.AX,58.9157600402832,0.003000022470132535,0.0029955313827219917
2025-01-31,QUAL.AX,59.336727142333984,0.007145237569080809,0.007119831309838994
2025-02-03,QUAL.AX,58.651432037353516,-0.01154925689340125,-0.011616467550702662
2025-02-04,QUAL.AX,58.81786346435547,0.002837636204619187,0.00283361771521672
2025-02-05,QUAL.AX,58.29899215698242,-0.008821661937576053,-0.008860803161032303
2025-02-06,QUAL.AX,58.8276481628418,0.009068012778606027,0.009027145223275822
2025-02-07,QUAL.AX,58.83743667602539,0.00016639307348298438,0.00016637923169096375
2025-02-10,QUAL.AX,58.53395462036133,-0.005157975479712307,-0.005171323755072031
2025-02-11,QUAL.AX,58.66122055053711,0.0021742240209328134,0.0021718638163427577
2025-02-12,QUAL.AX,58.67101287841797,0.00016693017617019912,0.00016691624487868807
2025-02-13,QUAL.AX,58.739540100097656,0.001167991113800948,0.0011673095428409153
2025-02-14,QUAL.AX,58.9647102355957,0.003833365653090448,0.003826037029866323
2025-02-17,QUAL.AX,58.44584274291992,-0.008799627617987582,-0.00883857297920752
2025-02-18,QUAL.AX,58.61227035522461,0.002847552614421822,0.0028435060165892347
2025-02-19,QUAL.AX,58.504581451416016,-0.0018373098867512372,-0.0018389998108212535
2025-02-20,QUAL.AX,58.514373779296875,0.0001673771119787837,0.00016736310599280903
2025-02-21,QUAL.AX,58.15214538574219,-0.006190417330978026,-0.00620965740817922
2025-02-24,QUAL.AX,57.936767578125,-0.0037036949572284428,-0.0037105706175456516
2025-02-25,QUAL.AX,57.76054763793945,-0.0030415908161932625,-0.0030462258545192696
2025-02-26,QUAL.AX,58.044456481933594,0.004915272718218899,0.004903232204093311
2025-02-27,QUAL.AX,58.25983428955078,0.003710566360186851,0.003703699190979177
2025-02-28,QUAL.AX,57.946556091308594,-0.005377258656198647,-0.0053917681490989015
2025-03-03,QUAL.AX,58.66122055053711,0.01233316537573681,0.0122577314841318
2025-03-04,QUAL.AX,58.44584274291992,-0.0036715534657455473,-0.0036783101616216294
2025-03-05,QUAL.AX,57.76054763793945,-0.011725301113285513,-0.011794584568483512
2025-03-06,QUAL.AX,57.26126480102539,-0.008644011480703373,-0.008681587643836725
2025-03-07,QUAL.AX,56.889244079589844,-0.006496900177253573,-0.006518096891714377
2025-03-10,QUAL.AX,56.7619743347168,-0.002237149516259973,-0.0022396556737026255
2025-03-11,QUAL.AX,55.94941329956055,-0.014315235590021902,-0.014418687049881916
2025-03-12,QUAL.AX,55.205379486083984,-0.013298330931423852,-0.013387545554037377
2025-03-13,QUAL.AX,54.901893615722656,-0.005497396688267098,-0.0055125629824032225
2025-03-14,QUAL.AX,54.72567367553711,-0.003209724265960112,-0.0032148864800407295
2025-03-17,QUAL.AX,54.85293960571289,0.0023255251443834446,0.0023228252956853934
2025-03-18,QUAL.AX,54.99979019165039,0.0026771689355771233,0.002673591701972417
2025-03-19,QUAL.AX,54.83335876464844,-0.003026037488906952,-0.0030306251977393157
2025-03-20,QUAL.AX,55.528446197509766,0.012676360677534415,0.012596688215611822
2025-03-21,QUAL.AX,55.528446197509766,0.0,0.0
2025-03-24,QUAL.AX,55.90046310424805,0.0066995735017516544,0.006677231093422657
2025-03-25,QUAL.AX,56.15500259399414,0.004553441521073065,0.004543105969240904
2025-03-26,QUAL.AX,56.09626007080078,-0.0010460781850206713,-0.0010466257066722006
2025-03-27,QUAL.AX,55.567604064941406,-0.009424086475500193,-0.009468774160461577
2025-03-28,QUAL.AX,55.50886535644531,-0.0010570675033504395,-0.0010576265932356517
2025-03-31,QUAL.AX,54.24596405029297,-0.022751344277039953,-0.023014149881305686
2025-04-01,QUAL.AX,54.6865119934082,0.008121303599780916,0.008088503281593438
2025-04-02,QUAL.AX,54.59840393066406,-0.0016111479692608732,-0.0016124472639084556
2025-04-03,QUAL.AX,53.89352798461914,-0.012910193252902769,-0.012994254075905199
2025-04-04,QUAL.AX,53.07117462158203,-0.015258851921362449,-0.01537646617519152
2025-04-07,QUAL.AX,50.89781188964844,-0.04095184904857507,-0.041813995816481146
2025-04-08,QUAL.AX,52.32714080810547,0.028082325455482504,0.027695246954392135
2025-04-09,QUAL.AX,51.28940963745117,-0.019831604682164383,-0.020030890121964084
2025-04-10,QUAL.AX,54.001216888427734,0.052872654806235486,0.051522290231924374
2025-04-11,QUAL.AX,53.53130340576172,-0.008701905433666557,-0.008739988101560079
2025-04-14,QUAL.AX,53.42361068725586,-0.0020117709014024765,-0.002013797230611869
2025-04-15,QUAL.AX,52.846004486083984,-0.01081181510836482,-0.01087068751090283
2025-04-16,QUAL.AX,52.268402099609375,-0.010929915933885037,-0.01099008630479514
2025-04-17,QUAL.AX,52.28797912597656,0.00037454801717262676,0.0003744778915737657
2025-04-18,QUAL.AX,52.28797912597656,0.0,0.0
2025-04-21,QUAL.AX,52.28797912597656,0.0,0.0
2025-04-22,QUAL.AX,50.643272399902344,-0.03145477705519373,-0.03196010342571779
2025-04-23,QUAL.AX,52.14113235473633,0.029576681834582175,0.029147729252504914
2025-04-24,QUAL.AX,52.37609100341797,0.004506205332924562,0.004496082787792633
2025-04-25,QUAL.AX,52.37609100341797,0.0,0.0
2025-04-28,QUAL.AX,53.20823287963867,0.01588781942826545,0.01576292911166377
2025-04-29,QUAL.AX,53.38445281982422,0.003311892364179281,0.003306420127640202
2025-04-30,QUAL.AX,53.609619140625,0.004217825769625039,0.004208955675441164
2025-05-01,QUAL.AX,54.57882308959961,0.018078918755834783,0.01791743845934305
2025-05-02,QUAL.AX,54.275333404541016,-0.00556057584020031,-0.005576093393125932
2025-05-05,QUAL.AX,54.10890579223633,-0.0030663581753468394,-0.003071069084264154
2025-05-06,QUAL.AX,54.236175537109375,0.002352103466326305,0.0023493416009158137
2025-05-07,QUAL.AX,53.84457778930664,-0.007220231587583004,-0.007246423610805473
2025-05-08,QUAL.AX,54.44176483154297,0.011090941126386422,0.011029887651073362
2025-05-09,QUAL.AX,54.54945373535156,0.0019780568124823095,0.0019761030341377316
2025-05-12,QUAL.AX,54.6865119934082,0.002512550514650158,0.002509399336831097
2025-05-13,QUAL.AX,55.7242431640625,0.018975998520062598,0.01879820000839274
2025-05-14,QUAL.AX,55.37180709838867,-0.006324645175281973,-0.0063447304766345615
2025-05-15,QUAL.AX,55.54802703857422,0.00318248490377826,0.0031774315174088125
2025-05-16,QUAL.AX,56.0179443359375,0.00845965774872548,0.008424075379718808
2025-05-19,QUAL.AX,56.27248001098633,0.004543823913323086,0.004533531910368276
2025-05-20,QUAL.AX,56.57596969604492,0.0053932168086308074,0.005378725494707049
2025-05-21,QUAL.AX,56.18436813354492,-0.006921694221131092,-0.0069457602627236315
2025-05-22,QUAL.AX,55.763404846191406,-0.007492533979432281,-0.007520744010225813
2025-05-23,QUAL.AX,55.714454650878906,-0.0008778193413317981,-0.0008782048503511663
2025-05-26,QUAL.AX,55.107479095458984,-0.010894400012050443,-0.010954178551884514
2025-05-27,QUAL.AX,55.58718490600586,0.008704912988596547,0.008667243681043805
2025-05-28,QUAL.AX,56.23331832885742,0.011623783862128034,0.011556746670276079
2025-05-29,QUAL.AX,56.771766662597656,0.009575254488652707,0.009529702291131856
2025-05-30,QUAL.AX,56.174583435058594,-0.010519017861258417,-0.010574733791986817
2025-06-02,QUAL.AX,55.81235122680664,-0.006448329228301519,-0.006469209513590223
2025-06-03,QUAL.AX,56.19416046142578,0.006840945171214363,0.006817652076644965
2025-06-04,QUAL.AX,56.487857818603516,0.005226474686446103,0.005212864070716943
2025-06-05,QUAL.AX,56.49764633178711,0.00017328526096749286,0.0001732702488108905
2025-06-06,QUAL.AX,56.448699951171875,-0.0008663437115201678,-0.000866719204119512
2025-06-09,QUAL.AX,56.448699951171875,0.0,0.0
2025-06-10,QUAL.AX,56.56617736816406,0.0020811359179893074,0.0020789733545073176
2025-06-11,QUAL.AX,56.7521858215332,0.0032883334533726494,0.0032829387081680043
2025-06-12,QUAL.AX,56.64449691772461,-0.0018975287427208665,-0.001899331331055321
2025-06-13,QUAL.AX,56.38016891479492,-0.0046664374707682255,-0.0046773592806434805
2025-06-16,QUAL.AX,56.29206085205078,-0.0015627491800759286,-0.001563971546242978
2025-06-17,QUAL.AX,56.10605239868164,-0.003304346128986446,-0.003309817536931751
2025-06-18,QUAL.AX,56.08647155761719,-0.00034899694823142813,-0.00034905786183921995
2025-06-19,QUAL.AX,55.84172439575195,-0.004363746819298631,-0.0043732957519919844
2025-06-20,QUAL.AX,55.90046310424805,0.0010518784856967667,0.001051325649166369
2025-06-23,QUAL.AX,55.93962097167969,0.0007004927196867516,0.0007002474891763601
2025-06-24,QUAL.AX,56.585758209228516,0.01155061879800634,0.011484419673594638
2025-06-25,QUAL.AX,56.7521858215332,0.0029411572376447648,0.0029368404967676557
2025-06-26,QUAL.AX,56.63470458984375,-0.0020700741299884973,-0.0020722196949373374
2025-06-27,QUAL.AX,56.879451751708984,0.004321505049557972,0.004312194161672583
2025-06-30,QUAL.AX,57.31999969482422,0.007745291657140552,0.007715450870401337
2025-07-01,QUAL.AX,57.11000061035156,-0.0036636267548971757,-0.0036703542718304993
2025-07-02,QUAL.AX,57.31999969482422,0.0036770982705014443,0.003670354271830573
2025-07-03,QUAL.AX,57.27000045776367,-0.0008722825772286003,-0.0008726632370539225
2025-07-04,QUAL.AX,57.380001068115234,0.0019207370258829126,0.0019188947691382433
2025-07-07,QUAL.AX,58.0,0.01080513977594344,0.010747181378435512
2025-07-08,QUAL.AX,57.5099983215332,-0.008448304801151663,-0.008484194006408072
2025-07-09,QUAL.AX,57.5099983215332,0.0,0.0
2025-07-10,QUAL.AX,57.529998779296875,0.0003477735758545819,0.00034771311664155555
2025-07-11,QUAL.AX,57.2599983215332,-0.004693211602515013,-0.004704259299761386
2025-07-14,QUAL.AX,56.91999816894531,-0.005937830292601198,-0.005955529304156179
2025-07-15,QUAL.AX,57.52000045776367,0.010541150880530203,0.010485980318395068
2025-07-16,QUAL.AX,57.209999084472656,-0.005389453595687099,-0.005404029093618295
2025-07-17,QUAL.AX,57.83000183105469,0.010837314394404718,0.0107790115553272
2025-07-18,QUAL.AX,57.91999816894531,0.0015562222901797096,0.0015550126311078044
2025-07-21,QUAL.AX,57.61000061035156,-0.005352167962601184,-0.005366542125113491
2025-07-22,QUAL.AX,57.63999938964844,0.0005207217319744828,0.0005205862034597951
2025-07-23,QUAL.AX,57.58000183105469,-0.0010409014439463071,-0.0010414435580785501
2025-07-24,QUAL.AX,57.529998779296875,-0.00086841004112026,-0.0008687873275620565
2025-07-25,QUAL.AX,57.849998474121094,0.005562310127136261,0.005546897606560398
2025-07-28,QUAL.AX,58.290000915527344,0.007605919671771266,0.007577140500667256
2025-07-29,QUAL.AX,58.36000061035156,0.0012008868369322023,0.0012001663490931978
2025-07-30,QUAL.AX,58.0,-0.006168619029926936,-0.0061877235665541664
2025-07-31,QUAL.AX,58.70000076293945,0.012068978671369912,0.011996729284896333
2025-08-01,QUAL.AX,58.150001525878906,-0.009369663201227563,-0.00941383462624858
2025-08-04,QUAL.AX,57.43000030517578,-0.012381791948581466,-0.012459085014987954
2025-08-05,QUAL.AX,58.279998779296875,0.014800600202059977,0.014692140191435245
2025-08-06,QUAL.AX,57.880001068115234,-0.006863378853119273,-0.006887040164271009
2025-08-07,QUAL.AX,57.79999923706055,-0.0013822016167646112,-0.001383157738556251
2025-08-08,QUAL.AX,57.70000076293945,-0.0017300774297757116,-0.0017315757421125057
2025-08-11,QUAL.AX,58.15999984741211,0.007972254391513056,0.00794064386510097
2025-08-12,QUAL.AX,58.11000061035156,-0.0008596842708342711,-0.0008600540112789155
2025-08-13,QUAL.AX,58.43000030517578,0.005506792143574968,0.005491685198878622
2025-08-14,QUAL.AX,58.45000076293945,0.0003422977521685411,0.0003422391816582927
2025-08-15,QUAL.AX,59.11000061035156,0.01129169955170628,0.01122842419103494
2025-08-18,QUAL.AX,58.95000076293945,-0.002706815187954681,-0.0027104852364435886
2025-08-19,QUAL.AX,59.0099983215332,0.001017770276798169,0.001017252699783234
2025-08-20,QUAL.AX,59.13999938964844,0.002203034601134579,0.0022006114785703326
2025-08-21,QUAL.AX,59.369998931884766,0.0038890690667912065,0.0038815261878811587
2025-08-22,QUAL.AX,59.209999084472656,-0.0026949612647909627,-0.002698599210452072
2025-08-25,QUAL.AX,59.18000030517578,-0.0005066505617417061,-0.0005067789525055625
2025-08-26,QUAL.AX,58.970001220703125,-0.0035484806250379863,-0.0035547914159804028
2025-08-27,QUAL.AX,59.060001373291016,0.0015262023185491636,0.0015250388554268986
2025-08-28,QUAL.AX,58.91999816894531,-0.00237052490840306,-0.002373339050783133
2025-08-29,QUAL.AX,58.810001373291016,-0.0018668838946480637,-0.001868628694283178
2025-09-01,QUAL.AX,58.45000076293945,-0.006121418159242831,-0.006140230852248674
2025-09-02,QUAL.AX,58.52000045776367,0.0011975995536446238,0.001196883003335674
2025-09-03,QUAL.AX,58.4900016784668,-0.000512624385888838,-0.0005127558226897342
2025-09-04,QUAL.AX,59.0,0.008719410273516193,0.008681615754139912
2025-09-05,QUAL.AX,59.349998474121094,0.005932177527476101,0.005914651440118846
2025-09-08,QUAL.AX,58.88999938964844,-0.007750616618351414,-0.007780808753623931
2025-09-09,QUAL.AX,58.70000076293945,-0.003226330933574162,-0.003231546760898784
2025-09-10,QUAL.AX,58.779998779296875,0.0013628281996196367,0.0013619003921346022
2025-09-11,QUAL.AX,58.560001373291016,-0.0037427255967100725,-0.003749747119386543
2025-09-12,QUAL.AX,58.58000183105469,0.0003415378636379973,0.00034147955285836304
2025-09-15,QUAL.AX,58.459999084472656,-0.002048527532111044,-0.0020506286345704904
2025-09-16,QUAL.AX,58.849998474121094,0.006671217854193001,0.006649063755660266
2025-09-17,QUAL.AX,58.599998474121094,-0.004248088470383493,-0.0042571372339342975
2025-09-18,QUAL.AX,59.290000915527344,0.0117747859961288,0.011706002616712447
2025-09-19,QUAL.AX,59.70000076293945,0.0069151600789525425,0.006891360017321882
2025-09-22,QUAL.AX,59.84000015258789,0.002345048372852654,0.0023423030380414086
2025-09-23,QUAL.AX,60.27000045776367,0.007185833958544663,0.0071601388740156835
2025-09-24,QUAL.AX,59.689998626708984,-0.009623391847510376,-0.009669995916663945
2025-09-25,QUAL.AX,59.599998474121094,-0.0015077928406521668,-0.0015089307041961616
2025-09-26,QUAL.AX,59.72999954223633,0.0021812260309315157,0.0021788506110238604
2025-09-29,QUAL.AX,59.79999923706055,0.0011719352981867104,0.0011712491180686192
2025-09-30,QUAL.AX,59.529998779296875,-0.004515057879738937,-0.004525281538782532
2025-10-01,QUAL.AX,59.650001525878906,0.0020158365369187248,0.0020138074648411077
2025-10-02,QUAL.AX,60.31999969482422,0.011232156777978286,0.011169544515960798
2025-10-03,QUAL.AX,60.81999969482422,0.00828912471037202,0.008254958591110199
2025-10-06,QUAL.AX,60.900001525878906,0.0013153869032573873,0.0013145225398033065
2025-10-07,QUAL.AX,60.93000030517578,0.0004925907807100671,0.0004924694976984079
2025-10-08,QUAL.AX,60.9900016784668,0.000984759116863465,0.000984274559692978
2025-10-09,QUAL.AX,60.900001525878906,-0.0014756542074283452,-0.0014767440573913667
2025-10-10,QUAL.AX,61.0099983215332,0.0018061870755052833,0.001804557881087699
2025-10-13,QUAL.AX,60.63999938964844,-0.0060645622367470065,-0.006083026383469795
2025-10-14,QUAL.AX,60.849998474121094,0.0034630456231254936,0.0034570630885131922
2025-10-15,QUAL.AX,60.869998931884766,0.0003286846058374593,0.0003286306008858088
2025-10-16,QUAL.AX,61.20000076293945,0.00542142002374546,0.005406777026260381
2025-10-17,QUAL.AX,60.91999816894531,-0.004575205727181952,-0.004585704014359234
2025-10-20,QUAL.AX,61.43000030517578,0.008371670248842111,0.008336822173446423
2025-10-21,QUAL.AX,61.880001068115234,0.007325423420216692,0.007298722822240493
2025-10-22,QUAL.AX,61.939998626708984,0.0009695791460588854,0.0009691094078064048
2025-10-23,QUAL.AX,61.68000030517578,-0.0041975835856911115,-0.0042064181709445874
2025-10-24,QUAL.AX,61.68000030517578,0.0,0.0
2025-10-27,QUAL.AX,62.209999084472656,0.008592716872156014,0.008556009607404446
2025-10-28,QUAL.AX,62.18000030517578,-0.00048221796718150856,-0.0004823342716563527
2025-10-29,QUAL.AX,62.040000915527344,-0.0022515179955182596,-0.0022540564731614978
2025-10-30,QUAL.AX,61.869998931884766,-0.002740199566954371,-0.0027439607863535406
2025-10-31,QUAL.AX,62.06999969482422,0.0032325968384070425,0.003227383229888655
2025-11-03,QUAL.AX,61.75,-0.0051554647397702436,-0.005168800000835745
2025-11-04,QUAL.AX,61.61000061035156,-0.002267196593496945,-0.00226977057491092
2025-11-05,QUAL.AX,61.45000076293945,-0.002596978507174774,-0.0026003565055183033
2025-11-06,QUAL.AX,61.619998931884766,0.002766446978595294,0.0027626274069592676
2025-11-07,QUAL.AX,61.43000030517578,-0.0030833922428172844,-0.0030881556909182215
2025-11-10,QUAL.AX,61.349998474121094,-0.001302325096162238,-0.0013031738584799598
2025-11-11,QUAL.AX,61.86000061035156,0.008312993462348706,0.008278630838364831
2025-11-12,QUAL.AX,62.27000045776367,0.006627866850416719,0.006605999112048865
2025-11-13,QUAL.AX,62.119998931884766,-0.0024088891083379194,-0.0024117951495314133
2025-11-14,QUAL.AX,61.43000030517578,-0.011107511889457244,-0.011169660942402177
2025-11-17,QUAL.AX,61.66999816894531,0.003906851091930008,0.0038992391685289734
2025-11-18,QUAL.AX,61.02000045776367,-0.010539934011364327,-0.010595872521840828
2025-11-19,QUAL.AX,60.77000045776367,-0.004097017340618403,-0.004105433110398038
2025-11-20,QUAL.AX,61.7400016784668,0.0159618432350892,0.015835792580075576
2025-11-21,QUAL.AX,60.900001525878906,-0.013605444278451673,-0.013698846488730149
2025-11-24,QUAL.AX,61.61000061035156,0.011658441160645072,0.01159100516184172
2025-11-25,QUAL.AX,61.970001220703125,0.005843217120356181,0.005826211739131771
2025-11-26,QUAL.AX,62.52000045776367,0.008875249737397173,0.008836096202844165
2025-11-27,QUAL.AX,62.45000076293945,-0.0011196368252029965,-0.0011202640867603085
2025-11-28,QUAL.AX,62.400001525878906,-0.0008006282858241676,-0.0008009489598220718
2025-12-01,QUAL.AX,62.13999938964844,-0.004166700799240197,-0.00417540568586887
2025-12-02,QUAL.AX,62.13999938964844,0.0,0.0
2025-12-03,QUAL.AX,62.400001525878906,0.004184134837210474,0.004175405685868812
2025-12-04,QUAL.AX,62.150001525878906,-0.004006410158440721,-0.004014457320298241
2025-12-05,QUAL.AX,62.130001068115234,-0.00032180944927806543,-0.00032186124105057365
2025-12-08,QUAL.AX,61.93000030517578,-0.0032190690407389866,-0.0032242613894972547
2025-12-09,QUAL.AX,61.59000015258789,-0.005490071870054125,-0.0055051977012929056
2025-12-10,QUAL.AX,61.38999938964844,-0.0032472927820093034,-0.003252576679223701
2025-12-11,QUAL.AX,61.2400016784668,-0.002443357430737092,-0.002446347299709575
2025-12-12,QUAL.AX,62.060001373291016,0.013389935864625446,0.013301082951177523
2025-12-15,QUAL.AX,61.86000061035156,-0.003222699943824514,-0.003227904025091282
2025-12-16,QUAL.AX,61.72999954223633,-0.0021015368062166084,-0.0021037481333573116
2025-12-17,QUAL.AX,61.79999923706055,0.0011339655814563976,0.0011333231281205464
2025-12-18,QUAL.AX,61.40999984741211,-0.006310669813318737,-0.006330666261778709
2025-12-19,QUAL.AX,61.77000045776367,0.005862247374142093,0.00584513126201656
2025-12-22,QUAL.AX,62.130001068115234,0.005828081717398126,0.005811164148636161
2025-12-23,QUAL.AX,61.9900016784668,-0.0022533299089267933,-0.0022558724769805314
2025-12-24,QUAL.AX,61.77000045776367,-0.0035489791054409414,-0.0035552916716556126
2025-12-25,QUAL.AX,61.77000045776367,0.0,0.0
2025-12-26,QUAL.AX,61.77000045776367,0.0,0.0
2025-12-29,QUAL.AX,61.849998474121094,0.0012950949613821372,0.001294257049275113
2025-12-30,QUAL.AX,61.849998474121094,0.0,0.0
2025-12-31,QUAL.AX,61.93000030517578,0.0012934815364329388,0.0012926457098635796
2026-01-01,QUAL.AX,61.93000030517578,0.0,0.0
2026-01-02,QUAL.AX,61.810001373291016,-0.0019376543079838715,-0.0019395339885991331
2026-01-05,QUAL.AX,62.0099983215332,0.003235672929924993,0.003230449404982775
2026-01-06,QUAL.AX,62.060001373291016,0.0008063707968275491,0.0008060458545674605
2026-01-07,QUAL.AX,62.18000030517578,0.0019335953791390637,0.0019317283898744322
2026-01-08,QUAL.AX,62.439998626708984,0.00418138179892491,0.004172664114911972
2026-01-09,QUAL.AX,62.560001373291016,0.0019218890009824463,0.001920044535177324
2026-01-12,QUAL.AX,62.84000015258789,0.004475683714041834,0.004465697626979108
2026-01-13,QUAL.AX,62.9900016784668,0.0023870389165288053,0.002384194464779699
2026-01-14,QUAL.AX,62.97999954223633,-0.0001587892675654068,-0.00015880187591588526
2026-01-15,QUAL.AX,62.9900016784668,0.00015881448560128852,0.00015880187591591958
2026-01-16,QUAL.AX,63.060001373291016,0.0011112826315125002,0.0011106656140471704
2026-01-19,QUAL.AX,62.619998931884766,-0.006977520327054898,-0.007001977053278708
2026-01-20,QUAL.AX,61.97999954223633,-0.010220367303816147,-0.010272953867230709
2026-01-21,QUAL.AX,61.72999954223633,-0.004033559242439755,-0.004041715983708821
2026-01-22,QUAL.AX,61.779998779296875,0.0008099665872560724,0.0008096387413373862
2026-01-23,QUAL.AX,61.650001525878906,-0.002104196438759587,-0.0021064133705386012
2026-01-26,QUAL.AX,61.650001525878906,0.0,0.0
2026-01-27,QUAL.AX,61.72999954223633,0.0012976158049864406,0.001296774629201128
2026-01-28,QUAL.AX,61.279998779296875,-0.007289822878283947,-0.007316523477980293
2026-01-29,QUAL.AX,60.36000061035156,-0.015013025249212775,-0.015126861500742484
2026-01-30,QUAL.AX,60.7400016784668,0.006295577605578417,0.006275843239731049
2026-02-02,QUAL.AX,60.70000076293945,-0.0006585596710894093,-0.0006587766167626118
2026-02-03,QUAL.AX,61.2599983215332,0.009225659827926336,0.009183363371091068
2026-02-04,QUAL.AX,60.31999969482422,-0.015344411564872207,-0.01546335536514219
2026-02-05,QUAL.AX,60.4900016784668,0.0028183352868478284,0.0028143712262412436
2026-02-06,QUAL.AX,60.25,-0.0039676255878206,-0.003975517495897357
2026-02-09,QUAL.AX,60.86000061035156,0.010124491458117113,0.010073582126840678
2026-02-10,QUAL.AX,60.540000915527344,-0.005257964042310381,-0.005271835781347747
2026-02-11,QUAL.AX,60.33000183105469,-0.0034687657961167684,-0.0034747959129379584
2026-02-12,QUAL.AX,60.34000015258789,0.00016572718763052663,0.00016571345639723818
2026-02-13,QUAL.AX,59.81999969482422,-0.008617839848337638,-0.008655188159482427
2026-02-16,QUAL.AX,59.86000061035156,0.0006686879928352596,0.0006684645206359468
2026-02-17,QUAL.AX,59.68000030517578,-0.003007021439031754,-0.003011551611829661
2026-02-18,QUAL.AX,60.189998626708984,0.008545548239365042,0.008509241734705386
2026-02-19,QUAL.AX,60.45000076293945,0.004319690017655198,0.00431038693805571
2026-02-20,QUAL.AX,60.470001220703125,0.00033085951217937115,0.0003308047902408212
2026-02-23,QUAL.AX,60.279998779296875,-0.0031420942214434033,-0.003147040964297486
2026-02-24,QUAL.AX,60.349998474121094,0.001161242472490942,0.0011605687519691322
2026-02-25,QUAL.AX,60.369998931884766,0.0003314077592271314,0.0003313528558056384
2026-02-26,QUAL.AX,60.5,0.002153405175009393,0.002151089921275991
2026-02-27,QUAL.AX,60.15999984741211,-0.0056198372328577495,-0.005635687931579313
2026-03-02,QUAL.AX,60.029998779296875,-0.0021609220153750996,-0.0021632601763496516
2026-03-03,QUAL.AX,59.650001525878906,-0.006330122624440548,-0.006350242804407149
2026-03-04,QUAL.AX,59.720001220703125,0.0011735070081071441,0.0011728189869705842
2026-03-05,QUAL.AX,59.880001068115234,0.0026791668476497943,0.0026755842775930396
2026-03-06,QUAL.AX,59.619998931884766,-0.004342052965809251,-0.004351507054482699
2026-03-09,QUAL.AX,57.65999984741211,-0.03287485943620927,-0.03342738077062319
2026-03-10,QUAL.AX,58.72999954223633,0.01855705337592428,0.018386972176135098
2026-03-11,QUAL.AX,58.2400016784668,-0.008343229483888326,-0.008378229031794296
2026-03-12,QUAL.AX,57.599998474121094,-0.010989065691980104,-0.011049891497366387
2026-03-13,QUAL.AX,57.880001068115234,0.004861156274508227,0.004849379006351438
2024-03-14,SMH,328.64669531321124,-0.003063175775249727,-0.0030678769008687895
2024-03-15,SMH,328.6156058427514,-9.459845756309981e-05,-9.460293227938954e-05
2024-03-18,SMH,330.3497931172169,0.005277251730081645,0.005263375833494763
2024-03-19,SMH,329.6471427707729,-0.002126988910190364,-0.002129254163785241
2024-03-20,SMH,336.5256279101595,0.02086620585141774,0.020651488334642067
2024-03-21,SMH,340.4354546240138,0.011618213858286097,0.011551240651867776
2024-03-22,SMH,343.6659051102324,0.009489171713288336,0.0094444323271828
2024-03-25,SMH,345.8923636011168,0.006478555066934177,0.006457659429525645
2024-03-26,SMH,341.46818260274085,-0.012790629293793598,-0.012873133669615443
2024-03-27,SMH,341.3422982953489,-0.0003686560382653026,-0.00036872400860820883
2024-03-28,SMH,342.3832982811473,0.0030497245462901557,0.0030450835697918405
2024-03-29,SMH,342.65750800123897,0.0008008852110144016,0.0008005646735848315
2024-04-01,SMH,346.28837898509664,0.010596210207203693,0.010540463826292304
2024-04-02,SMH,344.2132326297451,-0.00599253824639856,-0.00601056555937121
2024-04-03,SMH,344.18444643351904,-8.362896454083835e-05,-8.363246163766718e-05
2024-04-04,SMH,332.2281560884403,-0.0347380320899775,-0.03535574514747332
2024-04-05,SMH,335.42801476391287,0.009631509602156418,0.009585422304078222
2024-04-08,SMH,336.95519555518695,0.004552931550302786,0.0045425983099381265
2024-04-09,SMH,336.7435449459117,-0.0006281268609807933,-0.0006283242153042311
2024-04-10,SMH,332.6298164228356,-0.012216206026271048,-0.012291437191883097
2024-04-11,SMH,346.7004649945793,0.04230122459574481,0.041430984660026655
2024-04-12,SMH,334.8690457803132,-0.03412576678964396,-0.03472164660953141
2024-04-15,SMH,333.1317948204014,-0.005187851734290927,-0.005201355360553533
2024-04-16,SMH,337.62676497513894,0.01349306858314403,0.013402847797378586
2024-04-17,SMH,328.728133519071,-0.026356415957494383,-0.02670997244953848
2024-04-18,SMH,321.538959404621,-0.021869664873185868,-0.02211235082574516
2024-04-19,SMH,307.7431802343017,-0.042905466870528874,-0.04385311170812297
2024-04-22,SMH,313.5658534129325,0.01892055958542338,0.018743792011644923
2024-04-23,SMH,319.6121746001263,0.019282460514702393,0.019098909661371954
2024-04-24,SMH,318.20409836655017,-0.004405577588956988,-0.004415310743200454
2024-04-25,SMH,324.1623966717725,0.018724769215130443,0.018551618851646818
2024-04-26,SMH,331.1373206799253,0.02151675851291035,0.021288540929424712
2024-04-29,SMH,331.3388567655693,0.0006086178544604248,0.000608432721726957
2024-04-30,SMH,323.814984489145,-0.022707485472335143,-0.02296927100601799
2024-05-01,SMH,318.4484416344112,-0.016572867568806604,-0.01671173395253628
2024-05-02,SMH,322.1720791479802,0.011693062445078173,0.011625226881967743
2024-05-03,SMH,328.84447541992085,0.02071065962508789,0.020499109818543908
2024-05-06,SMH,334.38812087841325,0.016857955273274383,0.01671743698051692
2024-05-07,SMH,330.73213498404584,-0.010933360565451244,-0.01099356900801306
2024-05-08,SMH,333.48403217083614,0.008320622327561367,0.008286196779101874
2024-05-09,SMH,331.9698272149981,-0.0045405620952261305,-0.004550901757754463
2024-05-10,SMH,334.7305135843617,0.008316076170307163,0.008281688126395516
2024-05-13,SMH,335.6840660911803,0.002848717007026824,0.0028446671022657032
2024-05-14,SMH,340.81463577897193,0.01528392380232324,0.01516830126126289
2024-05-15,SMH,350.35404109008596,0.027990010726242964,0.02760544979339049
2024-05-16,SMH,343.9129254380532,-0.01838459071855425,-0.018555687581667455
2024-05-17,SMH,341.93883915535844,-0.005740075864203997,-0.005756613414561028
2024-05-20,SMH,348.0786713626894,0.017955936864315625,0.017796633168285038
2024-05-21,SMH,349.08049220097746,0.0028781448583621305,0.002874010929580305
2024-05-22,SMH,352.20024446276875,0.00893705701547809,0.008897357875095248
2024-05-23,SMH,359.59279555366993,0.02098962509857838,0.02077237762118246
2024-05-24,SMH,367.2320867722192,0.021244283292124688,0.021021769420838634
2024-05-27,SMH,365.9835930402551,-0.0033997403193651854,-0.0034055325683056874
2024-05-28,SMH,372.55148050207936,0.017945852182236655,0.0177867263229418
2024-05-29,SMH,366.73800449979353,-0.015604490403450133,-0.01572752203948635
2024-05-30,SMH,363.56768720253604,-0.00864463802048987,-0.00868221964686262
2024-05-31,SMH,359.9778536642589,-0.00987390701824753,-0.009922977315709505
2024-06-03,SMH,363.01216969308734,0.00842917417819411,0.008393847069609552
2024-06-04,SMH,359.90634203980153,-0.00855571221182938,-0.00859252242633857
2024-06-05,SMH,379.91884650311295,0.05560475636491624,0.05411383147708174
2024-06-06,SMH,376.27606660847596,-0.00958831057781473,-0.00963457439307935
2024-06-07,SMH,375.3121145257028,-0.002561821408046616,-0.002565108487650712
2024-06-10,SMH,385.76910230274734,0.027862110953331465,0.02748102472241601
2024-06-11,SMH,383.6671805530277,-0.005448652411955135,-0.005463550459339511
2024-06-12,SMH,395.17017512893653,0.02998170070040418,0.029541035773434438
2024-06-13,SMH,398.0333958924675,0.007245538615349156,0.007219415807084582
2024-06-14,SMH,400.8389714684454,0.007048593421884242,0.007023868204616707
2024-06-17,SMH,408.9535563906102,0.020244001955292967,0.020041816291439526
2024-06-18,SMH,414.8003881292934,0.014297055612590537,0.014195816519320916
2024-06-19,SMH,412.36420101117255,-0.005873155348546821,-0.005890470153733254
2024-06-20,SMH,399.8364990728951,-0.030380187968688466,-0.030851230675231964
2024-06-21,SMH,394.7079927474042,-0.012826508678878468,-0.01290947858100915
2024-06-24,SMH,382.60952206818183,-0.03065169923469191,-0.031131288161465133
2024-06-25,SMH,390.41640527695927,0.02040430976881491,0.020198930883827345
2024-06-26,SMH,389.70759934331,-0.0018155126784348274,-0.0018171627189930834
2024-06-27,SMH,386.6465956296306,-0.007854616432518724,-0.00788562641994183
2024-06-28,SMH,389.05444061849266,0.00622750857263088,0.006208197771769976
2024-07-01,SMH,388.1508934836638,-0.0023224182543513106,-0.0023251192503306404
2024-07-02,SMH,393.1905305864311,0.012983706046729493,0.012900140286966061
2024-07-03,SMH,401.2982181203806,0.02062025126052025,0.02041053195579305
2024-07-04,SMH,398.7507062097793,-0.006348176482152024,-0.006368411838342476
2024-07-05,SMH,398.05715379450703,-0.0017393133215102274,-0.0017408276831464148
2024-07-08,SMH,403.39357565640967,0.013406169970902049,0.013317102427660833
2024-07-09,SMH,404.4794416152872,0.002691827595693974,0.0026882111162971297
2024-07-10,SMH,414.09231906554487,0.0237660470748986,0.02348803086072951
2024-07-11,SMH,398.3932755058122,-0.03791194097770201,-0.038649295060510645
2024-07-12,SMH,402.43975648684864,0.010157001209166738,0.010105765514324478
2024-07-15,SMH,401.32318305598164,-0.0027745107506630395,-0.0027783668397744882
2024-07-16,SMH,401.66321949821577,0.00084728831174119,0.0008469295656262087
2024-07-17,SMH,374.79676524309434,-0.0668880120233184,-0.0692300553520904
2024-07-18,SMH,376.8156319954087,0.005386563971556457,0.0053721083234603865
2024-07-19,SMH,367.2786475815519,-0.025309418198374956,-0.025635210349424873
2024-07-22,SMH,381.9818839557702,0.040032919068494044,0.03925236560281227
2024-07-23,SMH,380.9401782471905,-0.002727107625607461,-0.002730832958071448
2024-07-24,SMH,361.71961510447545,-0.0504555944483307,-0.05177298252301629
2024-07-25,SMH,357.0992509047428,-0.012773330521205328,-0.01285561092161385
2024-07-26,SMH,364.5230819480057,0.020789265237756593,0.020576117524251102
2024-07-29,SMH,361.2666416599204,-0.008933426851004622,-0.008973569159738992
2024-07-30,SMH,347.6334260271706,-0.037737266773674394,-0.03846775414269988
2024-07-31,SMH,374.74171398154067,0.0779795207387548,0.07508847484694027
2024-08-01,SMH,350.2018900757721,-0.0654846337896009,-0.06772720897890548
2024-08-02,SMH,333.787490235889,-0.0468712485713072,-0.04800528326892045
2024-08-05,SMH,325.84704985720236,-0.02378890944377532,-0.024076434646867494
2024-08-06,SMH,331.25455339381006,0.016595220177618497,0.016459024246661187
2024-08-07,SMH,322.1546205591876,-0.027471117729222727,-0.027855504937454888
2024-08-08,SMH,342.5780751035436,0.06339643525492655,0.061467969867818606
2024-08-09,SMH,338.5366670105068,-0.011797042445916284,-0.011867179705016924
2024-08-12,SMH,342.8690961619868,0.012797518182411816,0.012716321952967248
2024-08-13,SMH,355.97132315019917,0.03821349644770056,0.03750144417979857
2024-08-14,SMH,353.41325330075597,-0.00718616833177832,-0.007212113210322069
2024-08-15,SMH,370.4875011226359,0.048312415175187695,0.04718164755725501
2024-08-16,SMH,370.2985228972102,-0.0005100798943366014,-0.0005102100293406189
2024-08-19,SMH,373.82785979389155,0.009531058533714498,0.0094859245517823
2024-08-20,SMH,365.53459526357983,-0.0221847150046125,-0.02243449693339774
2024-08-21,SMH,368.6674635551826,0.00857064784618733,0.008534128359355261
2024-08-22,SMH,356.46261306820816,-0.03310530950922286,-0.03366569277798103
2024-08-23,SMH,367.5007883697399,0.030965871025076197,0.030496101698432584
2024-08-26,SMH,354.68088784777865,-0.03488400821895177,-0.03550698612960293
2024-08-27,SMH,359.03644983486447,0.012280227484248174,0.012205437162966692
2024-08-28,SMH,352.21962983219964,-0.018986428831390678,-0.019168985497570797
2024-08-29,SMH,348.10842494697863,-0.011672276434960827,-0.011740932222685378
2024-08-30,SMH,355.5634772884878,0.021415891737307513,0.02118979388979769
2024-09-02,SMH,357.0238906760642,0.004107321141961551,0.004098909124517931
2024-09-03,SMH,329.29277914630075,-0.07767298562920122,-0.08085543894844602
2024-09-04,SMH,332.0895135334613,0.008493154312132711,0.008457290399138211
2024-09-05,SMH,331.40506460678444,-0.002061037457624759,-0.002063164318187627
2024-09-06,SMH,316.5748093570601,-0.04474963370677698,-0.045781809202468424
2024-09-09,SMH,327.11334338078086,0.033289237526901605,0.03274714855139413
2024-09-10,SMH,330.8490132906427,0.011420108612057556,0.011355391423841427
2024-09-11,SMH,348.1721216499136,0.05235955878173648,0.05103484183421618
2024-09-12,SMH,347.6794965706722,-0.001414889500362504,-0.0014158914016762344
2024-09-13,SMH,349.5413878229192,0.0053551942826992605,0.005340906217341123
2024-09-16,SMH,345.6259964293713,-0.01120151012140369,-0.011264719506215623
2024-09-17,SMH,343.5580476970572,-0.00598319788927304,-0.006001168936507631
2024-09-18,SMH,339.10559014712817,-0.012959840643451015,-0.013044552071894495
2024-09-19,SMH,353.77331365176724,0.043254148356195454,0.04234481685947246
2024-09-20,SMH,346.7403804246951,-0.0198797731645608,-0.020080034397824034
2024-09-23,SMH,348.2494236060593,0.004352083768022208,0.0043426408391584945
2024-09-24,SMH,353.4835748021069,0.015029891914389859,0.014918062222063601
2024-09-25,SMH,352.9096503394103,-0.0016236241330814805,-0.0016249436391922996
2024-09-26,SMH,367.54596913526075,0.04147327448193616,0.04063632078661296
2024-09-27,SMH,356.7225017113742,-0.02944792851177591,-0.029890223522639654
2024-09-30,SMH,352.09769948200665,-0.012964705638640939,-0.013049480956634711
2024-10-01,SMH,342.82099091888085,-0.026346972947489666,-0.026700273865408065
2024-10-02,SMH,349.5678093777533,0.019680295657475977,0.019489142535040565
2024-10-03,SMH,352.4207022515384,0.008161200194215068,0.008128077690798782
2024-10-04,SMH,359.0516044028009,0.018815302588352845,0.01864048421879697
2024-10-07,SMH,362.2597807986276,0.00893514012049268,0.00889545795795666
2024-10-08,SMH,370.9678807009259,0.024038274089109857,0.023753902958958226
2024-10-09,SMH,375.74368495339877,0.012873902299706419,0.012791738051114722
2024-10-10,SMH,376.2465211366307,0.0013382425397097109,0.0013373478912443075
2024-10-11,SMH,377.93306196058984,0.00448254197504383,0.0044725253060361675
2024-10-14,SMH,385.25646041164873,0.019377501436544264,0.01919214828250989
2024-10-15,SMH,364.71322586186216,-0.053323530325321555,-0.05479788125845738
2024-10-16,SMH,367.3479907541732,0.007224209887329414,0.007198240281330082
2024-10-17,SMH,374.63923927975884,0.01984834192400653,0.019653931853331388
2024-10-18,SMH,372.58792019630346,-0.005475451763672812,-0.005490496994437099
2024-10-21,SMH,373.60464471159503,0.0027288177103430566,0.0027251012467940485
2024-10-22,SMH,375.467530481601,0.004986248956952988,0.004973858787533514
2024-10-23,SMH,369.64142802937204,-0.015516927508367973,-0.015638575066385527
2024-10-24,SMH,373.9969080170267,0.011782986584795374,0.011714107736099435
2024-10-25,SMH,378.2759934709102,0.011441499547607537,0.01137654060722055
2024-10-28,SMH,377.57134974509245,-0.0018627767502563675,-0.0018645138764544177
2024-10-29,SMH,387.36987613285237,0.02595145631249607,0.02562043209367828
2024-10-30,SMH,379.09427972488993,-0.021363551783061818,-0.021595055555079044
2024-10-31,SMH,364.9391997717521,-0.03733920744836938,-0.038054169576197984
2024-11-01,SMH,369.35000219926224,0.012086403516719635,0.012013946189787614
2024-11-04,SMH,367.7804989682081,-0.004249365701119889,-0.004258419914430058
2024-11-05,SMH,374.3068579358078,0.017745255623691447,0.017589646757751105
2024-11-06,SMH,380.7855031537183,0.0173083796904987,0.017160295970800946
2024-11-07,SMH,394.49071415370054,0.03599194529853089,0.03535936899869947
2024-11-08,SMH,385.50521238961664,-0.02277747344030756,-0.023040887715565946
2024-11-11,SMH,382.1478938928485,-0.008708879643824385,-0.008747023558129058
2024-11-12,SMH,380.03315632355225,-0.005533819767404524,-0.005549188071185754
2024-11-13,SMH,376.4090097212829,-0.009536395816958088,-0.00958215841208739
2024-11-14,SMH,379.3771398634817,0.007885385486379848,0.007854458309664386
2024-11-15,SMH,368.9105378262466,-0.027588910710333092,-0.0279766325639902
2024-11-18,SMH,370.9003292749676,0.005393696424194294,0.005379202537361674
2024-11-19,SMH,372.5055111259717,0.004327798398404914,0.004318460411172841
2024-11-20,SMH,367.98999033913606,-0.01212202410962071,-0.012196095045612625
2024-11-21,SMH,374.9678069901129,0.018961974059528375,0.018784436625283788
2024-11-22,SMH,372.92524981160386,-0.0054472867815099635,-0.005462177348226744
2024-11-25,SMH,369.78099703550834,-0.00843132176671857,-0.008467066418329174
2024-11-26,SMH,370.69401816723985,0.0024690861322000934,0.002466042947263796
2024-11-27,SMH,365.1838631718838,-0.014864429220085573,-0.014976011971360588
2024-11-28,SMH,363.9447779799266,-0.003393044756126007,-0.0033988141868056916
2024-11-29,SMH,369.29313118025675,0.014695507461368607,0.014588574838056671
2024-12-02,SMH,378.3374498295598,0.024490893238110045,0.024195799675475162
2024-12-03,SMH,380.7647934681245,0.006415816461358137,0.006395322720273761
2024-12-04,SMH,386.6084012594638,0.015347027591794626,0.015230453164786644
2024-12-05,SMH,383.08713719421576,-0.009108089875379699,-0.009149822119930918
2024-12-06,SMH,382.5567234320388,-0.0013845773211332846,-0.0013855367340021721
2024-12-09,SMH,381.6052949041623,-0.0024870260267312316,-0.002490123813209682
2024-12-10,SMH,369.8107389052893,-0.030907736754111625,-0.031395456715984926
2024-12-11,SMH,382.5385387662718,0.03441706397888611,0.03383804483875477
2024-12-12,SMH,378.36495484018087,-0.010910231265982229,-0.010970184305595638
2024-12-13,SMH,388.4212319280796,0.026578246635305947,0.026231181201370298
2024-12-16,SMH,394.76337621654966,0.016328006213739643,0.01619613781597969
2024-12-17,SMH,389.0676087691536,-0.01442830766618941,-0.014533407867566182
2024-12-18,SMH,378.7557685127467,-0.026503980346832767,-0.026861542875552945
2024-12-19,SMH,382.00230855184964,0.00857159232676774,0.008535064813474958
2024-12-20,SMH,386.41245845697085,0.011544825270401793,0.011478692284289748
2024-12-23,SMH,397.33123034815435,0.028256780163829376,0.027864921993191606
2024-12-24,SMH,401.2701767989238,0.009913508302173968,0.009864691841870422
2024-12-25,SMH,401.64606481132614,0.000936745450162757,0.0009363069779467609
2024-12-26,SMH,400.5903143401538,-0.002628559230795191,-0.002632019958425399
2024-12-27,SMH,397.9257095371395,-0.006651695529392376,-0.006673916649666592
2024-12-30,SMH,391.8026936907336,-0.015387334117034301,-0.01550694775239037
2024-12-31,SMH,388.1331061638339,-0.009365906835230309,-0.009410042738663613
2025-01-01,SMH,388.1331061638339,0.0,0.0
2025-01-02,SMH,393.96629192621185,0.015028828177093834,0.014917014235337407
2025-01-03,SMH,404.9456027297565,0.027868655335621995,0.027487391686804412
2025-01-06,SMH,417.0714200563307,0.029944311642930543,0.029504734413818897
2025-01-07,SMH,405.91098989261627,-0.026759038445278827,-0.02712357940372043
2025-01-08,SMH,403.2892484573549,-0.006458907249480839,-0.006479856244707768
2025-01-09,SMH,404.80295033118455,0.003753390103058196,0.003746363710797792
2025-01-10,SMH,398.10204847510977,-0.016553490656608383,-0.01669203069169908
2025-01-13,SMH,396.23366632290345,-0.004693224160395526,-0.004704271916856677
2025-01-14,SMH,395.1465086425287,-0.002743728695402625,-0.002747499618151655
2025-01-15,SMH,404.46823687392134,0.02359056205106347,0.02331660491228197
2025-01-16,SMH,403.3540017670621,-0.0027548148538709682,-0.0027586163395083648
2025-01-17,SMH,414.55143439491076,0.027760807079621364,0.027382462021150692
2025-01-20,SMH,415.5482860968623,0.0024046514358502247,0.0024017648880876458
2025-01-21,SMH,416.45606337478966,0.0021845289904909304,0.002182146376331308
2025-01-22,SMH,425.3283843915415,0.0213043386734586,0.02108057377996662
2025-01-23,SMH,423.93969043047036,-0.0032649924435627087,-0.0032703341616728697
2025-01-24,SMH,414.94170316681266,-0.021224687064617886,-0.021453169497752868
2025-01-27,SMH,373.5609256633652,-0.09972672591747611,-0.10505692387700394
2025-01-28,SMH,382.68165549698097,0.024415642019890882,0.024122344672078903
2025-01-29,SMH,381.77979525053524,-0.0023566853375150965,-0.0023594666911145672
2025-01-30,SMH,391.69555445618425,0.02597245671196924,0.025640901078264507
2025-01-31,SMH,390.77108854084145,-0.0023601644308327563,-0.002362954009009533
2025-02-03,SMH,387.4208997648657,-0.008573276975237687,-0.008610238922583644
2025-02-04,SMH,387.1732071114275,-0.0006393373552859849,-0.0006395418185649029
2025-02-05,SMH,394.1284278630046,0.017964106564779536,0.017804658729495385
2025-02-06,SMH,393.89178262917267,-0.0006004267063786095,-0.0006006070346797073
2025-02-07,SMH,388.8056868455351,-0.012912419115952645,-0.012996509053663351
2025-02-10,SMH,397.5869850470899,0.02258531317481327,0.022334041322029385
2025-02-11,SMH,397.19928024811816,-0.0009751445936436731,-0.0009756203564497616
2025-02-12,SMH,393.3428704004473,-0.009709005125240644,-0.009756444826771562
2025-02-13,SMH,399.7121011156705,0.016192566827864407,0.01606286547633196
2025-02-14,SMH,398.606466408266,-0.0027660776451813307,-0.00276991030720963
2025-02-17,SMH,396.1237430726469,-0.006228507424854923,-0.006247985498898116
2025-02-18,SMH,401.8579366966351,0.014475763506396344,0.014371989911022435
2025-02-19,SMH,403.8044183746388,0.004843705947440657,0.004832012946890632
2025-02-20,SMH,405.28176641978644,0.003658573254582409,0.0036518969543202565
2025-02-21,SMH,389.14851416443526,-0.03980749590061872,-0.04062148951920421
2025-02-24,SMH,380.9305314798112,-0.02111785702759117,-0.021344028813502544
2025-02-25,SMH,374.7352811638484,-0.01626346486824226,-0.01639716663084616
2025-02-26,SMH,382.60412504847045,0.020998406822499094,0.020780978772397346
2025-02-27,SMH,361.41373996520997,-0.05538462263201149,-0.05697744241486523
2025-02-28,SMH,372.33719980023125,0.03022425167364351,0.02977649861546775
2025-03-03,SMH,357.3854617325269,-0.040156444415777814,-0.040984970733258574
2025-03-04,SMH,361.22603432413234,0.010746303369440824,0.010688972217626144
2025-03-05,SMH,364.73513233630547,0.0097144105870961,0.009667529073559784
2025-03-06,SMH,345.6844529097543,-0.052231544859751455,-0.053645052192586785
2025-03-07,SMH,354.3617599039135,0.025101814447016757,0.024791938825178942
2025-03-10,SMH,339.25759426172954,-0.04262357667000949,-0.043558628052880854
2025-03-11,SMH,340.08284470359285,0.0024325186991294157,0.0024295649146395372
2025-03-12,SMH,349.2072388824454,0.02682991606590779,0.026476304831862658
2025-03-13,SMH,345.8961390839904,-0.009481761629716923,-0.009526999716453311
2025-03-14,SMH,359.2372618628888,0.038569736031829116,0.037844512808292104
2025-03-17,SMH,360.8012760081183,0.004353708012133861,0.004344258043746941
2025-03-18,SMH,352.1172189652134,-0.02406880912114484,-0.02436319620308134
2025-03-19,SMH,356.38640463660704,0.012124330880323608,0.012051419920129933
2025-03-20,SMH,355.65927658602595,-0.0020402799913832315,-0.002042364197997412
2025-03-21,SMH,355.4511489349861,-0.0005851883101086752,-0.0005853595996154902
2025-03-24,SMH,365.62169068396906,0.028613050708814036,0.028211342114873705
2025-03-25,SMH,364.20773182609446,-0.0038672729050334143,-0.003874770140373312
2025-03-26,SMH,350.80250306566086,-0.03680654634436609,-0.037501000904544904
2025-03-27,SMH,345.2744418916991,-0.015758328762343732,-0.01588381123355872
2025-03-28,SMH,335.6481635243872,-0.027880077988313268,-0.028276105576725958
2025-03-31,SMH,335.5358132106776,-0.0003347264365456404,-0.0003347824699435569
2025-04-01,SMH,339.3700001017496,0.011427057083365888,0.011362261415233952
2025-04-02,SMH,339.332258743525,-0.0001112100604451216,-0.000111216244742402
2025-04-03,SMH,311.20949016905433,-0.08287679066706866,-0.08651345442862943
2025-04-04,SMH,285.03022415812666,-0.08412104012864985,-0.0878710629176884
2025-04-07,SMH,307.8417477356925,0.08003194624339427,0.07699062055364773
2025-04-08,SMH,299.10533454847246,-0.028379559470020133,-0.02879004406596724
2025-04-09,SMH,352.9233837914362,0.17993008825538714,0.16545518948118892
2025-04-10,SMH,318.90066633483366,-0.09640255936316378,-0.10137132679951988
2025-04-11,SMH,322.46956704207696,0.011191261367563543,0.011129102529328925
2025-04-14,SMH,318.95655534105026,-0.010894087566930999,-0.010953862665420927
2025-04-15,SMH,320.08433913200133,0.003535853933916311,0.003529617498820867
2025-04-16,SMH,305.6961948917706,-0.04495110344744846,-0.04599273923352369
2025-04-17,SMH,301.1655811490182,-0.014820641599272877,-0.014931564639442828
2025-04-18,SMH,301.1655811490182,0.0,0.0
2025-04-21,SMH,293.81358714766793,-0.02441180022398526,-0.024714708064059572
2025-04-22,SMH,297.8901666254151,0.01387471395493467,0.013779341277827362
2025-04-23,SMH,310.9892475736342,0.043972854480593515,0.04303348766703308
2025-04-24,SMH,327.27770410050107,0.05237626912811577,0.05105072064062795
2025-04-25,SMH,329.9961497764343,0.008306235474869084,0.008271928544364383
2025-04-28,SMH,328.9386329267654,-0.0032046339037147265,-0.0032097797395640843
2025-04-29,SMH,326.09141772118164,-0.008655764086602957,-0.008693442795467713
2025-04-30,SMH,329.77497664211114,0.011296092815540115,0.011232768391915043
2025-05-01,SMH,330.0146430035966,0.0007267572692319924,0.0007264933090500466
2025-05-02,SMH,341.87805761408526,0.03594814612622921,0.035317090582938825
2025-05-05,SMH,336.56378135093473,-0.015544361929039963,-0.015666442282898253
2025-05-06,SMH,332.62286723164107,-0.011709263853273866,-0.011778357167429393
2025-05-07,SMH,337.09543465165916,0.013446361812831542,0.013356761792419247
2025-05-08,SMH,343.85145883428777,0.020041873867588933,0.019843679264897815
2025-05-09,SMH,348.3828020839446,0.013178199868684182,0.01309212279535716
2025-05-12,SMH,368.5977830842203,0.05802519779780857,0.056404149596554105
2025-05-13,SMH,384.1913098438454,0.04230499334300708,0.0414346004482075
2025-05-14,SMH,381.94864921957924,-0.005837353856800287,-0.005854457800485745
2025-05-15,SMH,383.21830511820735,0.0033241533939767365,0.003318640609599077
2025-05-16,SMH,383.4905368417167,0.0007103828806542811,0.0007101306781688685
2025-05-19,SMH,382.6003618132745,-0.0023212437933236574,-0.0023239420560568014
2025-05-20,SMH,379.1591967618115,-0.008994150018975855,-0.00903484156056715
2025-05-21,SMH,374.60468344512265,-0.012012139902147667,-0.012084868660111235
2025-05-22,SMH,373.16837188722275,-0.003834206088110248,-0.0038415754995325493
2025-05-23,SMH,369.2834534657759,-0.010410631538250836,-0.010465201229808766
2025-05-26,SMH,364.0925511321457,-0.014056688121043326,-0.014156419055659366
2025-05-27,SMH,376.8088647247714,0.034926047108309044,0.03432997209524507
2025-05-28,SMH,374.7536678537872,-0.00545421581969785,-0.005469144361873354
2025-05-29,SMH,378.7004293288628,0.010531615334624211,0.010476544195099103
2025-05-30,SMH,370.78242582872736,-0.020908356280894158,-0.021130031313719343
2025-06-02,SMH,376.43515047395886,0.0152453952816054,0.01513035202274626
2025-06-03,SMH,381.6604403159545,0.01388098278127492,0.013785524297162838
2025-06-04,SMH,388.13122218442004,0.016954290214382217,0.016812170347762216
2025-06-05,SMH,385.96939309076333,-0.005569840739659715,-0.005585410142234779
2025-06-06,SMH,386.9840825999272,0.0026289377534276515,0.002625488141126629
2025-06-09,SMH,394.08355811475485,0.018345652532089307,0.018179401295129502
2025-06-10,SMH,400.817734724551,0.017088194803182244,0.01694383386018124
2025-06-11,SMH,399.9687081634147,-0.0021182360149800683,-0.0021204826500505203
2025-06-12,SMH,403.00124760620383,0.007581941739177589,0.007553343282498206
2025-06-13,SMH,392.45227997652546,-0.02617601730103425,-0.02652470758551
2025-06-16,SMH,403.9432382672203,0.029279886694459245,0.028859418598216984
2025-06-17,SMH,400.51987947244197,-0.008474851094087854,-0.008510966839762154
2025-06-18,SMH,403.98704734393687,0.008656668617951668,0.008619414505457288
2025-06-19,SMH,402.2729605718778,-0.004242925072297621,-0.004251951821143297
2025-06-20,SMH,399.86308732966427,-0.005990641873586555,-0.006008657755782184
2025-06-23,SMH,405.02480134183133,0.01290870344306505,0.012826096272242102
2025-06-24,SMH,417.88521987087006,0.031752175388847004,0.03125849809402753
2025-06-25,SMH,422.3312424209107,0.010639339078358567,0.010583139575961029
2025-06-26,SMH,423.63221334919217,0.0030804515451519077,0.003075716675489917
2025-06-27,SMH,423.98955985514476,0.0008435300590752259,0.000843174487537748
2025-06-30,SMH,425.54076357347003,0.0036585894210585668,0.0036519130618656494
2025-07-01,SMH,418.03120436341123,-0.017647097182881932,-0.017804663681950106
2025-07-02,SMH,425.90473080407537,0.01883478161075125,0.01865960332324974
2025-07-03,SMH,429.5070022519212,0.00845792776484311,0.008422359906667459
2025-07-04,SMH,429.8728728760034,0.0008518385548172969,0.0008514759462635801
2025-07-07,SMH,425.6731700649834,-0.009769639063108237,-0.009817675106070104
2025-07-08,SMH,434.3628842820981,0.020414051972756697,0.02020847823416924
2025-07-09,SMH,436.1006047578994,0.004000619156660612,0.003992637959248308
2025-07-10,SMH,438.5438745463762,0.005602537033474464,0.005586901195923409
2025-07-11,SMH,434.63478727062466,-0.008913788340550899,-0.008953753825013153
2025-07-14,SMH,432.39804091037513,-0.005146266303936775,-0.005159553939785132
2025-07-15,SMH,442.9495855533751,0.02440238771846559,0.02410940618634411
2025-07-16,SMH,442.3732360952672,-0.0013011626535056608,-0.0013020099006484048
2025-07-17,SMH,445.6783293375629,0.007471277583311897,0.007443505830151258
2025-07-18,SMH,445.3693633646253,-0.000693248813324221,-0.0006934892213976376
2025-07-21,SMH,444.723344226215,-0.0014505244220883728,-0.0014515774510572518
2025-07-22,SMH,435.78519002036046,-0.020098234828230588,-0.02030295196248944
2025-07-23,SMH,435.90158690244425,0.0002670969201095108,0.0002670612560775056
2025-07-24,SMH,434.4447082539955,-0.003342219189431006,-0.003347816879938544
2025-07-25,SMH,434.4255597789015,-4.4075747109295627e-05,-4.407671847357976e-05
2025-07-28,SMH,441.9701141333644,0.01736673679675449,0.017217658550014617
2025-07-29,SMH,447.56444364811614,0.01265770995788107,0.012578270790136901
2025-07-30,SMH,453.4488887230509,0.013147704556176087,0.013062023676114984
2025-07-31,SMH,446.5314469153964,-0.015255174242756686,-0.01537273151685465
2025-08-01,SMH,440.29436279930815,-0.013967849653531705,-0.014066318068833227
2025-08-04,SMH,447.18714766822814,0.015654946897564193,0.015533672277319714
2025-08-05,SMH,442.0361856851596,-0.01151858234282277,-0.01158543507403023
2025-08-06,SMH,441.4200030499451,-0.0013939642390574658,-0.0013949367110398544
2025-08-07,SMH,446.4726422332096,0.011446330361909007,0.011381316763594674
2025-08-08,SMH,448.41008902645626,0.004339452432193136,0.004330064158666144
2025-08-11,SMH,448.7613381122501,0.0007833211035828125,0.0007830144677262634
2025-08-12,SMH,459.24252981400423,0.02335582594045227,0.023087252435815303
2025-08-13,SMH,459.96105559606804,0.0015645889381254996,0.0015633662440291422
2025-08-14,SMH,459.3970680296479,-0.0012261637361651312,-0.0012269160899879398
2025-08-15,SMH,453.6086803727667,-0.012599966477164548,-0.012680019206761938
2025-08-18,SMH,454.3849775263734,0.0017113807279189874,0.001709917984557118
2025-08-19,SMH,446.46130340007585,-0.017438239638628117,-0.01759207679565496
2025-08-20,SMH,446.2921388060204,-0.00037890090981496094,-0.00037897271090226126
2025-08-21,SMH,445.25147340806143,-0.0023318031116189575,-0.00233452599814168
2025-08-22,SMH,455.5743991494055,0.023184484179984644,0.02291980715265068
2025-08-25,SMH,451.831704927783,-0.008215330423769318,-0.008249262219151392
2025-08-26,SMH,456.44953497258393,0.010220243498713755,0.010168369950929896
2025-08-27,SMH,456.8130404624062,0.0007963760765887784,0.0007960591374184499
2025-08-28,SMH,457.58650948817376,0.0016931850828614259,0.0016917532609974529
2025-08-29,SMH,443.0064987787664,-0.031862850864453174,-0.03238151875037971
2025-09-01,SMH,442.2483034165307,-0.0017114768391114366,-0.0017129430888039253
2025-09-02,SMH,435.5650986172186,-0.015111883409573035,-0.015227231479405388
2025-09-03,SMH,438.0612188440282,0.005730762714308391,0.005714404361135977
2025-09-04,SMH,441.5390955909461,0.007939248208493455,0.007907898198458382
2025-09-05,SMH,448.28315645646217,0.015273983510995626,0.015158510561581887
2025-09-08,SMH,450.9880387713674,0.006033870057234658,0.006015739159732437
2025-09-09,SMH,449.95774167266063,-0.0022845330920829854,-0.002287146619025303
2025-09-10,SMH,455.44490036022034,0.012194831157170238,0.01212107324179703
2025-09-11,SMH,457.73188102892163,0.005021421179362218,0.005008855890216645
2025-09-12,SMH,454.97302848260006,-0.006027223928820602,-0.00604546095899904
2025-09-15,SMH,460.54637244969854,0.012249833766380336,0.012175411708218594
2025-09-16,SMH,458.94947809493533,-0.0034673910170416322,-0.003473416349428404
2025-09-17,SMH,454.9307519748618,-0.008756358405188736,-0.008794920585999282
2025-09-18,SMH,474.9894325678724,0.04409172276425721,0.043147342655128276
2025-09-19,SMH,475.5747311280902,0.0012322349090032603,0.0012314763306682992
2025-09-22,SMH,487.4117818551895,0.024889990893799396,0.024585280873259945
2025-09-23,SMH,485.7652600815418,-0.003378091861835353,-0.0033838104964963277
2025-09-24,SMH,485.18289024008845,-0.0011988709142263243,-0.0011995901348534066
2025-09-25,SMH,485.90848956206173,0.0014955171267772016,0.0014943999547335405
2025-09-26,SMH,490.75461406639806,0.00997332750597546,0.009923922094534599
2025-09-29,SMH,490.78299359042285,5.782833866740944e-05,5.78266666734917e-05
2025-09-30,SMH,494.3006425626372,0.007167422298968162,0.007141858406555651
2025-10-01,SMH,503.2067481639533,0.01801758855732727,0.017857195540300873
2025-10-02,SMH,509.6982963336486,0.012900359928361471,0.01281785905496977
2025-10-03,SMH,508.6859735402686,-0.0019861215951904043,-0.0019880965501195363
2025-10-06,SMH,519.2015930318157,0.020672123939966758,0.020461355326406562
2025-10-07,SMH,507.8281226146646,-0.021905692451244407,-0.022149184609837908
2025-10-08,SMH,524.2705024274765,0.03237784415749689,0.03186472811043829
2025-10-09,SMH,522.6503384887474,-0.0030903206097375735,-0.0030951055109351188
2025-10-10,SMH,494.30936179839773,-0.054225501455328784,-0.055751111977194394
2025-10-13,SMH,521.199134476934,0.05439867167537704,0.052970624973370836
2025-10-14,SMH,510.57425488772424,-0.020385451330176663,-0.02059610237106131
2025-10-15,SMH,524.8867341532168,0.028032120947108607,0.027646412602324123
2025-10-16,SMH,525.8681360217342,0.0018697402785397,0.0018679944899605264
2025-10-17,SMH,527.2224001585128,0.002575292252966044,0.0025719818701227673
2025-10-20,SMH,532.3882695072389,0.009798273645378108,0.00975058184068027
2025-10-21,SMH,528.257095725945,-0.007759700988749452,-0.007789964125383937
2025-10-22,SMH,519.9547804704052,-0.01571642922113614,-0.01584124176041242
2025-10-23,SMH,529.630873277798,0.01860948907641302,0.01843845122746214
2025-10-24,SMH,537.31642536055,0.014511148179839894,0.014406869064991673
2025-10-27,SMH,549.1649928994302,0.022051377883952616,0.02181176242002925
2025-10-28,SMH,551.9222586830438,0.005020833118032586,0.005008270766865755
2025-10-29,SMH,558.0273892480909,0.011061577004730205,0.011000845211005172
2025-10-30,SMH,551.3345076951009,-0.011993822672410892,-0.012066328897955711
2025-10-31,SMH,551.7264415523823,0.00071088214470727,0.0007106295876805374
2025-11-03,SMH,557.5633824589459,0.010579411220785984,0.010523840840897072
2025-11-04,SMH,537.6266352015082,-0.03575691640565304,-0.03641185475401069
2025-11-05,SMH,552.5853796575029,0.027823666977340178,0.02744362214230528
2025-11-06,SMH,537.6434732256857,-0.0270399959569656,-0.02741230345494115
2025-11-07,SMH,535.2337886848109,-0.004481937679662651,-0.0044920116742916474
2025-11-10,SMH,550.0694128785835,0.027718026229672788,0.027340835856714957
2025-11-11,SMH,535.5278950537759,-0.026435786983155518,-0.026791495362321553
2025-11-12,SMH,542.8090678502667,0.013596253087357235,0.013504653379598604
2025-11-13,SMH,525.9016675039784,-0.031147969604207515,-0.031643382161638464
2025-11-14,SMH,526.7420552171825,0.00159799400749705,0.0015967185736493624
2025-11-17,SMH,519.277971968695,-0.014170281591451617,-0.014271638676568164
2025-11-18,SMH,511.7379723918202,-0.01452016065362649,-0.014626609882863338
2025-11-19,SMH,519.8742250488431,0.015899255275106272,0.015774186045998402
2025-11-20,SMH,499.36999242930324,-0.03944075630526489,-0.04023961861867615
2025-11-21,SMH,504.09865280131635,0.009469252145106744,0.009424699807734312
2025-11-24,SMH,523.1308990870239,0.037755003271569665,0.03705972920806591
2025-11-25,SMH,524.2279727970308,0.002097130396850222,0.002094934488434455
2025-11-26,SMH,535.7268311016596,0.0219348430479136,0.021697735392868414
2025-11-27,SMH,531.2473126296318,-0.008361572002686946,-0.008396726045060794
2025-11-28,SMH,537.3287996635772,0.011447562913481146,0.011382535365891351
2025-12-01,SMH,537.0922286119785,-0.000440272421182053,-0.0004403693695413166
2025-12-02,SMH,547.5473188759934,0.019466098571253365,0.019279057484142156
2025-12-03,SMH,552.5650437281001,0.009164002231637491,0.009122267540620841
2025-12-04,SMH,545.7642164050849,-0.012307740781303811,-0.01238410827736687
2025-12-05,SMH,549.9042127959256,0.007585686760686938,0.007557060116230933
2025-12-08,SMH,553.7069981967034,0.006915359643169472,0.006891558210978176
2025-12-09,SMH,555.0606354001138,0.0024446814069878364,0.002441698034670955
2025-12-10,SMH,561.5724156012002,0.011731655581002087,0.011663373234124834
2025-12-11,SMH,553.958554928613,-0.013558110158306214,-0.013650860635406128
2025-12-12,SMH,529.6647126414609,-0.043854981696749396,-0.044845684649096024
2025-12-15,SMH,529.2453727397151,-0.0007917082103782169,-0.0007920217768364238
2025-12-16,SMH,528.242792043362,-0.0018943589268680672,-0.001896155493993822
2025-12-17,SMH,509.77936845658405,-0.03495253293538991,-0.03557799018488426
2025-12-18,SMH,524.3850538602564,0.028650993561965432,0.028248228826874885
2025-12-19,SMH,536.9454313963652,0.023952584925229337,0.02367022176130702
2025-12-22,SMH,544.1592304363439,0.01343488298469886,0.013345435200728421
2025-12-23,SMH,545.4162272521498,0.0023099797733798777,0.002307315871687123
2025-12-24,SMH,543.3831564309257,-0.003727558366693362,-0.003734523025216271
2025-12-25,SMH,543.3831564309257,0.0,0.0
2025-12-26,SMH,545.6033277714596,0.004085830254872969,0.004077505917287139
2025-12-29,SMH,542.4554573320856,-0.005769522066941146,-0.00578623005511274
2025-12-30,SMH,542.618031410253,0.0002997003274092247,0.00029965542623714006
2025-12-31,SMH,537.6679691699246,-0.00912255390308958,-0.00916441920476799
2026-01-01,SMH,537.6679691699246,0.0,0.0
2026-01-02,SMH,558.9745680770357,0.039627800294678384,0.0388627647653602
2026-01-05,SMH,564.9244825111418,0.0106443383543815,0.010588086210694944
2026-01-06,SMH,577.3824575123435,0.022052460792325368,0.021812821963436254
2026-01-07,SMH,571.5005521921194,-0.010187190905602495,-0.010239435454534861
2026-01-08,SMH,563.7820374011972,-0.013505699620614653,-0.013597731154621434
2026-01-09,SMH,580.8330208875122,0.030243928247364993,0.029795597744407307
2026-01-12,SMH,584.3129157958174,0.005991213968840503,0.005973338010025903
2026-01-13,SMH,583.6929312162647,-0.0010610489051201544,-0.001061612216011872
2026-01-14,SMH,581.0492657250688,-0.004529205939991732,-0.004539493869067861
2026-01-15,SMH,593.1796119378523,0.02087662256598244,0.02066169208255763
2026-01-16,SMH,597.2217605123296,0.006814375432210307,0.006791262516590927
2026-01-19,SMH,598.7051676837291,0.0024838464863150556,0.002480766838159281
2026-01-20,SMH,581.8138522568916,-0.02821307771935,-0.02861871431363307
2026-01-21,SMH,597.0706367516905,0.026222793485608742,0.02588487082223219
2026-01-22,SMH,596.3468262550377,-0.0012122694570788628,-0.0012130048500868804
2026-01-23,SMH,584.8835513008889,-0.01922249679123189,-0.019409651248438846
2026-01-26,SMH,576.8297432688705,-0.01376993422725814,-0.013865619170562653
2026-01-27,SMH,588.9608773291111,0.02103070134957674,0.02081260861249228
2026-01-28,SMH,595.5430338560836,0.011175880742405386,0.011113892012071008
2026-01-29,SMH,593.0850706824276,-0.004127263747408683,-0.0041358044082358564
2026-01-30,SMH,572.5028620490193,-0.03470363637669316,-0.03532011222954883
2026-02-02,SMH,587.3217805029999,0.025884444316911948,0.02555511303420828
2026-02-03,SMH,571.7489001258655,-0.02651507383873508,-0.026872938458983055
2026-02-04,SMH,543.992648440013,-0.048546226638550904,-0.04976417633579055
2026-02-05,SMH,544.8215197529425,0.0015236810925780553,0.0015225214683243706
2026-02-06,SMH,580.7212445763398,0.06589263368245168,0.06381260179917006
2026-02-09,SMH,578.1452523121334,-0.00443584988196144,-0.0044457174555782965
2026-02-10,SMH,571.4045833215059,-0.011659127120165702,-0.011727627701311418
2026-02-11,SMH,586.2782566721544,0.026030021082766863,0.025697006635090724
2026-02-12,SMH,569.9550638990477,-0.027842057226820538,-0.0282369951571854
2026-02-13,SMH,575.2986138354281,0.009375388122399242,0.009331711946357618
2026-02-16,SMH,576.6575820020335,0.002362196142878359,0.002359410543461997
2026-02-17,SMH,576.1498941756436,-0.0008803973835344037,-0.0008807851609263776
2026-02-18,SMH,582.434346196962,0.010907668446785479,0.010848608911083009
2026-02-19,SMH,582.3568606348344,-0.0001330374189528749,-0.00013304626921524848
2026-02-20,SMH,588.1858943471598,0.010009384462253967,0.009959622356788036
2026-02-23,SMH,580.5889801213343,-0.012915838851010553,-0.012999973529407887
2026-02-24,SMH,593.6521403584993,0.022499841857892333,0.02225045427259981
2026-02-25,SMH,603.5405663474303,0.01665693647286348,0.016519731222981927
2026-02-26,SMH,578.6252332124859,-0.04128195273721136,-0.042158254352483944
2026-02-27,SMH,572.2071716135106,-0.011091914473454145,-0.011153888456327163
2026-03-02,SMH,575.7774511644384,0.006239487598277194,0.0062201025887625005
2026-03-03,SMH,550.3391057179542,-0.04418086431665269,-0.04518657244490491
2026-03-04,SMH,566.8469272398979,0.029995726908063514,0.029554653599990755
2026-03-05,SMH,558.7197122522921,-0.014337583211712968,-0.014441359486178437
2026-03-06,SMH,542.7809478652489,-0.028527299176167253,-0.028942110586390325
2026-03-09,SMH,566.1193134596106,0.04299776122605481,0.042099029540832965
2026-03-10,SMH,562.1067231282068,-0.007087888075894222,-0.007113126483295125
2026-03-11,SMH,563.1652218735217,0.0018830921278154555,0.001881321332533139
2026-03-12,SMH,544.4222105436056,-0.033281549715663106,-0.03384798385080404
2026-03-13,SMH,547.439803302077,0.005542743664808114,0.00552743918762612
2024-03-14,SMLL.AX,3.3822691440582275,0.0,0.0
2024-03-15,SMLL.AX,3.3727951049804688,-0.002801089645512733,-0.002805020038418214
2024-03-18,SMLL.AX,3.401217460632324,0.008426944052986052,0.008391635582941861
2024-03-19,SMLL.AX,3.410691499710083,0.002785484664658222,0.002781612391354961
2024-03-20,SMLL.AX,3.3822691440582275,-0.008333311779816888,-0.008368227935878412
2024-03-21,SMLL.AX,3.4580624103546143,0.022408999126972473,0.022161606565397503
2024-03-22,SMLL.AX,3.410691499710083,-0.013698685860233928,-0.013793378629519036
2024-03-25,SMLL.AX,3.4580624103546143,0.013888946170756755,0.013793378629518967
2024-03-26,SMLL.AX,3.4391143321990967,-0.005479391609237716,-0.005494458539052395
2024-03-27,SMLL.AX,3.4675369262695312,0.008264509790885555,0.00823054573239268
2024-03-28,SMLL.AX,3.524381160736084,0.016393260021518197,0.016260341215515943
2024-03-29,SMLL.AX,3.524381160736084,0.0,0.0
2024-04-01,SMLL.AX,3.524381160736084,0.0,0.0
2024-04-02,SMLL.AX,3.4864847660064697,-0.01075263798132986,-0.010810865367952534
2024-04-03,SMLL.AX,3.4485881328582764,-0.010869582313305592,-0.010929087815971896
2024-04-04,SMLL.AX,3.477010488510132,0.008241736779479814,0.008207959130991925
2024-04-05,SMLL.AX,3.4580624103546143,-0.005449531492105586,-0.005464434355923726
2024-04-08,SMLL.AX,3.4296398162841797,-0.008219225305282962,-0.008253189371164347
2024-04-09,SMLL.AX,3.4675369262695312,0.011049880458412265,0.010989276564504602
2024-04-10,SMLL.AX,3.4580624103546143,-0.0027323475182454704,-0.002736087193340352
2024-04-11,SMLL.AX,3.4580624103546143,0.0,0.0
2024-04-12,SMLL.AX,3.4675369262695312,0.0027398336960451353,0.0027360871933402226
2024-04-15,SMLL.AX,3.410691499710083,-0.016393603808165902,-0.016529465822859326
2024-04-16,SMLL.AX,3.3348982334136963,-0.022222257950573754,-0.022472892392418783
2024-04-17,SMLL.AX,3.3727951049804688,0.011363726541058439,0.011299644418122005
2024-04-18,SMLL.AX,3.3727951049804688,0.0,0.0
2024-04-19,SMLL.AX,3.3348982334136963,-0.011236043218519787,-0.011299644418122125
2024-04-22,SMLL.AX,3.3727951049804688,0.011363726541058439,0.011299644418122005
2024-04-23,SMLL.AX,3.3633205890655518,-0.002809099165533735,-0.00281305208909969
2024-04-24,SMLL.AX,3.3822691440582275,0.005633883089908087,0.0056180721275180525
2024-04-25,SMLL.AX,3.3822691440582275,0.0,0.0
2024-04-26,SMLL.AX,3.353846788406372,-0.008403339427255907,-0.008438846542843284
2024-04-29,SMLL.AX,3.3822691440582275,0.008474553980851507,0.008438846542843187
2024-04-30,SMLL.AX,3.3917431831359863,0.0028010896455128442,0.002797173904435297
2024-05-01,SMLL.AX,3.306475877761841,-0.02513967030230979,-0.025461069837891797
2024-05-02,SMLL.AX,3.297001838684082,-0.002865298108320591,-0.002869410933136903
2024-05-03,SMLL.AX,3.306475877761841,0.002873531633073023,0.0028694109331368917
2024-05-06,SMLL.AX,3.3159501552581787,0.0028653702148739857,0.0028612728667200085
2024-05-07,SMLL.AX,3.344372510910034,0.008571406179548768,0.008534880248256617
2024-05-08,SMLL.AX,3.3727951049804688,0.00849863284598662,0.008462722780061925
2024-05-09,SMLL.AX,3.3254244327545166,-0.014044930317884341,-0.014144493691483332
2024-05-10,SMLL.AX,3.3633205890655518,0.011395885571107378,0.011331441602383627
2024-05-13,SMLL.AX,3.344372510910034,-0.005633741314199803,-0.0056496706909621025
2024-05-14,SMLL.AX,3.3633205890655518,0.005665660178016951,0.005649670690962141
2024-05-15,SMLL.AX,3.353846788406372,-0.00281679976924587,-0.002820774415325307
2024-05-16,SMLL.AX,3.401217460632324,0.014124280330784389,0.014025462087366934
2024-05-17,SMLL.AX,3.3633205890655518,-0.011142148952665631,-0.011204687672041547
2024-05-20,SMLL.AX,3.401217460632324,0.011267695291961921,0.011204687672041549
2024-05-21,SMLL.AX,3.3917431831359863,-0.0027855547626691735,-0.0027894416400883813
2024-05-22,SMLL.AX,3.3727951049804688,-0.005586530917119248,-0.005602193942853462
2024-05-23,SMLL.AX,3.3727951049804688,0.0,0.0
2024-05-24,SMLL.AX,3.3348982334136963,-0.011236043218519787,-0.011299644418122125
2024-05-27,SMLL.AX,3.3917431831359863,0.01704548257357219,0.01690183836097549
2024-05-28,SMLL.AX,3.3822691440582275,-0.002793265458559624,-0.002797173904435217
2024-05-29,SMLL.AX,3.3254244327545166,-0.016806678854511703,-0.01694951372990155
2024-05-30,SMLL.AX,3.3254244327545166,0.0,0.0
2024-05-31,SMLL.AX,3.3254244327545166,0.0,0.0
2024-06-03,SMLL.AX,3.3727951049804688,0.014245000355252113,0.01414449369148335
2024-06-04,SMLL.AX,3.344372510910034,-0.008427014741709038,-0.008462722780061846
2024-06-05,SMLL.AX,3.344372510910034,0.0,0.0
2024-06-06,SMLL.AX,3.401217460632324,0.016997194402492477,0.016854358363003596
2024-06-07,SMLL.AX,3.410691499710083,0.002785484664658222,0.002781612391354961
2024-06-10,SMLL.AX,3.410691499710083,0.0,0.0
2024-06-11,SMLL.AX,3.3348982334136963,-0.022222257950573754,-0.022472892392418783
2024-06-12,SMLL.AX,3.344372510910034,0.0028409495082672986,0.0028369216380603065
2024-06-13,SMLL.AX,3.3727951049804688,0.00849863284598662,0.008462722780061925
2024-06-14,SMLL.AX,3.3254244327545166,-0.014044930317884341,-0.014144493691483332
2024-06-17,SMLL.AX,3.3159501552581787,-0.00284904308846079,-0.0028531093368350815
2024-06-18,SMLL.AX,3.3348982334136963,0.005714222852678086,0.00569795861019637
2024-06-19,SMLL.AX,3.3254244327545166,-0.002840806524246453,-0.002844849273361219
2024-06-20,SMLL.AX,3.3633205890655518,0.011395885571107378,0.011331441602383627
2024-06-21,SMLL.AX,3.3822691440582275,0.005633883089908087,0.0056180721275180525
2024-06-24,SMLL.AX,3.3727951049804688,-0.002801089645512733,-0.002805020038418214
2024-06-25,SMLL.AX,3.420165777206421,0.014044930317884452,0.01394721416552313
2024-06-26,SMLL.AX,3.3633205890655518,-0.016620594393322086,-0.01676026625462275
2024-06-27,SMLL.AX,3.3727951049804688,0.0028170124328079638,0.00281305208909962
2024-06-28,SMLL.AX,3.3917431831359863,0.005617915576175303,0.005602193942853447
2024-07-01,SMLL.AX,3.380593776702881,-0.003287220119890355,-0.0032926348975824376
2024-07-02,SMLL.AX,3.3613858222961426,-0.005681828600380356,-0.005698031592734598
2024-07-03,SMLL.AX,3.390197992324829,0.008571515307042255,0.008534988448317527
2024-07-04,SMLL.AX,3.370990037918091,-0.005665732340772944,-0.005681843485359353
2024-07-05,SMLL.AX,3.4094059467315674,0.011396031546032637,0.011331585932528535
2024-07-08,SMLL.AX,3.390197992324829,-0.0056338126661484855,-0.005649742447169254
2024-07-09,SMLL.AX,3.399801731109619,0.0028327958445295565,0.002828791039794582
2024-07-10,SMLL.AX,3.4094059467315674,0.002824934034848514,0.002820951407374792
2024-07-11,SMLL.AX,3.438217878341675,0.008450718999222673,0.008415211575351578
2024-07-12,SMLL.AX,3.4862377643585205,0.013966504659095769,0.013869871742817641
2024-07-15,SMLL.AX,3.467029571533203,-0.005509719681684344,-0.0055249541714505294
2024-07-16,SMLL.AX,3.457425832748413,-0.0027700192878779006,-0.0027738628908492878
2024-07-17,SMLL.AX,3.4958417415618896,0.011111130266224345,0.011049855131202279
2024-07-18,SMLL.AX,3.515049695968628,0.005494514862722788,0.005479475081650396
2024-07-19,SMLL.AX,3.467029571533203,-0.013661293179012102,-0.013755467322003239
2024-07-22,SMLL.AX,3.467029571533203,0.0,0.0
2024-07-23,SMLL.AX,3.467029571533203,0.0,0.0
2024-07-24,SMLL.AX,3.4766335487365723,0.0027700880552692375,0.0027662584319845846
2024-07-25,SMLL.AX,3.438217878341675,-0.011049674881282168,-0.011111176003351706
2024-07-26,SMLL.AX,3.447821617126465,0.0027932315881686876,0.002789337766028839
2024-07-29,SMLL.AX,3.457425832748413,0.0027855894789454716,0.0027817169144891455
2024-07-30,SMLL.AX,3.447821617126465,-0.0027778515249634594,-0.002781716914489144
2024-07-31,SMLL.AX,3.515049695968628,0.019498711449634998,0.019311047127341618
2024-08-01,SMLL.AX,3.543861150741577,0.008196599554763928,0.008163189872334126
2024-08-02,SMLL.AX,3.4766335487365723,-0.018970156884091538,-0.019152398762352762
2024-08-05,SMLL.AX,3.370990037918091,-0.03038672593402114,-0.030857973511232005
2024-08-06,SMLL.AX,3.3613858222961426,-0.0028490786130830337,-0.0028531449629583183
2024-08-07,SMLL.AX,3.380593776702881,0.005714296252257389,0.005698031592734508
2024-08-08,SMLL.AX,3.3325741291046143,-0.014204500975299239,-0.014306350531081372
2024-08-09,SMLL.AX,3.370990037918091,0.011527398138866829,0.011461463901304956
2024-08-12,SMLL.AX,3.4286136627197266,0.017093976592474247,0.016949518492927827
2024-08-13,SMLL.AX,3.457425832748413,0.008403446075587073,0.00836833369547026
2024-08-14,SMLL.AX,3.4766335487365723,0.005555496174704855,0.005540121322833925
2024-08-15,SMLL.AX,3.467029571533203,-0.0027624358646769487,-0.002766258431984485
2024-08-16,SMLL.AX,3.505445718765259,0.011080420988468065,0.01101948285737927
2024-08-19,SMLL.AX,3.534257411956787,0.008219124043853832,0.008185530988629968
2024-08-20,SMLL.AX,3.534257411956787,0.0,0.0
2024-08-21,SMLL.AX,3.515049695968628,-0.005434724681676384,-0.005449546524006018
2024-08-22,SMLL.AX,3.534257411956787,0.0054644223124891145,0.005449546524005961
2024-08-23,SMLL.AX,3.524653196334839,-0.002717463529808617,-0.002721162536623691
2024-08-26,SMLL.AX,3.543861150741577,0.005449601233594281,0.00543480588495172
2024-08-27,SMLL.AX,3.534257411956787,-0.002709964746440585,-0.0027136433483280387
2024-08-28,SMLL.AX,3.515049695968628,-0.005434724681676384,-0.005449546524006018
2024-08-29,SMLL.AX,3.4862377643585205,-0.008196735210643347,-0.008230513150552662
2024-08-30,SMLL.AX,3.515049695968628,0.00826447693977328,0.008230513150552805
2024-09-02,SMLL.AX,3.4958417415618896,-0.005464490140428935,-0.005479475081650331
2024-09-03,SMLL.AX,3.4958417415618896,0.0,0.0
2024-09-04,SMLL.AX,3.457425832748413,-0.010989029725445465,-0.011049855131202236
2024-09-05,SMLL.AX,3.4286136627197266,-0.008333416658075632,-0.008368333695470355
2024-09-06,SMLL.AX,3.447821617126465,0.00560225102512768,0.005586616780981199
2024-09-09,SMLL.AX,3.4190099239349365,-0.008356491834847546,-0.00839160305397538
2024-09-10,SMLL.AX,3.4190099239349365,0.0,0.0
2024-09-11,SMLL.AX,3.4094059467315674,-0.002808993661040926,-0.0028129462874050106
2024-09-12,SMLL.AX,3.4766335487365723,0.019718274401865354,0.019526387578703275
2024-09-13,SMLL.AX,3.524653196334839,0.013812110745959227,0.01371759287740111
2024-09-16,SMLL.AX,3.524653196334839,0.0,0.0
2024-09-17,SMLL.AX,3.543861150741577,0.005449601233594281,0.00543480588495172
2024-09-18,SMLL.AX,3.524653196334839,-0.005420064045883688,-0.005434805884951735
2024-09-19,SMLL.AX,3.5630691051483154,0.010899202467188562,0.010840234244126674
2024-09-20,SMLL.AX,3.582277297973633,0.005390912232817291,0.005376433278670297
2024-09-23,SMLL.AX,3.601485252380371,0.005361939573355734,0.0053476155555597345
2024-09-24,SMLL.AX,3.582277297973633,-0.005333342513076489,-0.005347615555559615
2024-09-25,SMLL.AX,3.601485252380371,0.005361939573355734,0.0053476155555597345
2024-09-26,SMLL.AX,3.6495048999786377,0.013333290082620408,0.01324518406839513
2024-09-27,SMLL.AX,3.668712615966797,0.005263101849314333,0.005249300134151197
2024-09-30,SMLL.AX,3.6399009227752686,-0.007853352444706418,-0.00788435242620252
2024-10-01,SMLL.AX,3.6302969455718994,-0.0026385270937667737,-0.0026420141415095886
2024-10-02,SMLL.AX,3.6206929683685303,-0.0026455073365510007,-0.0026490128750683906
2024-10-03,SMLL.AX,3.601485252380371,-0.005304983370852945,-0.005319104759765717
2024-10-04,SMLL.AX,3.601485252380371,0.0,0.0
2024-10-07,SMLL.AX,3.611088991165161,0.0026666050564674304,0.002663055973139489
2024-10-08,SMLL.AX,3.582277297973633,-0.007978671603502074,-0.00801067152869905
2024-10-09,SMLL.AX,3.591881036758423,0.002680903231646159,0.0026773160204578476
2024-10-10,SMLL.AX,3.6302969455718994,0.010695206333488638,0.010638417169935868
2024-10-11,SMLL.AX,3.6495048999786377,0.005291014673102001,0.005277066433560975
2024-10-14,SMLL.AX,3.6399009227752686,-0.0026315835891672634,-0.002635052292051449
2024-10-15,SMLL.AX,3.6495048999786377,0.0026385270937667737,0.0026350522920514296
2024-10-16,SMLL.AX,3.6206929683685303,-0.00789475076750168,-0.007926079308629378
2024-10-17,SMLL.AX,3.6399009227752686,0.005305049219733515,0.0052910270165779025
2024-10-18,SMLL.AX,3.611088991165161,-0.00791558128130021,-0.007947075803204218
2024-10-21,SMLL.AX,3.659108877182007,0.013297896045854962,0.01321025513114073
2024-10-22,SMLL.AX,3.6206929683685303,-0.010498706133899471,-0.010554206344514509
2024-10-23,SMLL.AX,3.6302969455718994,0.0026525246098667576,0.0026490128750683633
2024-10-24,SMLL.AX,3.601485252380371,-0.007936456334976083,-0.007968117634834118
2024-10-25,SMLL.AX,3.5726730823516846,-0.008000079969685658,-0.008032252311869987
2024-10-28,SMLL.AX,3.5630691051483154,-0.0026881768866037214,-0.0026917965223599042
2024-10-29,SMLL.AX,3.582277297973633,0.005390912232817291,0.005376433278670297
2024-10-30,SMLL.AX,3.543861150741577,-0.010723945701742954,-0.010781861637845232
2024-10-31,SMLL.AX,3.5534653663635254,0.002710099299443103,0.002706433601779552
2024-11-01,SMLL.AX,3.505445718765259,-0.013513469992647797,-0.013605607938737638
2024-11-04,SMLL.AX,3.543861150741577,0.010958786715958624,0.010899174336958204
2024-11-05,SMLL.AX,3.515049695968628,-0.008129961515823014,-0.008163189872334055
2024-11-06,SMLL.AX,3.524653196334839,0.0027321094143348823,0.002728383987382316
2024-11-07,SMLL.AX,3.505445718765259,-0.005449465947331533,-0.005464368452006359
2024-11-08,SMLL.AX,3.505445718765259,0.0,0.0
2024-11-11,SMLL.AX,3.4958417415618896,-0.0027397306858746306,-0.00274349061702624
2024-11-12,SMLL.AX,3.467029571533203,-0.008241840494705444,-0.00827599224035288
2024-11-13,SMLL.AX,3.457425832748413,-0.0027700192878779006,-0.0027738628908492878
2024-11-14,SMLL.AX,3.457425832748413,0.0,0.0
2024-11-15,SMLL.AX,3.4766335487365723,0.005555496174704855,0.005540121322833925
2024-11-18,SMLL.AX,3.505445718765259,0.008287376171456806,0.00825322442539474
2024-11-19,SMLL.AX,3.5534653663635254,0.013698585415603315,0.013605607938737678
2024-11-20,SMLL.AX,3.4862377643585205,-0.01891888482757409,-0.01910013662466627
2024-11-21,SMLL.AX,3.4766335487365723,-0.002754894035093325,-0.0027586957394660477
2024-11-22,SMLL.AX,3.524653196334839,0.013812110745959227,0.01371759287740111
2024-11-25,SMLL.AX,3.534257411956787,0.00272486825992857,0.002721162536623755
2024-11-26,SMLL.AX,3.515049695968628,-0.005434724681676384,-0.005449546524006018
2024-11-27,SMLL.AX,3.524653196334839,0.0027321094143348823,0.002728383987382316
2024-11-28,SMLL.AX,3.5534653663635254,0.00817446949352263,0.00814123948673111
2024-11-29,SMLL.AX,3.534257411956787,-0.005405414834926292,-0.005420076950107528
2024-12-02,SMLL.AX,3.524653196334839,-0.002717463529808617,-0.002721162536623691
2024-12-03,SMLL.AX,3.5630691051483154,0.010899202467188562,0.010840234244126674
2024-12-04,SMLL.AX,3.543861150741577,-0.005390845318993254,-0.0054054283591749306
2024-12-05,SMLL.AX,3.591881036758423,0.01355016011470922,0.013459177658303121
2024-12-06,SMLL.AX,3.591881036758423,0.0,0.0
2024-12-09,SMLL.AX,3.5534653663635254,-0.010695139956407473,-0.010752744056523472
2024-12-10,SMLL.AX,3.543861150741577,-0.0027027745121311897,-0.0027064336017795184
2024-12-11,SMLL.AX,3.534257411956787,-0.002709964746440585,-0.0027136433483280387
2024-12-12,SMLL.AX,3.4958417415618896,-0.010869516822666347,-0.010929021605656343
2024-12-13,SMLL.AX,3.524653196334839,0.008241635892841215,0.008207859069032609
2024-12-16,SMLL.AX,3.4862377643585205,-0.010899067180925814,-0.010958897137935039
2024-12-17,SMLL.AX,3.505445718765259,0.0055096512931820385,0.00549452868592857
2024-12-18,SMLL.AX,3.4862377643585205,-0.005479461371749372,-0.005494528685928705
2024-12-19,SMLL.AX,3.447821617126465,-0.011019370974866494,-0.011080533976788992
2024-12-20,SMLL.AX,3.4190099239349365,-0.008356491834847546,-0.00839160305397538
2024-12-23,SMLL.AX,3.438217878341675,0.005617987322081852,0.005602265287946727
2024-12-24,SMLL.AX,3.467029571533203,0.00837983345180704,0.008344917571367282
2024-12-25,SMLL.AX,3.467029571533203,0.0,0.0
2024-12-26,SMLL.AX,3.467029571533203,0.0,0.0
2024-12-27,SMLL.AX,3.467029571533203,0.0,0.0
2024-12-30,SMLL.AX,3.4766335487365723,0.0027700880552692375,0.0027662584319845846
2024-12-31,SMLL.AX,3.438217878341675,-0.011049674881282168,-0.011111176003351706
2025-01-01,SMLL.AX,3.438217878341675,0.0,0.0
2025-01-02,SMLL.AX,3.459890365600586,0.006303407179467202,0.006283623800039401
2025-01-03,SMLL.AX,3.4793825149536133,0.005633747689471669,0.00561793748562918
2025-01-06,SMLL.AX,3.459890365600586,-0.005602186384869867,-0.005617937485629129
2025-01-07,SMLL.AX,3.459890365600586,0.0,0.0
2025-01-08,SMLL.AX,3.4988749027252197,0.011267564288230503,0.011204558127964828
2025-01-09,SMLL.AX,3.459890365600586,-0.011142020851980017,-0.011204558127964831
2025-01-10,SMLL.AX,3.489128828048706,0.008450690443494668,0.008415183258917398
2025-01-13,SMLL.AX,3.420905590057373,-0.019553086559285004,-0.019746777146299074
2025-01-14,SMLL.AX,3.4403979778289795,0.005698019795769893,0.005681847485321036
2025-01-15,SMLL.AX,3.4403979778289795,0.0,0.0
2025-01-16,SMLL.AX,3.489128828048706,0.014164306145324934,0.014064929660978123
2025-01-17,SMLL.AX,3.518367290496826,0.008379874716311742,0.00834495849295505
2025-01-20,SMLL.AX,3.5086212158203125,-0.0027700560719848832,-0.0027738997771326653
2025-01-21,SMLL.AX,3.557352304458618,0.013888956841102695,0.013793389153695134
2025-01-22,SMLL.AX,3.586590528488159,0.008219097105702788,0.008185504270081629
2025-01-23,SMLL.AX,3.5378599166870117,-0.013586890227385018,-0.013680036696582921
2025-01-24,SMLL.AX,3.5768442153930664,0.011019175327484643,0.010958906552321169
2025-01-27,SMLL.AX,3.5768442153930664,0.0,0.0
2025-01-28,SMLL.AX,3.5476059913635254,-0.008174307369527956,-0.008207900210736014
2025-01-29,SMLL.AX,3.6060829162597656,0.01648348915820974,0.016349111119335447
2025-01-30,SMLL.AX,3.625575065612793,0.005405352512871442,0.005390796026709542
2025-01-31,SMLL.AX,3.6450674533843994,0.005376357520903152,0.005361956504422648
2025-02-03,SMLL.AX,3.5768442153930664,-0.01871659135635162,-0.018893963439731532
2025-02-04,SMLL.AX,3.5768442153930664,0.0,0.0
2025-02-05,SMLL.AX,3.6060829162597656,0.008174440681780082,0.00814121090859922
2025-02-06,SMLL.AX,3.6353213787078857,0.008108094884974548,0.008075400888764048
2025-02-07,SMLL.AX,3.6353213787078857,0.0,0.0
2025-02-10,SMLL.AX,3.6158289909362793,-0.005361943482018794,-0.0053763702945826735
2025-02-11,SMLL.AX,3.6158289909362793,0.0,0.0
2025-02-12,SMLL.AX,3.5768442153930664,-0.01078169781838001,-0.010840241502780717
2025-02-13,SMLL.AX,3.586590528488159,0.0027248357793021594,0.0027211301442617375
2025-02-14,SMLL.AX,3.6353213787078857,0.01358695670237764,0.013495481653101694
2025-02-17,SMLL.AX,3.625575065612793,-0.0026810045329629384,-0.0026846048620546466
2025-02-18,SMLL.AX,3.596336603164673,-0.008064503401249645,-0.008097197401358931
2025-02-19,SMLL.AX,3.586590528488159,-0.0027100006901293883,-0.002713679389688305
2025-02-20,SMLL.AX,3.5768442153930664,-0.0027174312254711896,-0.0027211301442617245
2025-02-21,SMLL.AX,3.567098379135132,-0.002724702467049922,-0.002728421225359538
2025-02-24,SMLL.AX,3.567098379135132,0.0,0.0
2025-02-25,SMLL.AX,3.567098379135132,0.0,0.0
2025-02-26,SMLL.AX,3.5378599166870117,-0.008196707615114707,-0.008230485326961799
2025-02-27,SMLL.AX,3.5768442153930664,0.011019175327484643,0.010958906552321169
2025-02-28,SMLL.AX,3.5378599166870117,-0.01089907649270394,-0.010958906552321237
2025-03-03,SMLL.AX,3.567098379135132,0.00826444888623512,0.008230485326961683
2025-03-04,SMLL.AX,3.518367290496826,-0.013661268476178323,-0.013755442277022951
2025-03-05,SMLL.AX,3.5086212158203125,-0.0027700560719848832,-0.0027738997771326653
2025-03-06,SMLL.AX,3.5086212158203125,0.0,0.0
2025-03-07,SMLL.AX,3.5086212158203125,0.0,0.0
2025-03-10,SMLL.AX,3.518367290496826,0.0027777505968922256,0.0027738997771326267
2025-03-11,SMLL.AX,3.4696364402770996,-0.013850415887889045,-0.013947227861546937
2025-03-12,SMLL.AX,3.4014132022857666,-0.01966293563192012,-0.01985882321969957
2025-03-13,SMLL.AX,3.391667127609253,-0.002865301595808556,-0.002869414430646281
2025-03-14,SMLL.AX,3.420905590057373,0.008620675717292414,0.008583729872638557
2025-03-17,SMLL.AX,3.4696364402770996,0.014245014642134457,0.014144507777707328
2025-03-18,SMLL.AX,3.489128828048706,0.0056179914256520025,0.005602269368591856
2025-03-19,SMLL.AX,3.459890365600586,-0.008379874716311853,-0.008415183258917401
2025-03-20,SMLL.AX,3.489128828048706,0.008450690443494668,0.008415183258917398
2025-03-21,SMLL.AX,3.4988749027252197,0.002793268794825332,0.0027893748690474697
2025-03-24,SMLL.AX,3.4403979778289795,-0.01671306534871919,-0.0168543045300255
2025-03-25,SMLL.AX,3.450144052505493,0.0028328335091813983,0.0028288285980508443
2025-03-26,SMLL.AX,3.489128828048706,0.011299463138329635,0.011236101062927398
2025-03-27,SMLL.AX,3.459890365600586,-0.008379874716311853,-0.008415183258917401
2025-03-28,SMLL.AX,3.5086212158203125,0.014084507042253502,0.01398624197473987
2025-03-31,SMLL.AX,3.4696364402770996,-0.011111138291996614,-0.011173328084414317
2025-04-01,SMLL.AX,3.459890365600586,-0.0028089613549641124,-0.0028129138903255292
2025-04-02,SMLL.AX,3.450144052505493,-0.0028169427540231107,-0.0028209178040100127
2025-04-03,SMLL.AX,3.4403979778289795,-0.002824831232607794,-0.0028288285980507537
2025-04-04,SMLL.AX,3.38192081451416,-0.016997208954215415,-0.01714331952487664
2025-04-07,SMLL.AX,3.2454745769500732,-0.04034578130230071,-0.041182248260405264
2025-04-08,SMLL.AX,3.2454745769500732,0.0,0.0
2025-04-09,SMLL.AX,3.2649667263031006,0.006005947324765337,0.005987983513716003
2025-04-10,SMLL.AX,3.4403979778289795,0.053731405625844886,0.0523375842715658
2025-04-11,SMLL.AX,3.450144052505493,0.0028328335091813983,0.0028288285980508443
2025-04-14,SMLL.AX,3.4696364402770996,0.0056497315691648176,0.00563383169433553
2025-04-15,SMLL.AX,3.459890365600586,-0.0028089613549641124,-0.0028129138903255292
2025-04-16,SMLL.AX,3.5086212158203125,0.014084507042253502,0.01398624197473987
2025-04-17,SMLL.AX,3.5378599166870117,0.008333387695104388,0.008298856727193861
2025-04-18,SMLL.AX,3.5378599166870117,0.0,0.0
2025-04-21,SMLL.AX,3.5378599166870117,0.0,0.0
2025-04-22,SMLL.AX,3.5378599166870117,0.0,0.0
2025-04-23,SMLL.AX,3.459890365600586,-0.022038620217456062,-0.02228509870193376
2025-04-24,SMLL.AX,3.4988749027252197,0.011267564288230503,0.011204558127964828
2025-04-25,SMLL.AX,3.4988749027252197,0.0,0.0
2025-04-28,SMLL.AX,3.4793825149536133,-0.005571044496739286,-0.005586620642335702
2025-04-29,SMLL.AX,3.52811336517334,0.014005603008663714,0.013908430803294814
2025-04-30,SMLL.AX,3.5086212158203125,-0.005524808115702329,-0.005540126314184174
2025-05-01,SMLL.AX,3.420905590057373,-0.025000027180885565,-0.02531783586212161
2025-05-02,SMLL.AX,3.557352304458618,0.039886138570388585,0.03911122501581679
2025-05-05,SMLL.AX,3.5476059913635254,-0.0027397660565913196,-0.0027435260849160217
2025-05-06,SMLL.AX,3.596336603164673,0.013736196161518333,0.013642709744685858
2025-05-07,SMLL.AX,3.518367290496826,-0.021680204405570946,-0.02191867303633244
2025-05-08,SMLL.AX,3.7035446166992188,0.05263160747957163,0.05129332149314322
2025-05-09,SMLL.AX,3.693798303604126,-0.0026316175728373636,-0.0026350863653889643
2025-05-12,SMLL.AX,3.654813766479492,-0.010554051391110209,-0.010610140384631667
2025-05-13,SMLL.AX,3.625575065612793,-0.008000052187300266,-0.008032224305431233
2025-05-14,SMLL.AX,3.6353213787078857,0.0026882116405568812,0.002684604862054693
2025-05-15,SMLL.AX,3.420905590057373,-0.05898124713439312,-0.06079221093900008
2025-05-16,SMLL.AX,3.6060829162597656,0.05413108351794271,0.05271681005023607
2025-05-19,SMLL.AX,3.6158289909362793,0.002702676256435721,0.0026990305941814196
2025-05-20,SMLL.AX,3.6158289909362793,0.0,0.0
2025-05-21,SMLL.AX,3.664559841156006,0.013477089304245071,0.01338708113319055
2025-05-22,SMLL.AX,3.693798303604126,0.00797871059976929,0.007947048989400494
2025-05-23,SMLL.AX,3.6840522289276123,-0.0026384967113672886,-0.002641983678733707
2025-05-26,SMLL.AX,3.6840522289276123,0.0,0.0
2025-05-27,SMLL.AX,3.7035446166992188,0.005291018302767236,0.005277070044122669
2025-05-28,SMLL.AX,3.7132906913757324,0.0026315531970557693,0.002628096723542652
2025-05-29,SMLL.AX,3.723036766052246,0.002624646300692035,0.002621207931611235
2025-05-30,SMLL.AX,3.732783079147339,0.0026178396044762575,0.0026144190307539595
2025-06-02,SMLL.AX,3.7425291538238525,0.0026109405421812504,0.0026075379582665304
2025-06-03,SMLL.AX,3.7717676162719727,0.007812487557577574,0.007782128096085334
2025-06-04,SMLL.AX,3.7815141677856445,0.0025840805970187564,0.0025807476013377157
2025-06-05,SMLL.AX,3.762021541595459,-0.005154714573395336,-0.005168045947246981
2025-06-06,SMLL.AX,3.732783079147339,-0.007772008247384998,-0.007802367708442416
2025-06-09,SMLL.AX,3.732783079147339,0.0,0.0
2025-06-10,SMLL.AX,3.723036766052246,-0.002611004413714535,-0.0026144190307539213
2025-06-11,SMLL.AX,3.693798303604126,-0.007853390735951149,-0.007884391020542947
2025-06-12,SMLL.AX,3.732783079147339,0.010554115936751263,0.010498810051296926
2025-06-13,SMLL.AX,3.732783079147339,0.0,0.0
2025-06-16,SMLL.AX,3.7035446166992188,-0.007832885498076925,-0.00786372368590794
2025-06-17,SMLL.AX,3.7425291538238525,0.010526277164004672,0.010471261644174296
2025-06-18,SMLL.AX,3.693798303604126,-0.013020833831030254,-0.013106348009563352
2025-06-19,SMLL.AX,3.664559841156006,-0.00791555467974292,-0.007947048989400442
2025-06-20,SMLL.AX,3.693798303604126,0.00797871059976929,0.007947048989400494
2025-06-23,SMLL.AX,3.664559841156006,-0.00791555467974292,-0.007947048989400442
2025-06-24,SMLL.AX,3.654813766479492,-0.0026595485130457286,-0.0026630913952312226
2025-06-25,SMLL.AX,3.625575065612793,-0.008000052187300266,-0.008032224305431233
2025-06-26,SMLL.AX,3.6353213787078857,0.0026882116405568812,0.002684604862054693
2025-06-27,SMLL.AX,3.6450674533843994,0.0026809389490558555,0.002677351642368014
2025-06-30,SMLL.AX,3.654813766479492,0.002673836141507735,0.002670267801008492
2025-07-01,SMLL.AX,3.658597946166992,0.0010353960363744807,0.0010348603836083598
2025-07-02,SMLL.AX,3.658597946166992,0.0,0.0
2025-07-03,SMLL.AX,3.6684861183166504,0.0027027217243200674,0.00269907593951099
2025-07-04,SMLL.AX,3.6684861183166504,0.0,0.0
2025-07-07,SMLL.AX,3.648709774017334,-0.005390873417940312,-0.00540545661042048
2025-07-08,SMLL.AX,3.658597946166992,0.0027100462251266055,0.0027063806709095636
2025-07-09,SMLL.AX,3.599269390106201,-0.016216200012616255,-0.016349121530837337
2025-07-10,SMLL.AX,3.658597946166992,0.016483499741329677,0.016349121530837448
2025-07-11,SMLL.AX,3.638821840286255,-0.00540537828198806,-0.00542004019851235
2025-07-14,SMLL.AX,3.658597946166992,0.005434755189658302,0.005420040198512491
2025-07-15,SMLL.AX,3.6882622241973877,0.008108100006308128,0.00807540596890733
2025-07-16,SMLL.AX,3.6684861183166504,-0.005361903432731352,-0.005376330029396385
2025-07-17,SMLL.AX,3.648709774017334,-0.005390873417940312,-0.00540545661042048
2025-07-18,SMLL.AX,3.698150396347046,0.013550165782376444,0.013459183250199241
2025-07-21,SMLL.AX,3.658597946166992,-0.010695197853262783,-0.01075280257928965
2025-07-22,SMLL.AX,3.717926502227783,0.016216200012616255,0.01608612180659238
2025-07-23,SMLL.AX,3.7278146743774414,0.0026595932285733426,0.002656062768841741
2025-07-24,SMLL.AX,3.708038330078125,-0.0053050771099878435,-0.005319198998841764
2025-07-25,SMLL.AX,3.6783740520477295,-0.007999992284268176,-0.008032163919308822
2025-07-28,SMLL.AX,3.6684861183166504,-0.002688126218586828,-0.0026917457177725807
2025-07-29,SMLL.AX,3.648709774017334,-0.005390873417940312,-0.00540545661042048
2025-07-30,SMLL.AX,3.698150396347046,0.013550165782376444,0.013459183250199241
2025-07-31,SMLL.AX,3.648709774017334,-0.013369013433998878,-0.013459183250199177
2025-08-01,SMLL.AX,3.6289336681365967,-0.005420027106996628,-0.0054347687447631595
2025-08-04,SMLL.AX,3.6783740520477295,0.013623942577192238,0.013531971072956181
2025-08-05,SMLL.AX,3.7377026081085205,0.016129016576702737,0.016000325913989737
2025-08-06,SMLL.AX,3.7970311641693115,0.015873000685523886,0.015748342017951632
2025-08-07,SMLL.AX,3.816807508468628,0.005208370288328323,0.00519485364062166
2025-08-08,SMLL.AX,3.8464720249176025,0.00777207558493731,0.0077420285900813065
2025-08-11,SMLL.AX,3.8464720249176025,0.0,0.0
2025-08-12,SMLL.AX,3.8365838527679443,-0.002570712092952232,-0.002574022047127701
2025-08-13,SMLL.AX,3.8464720249176025,0.002577337686109571,0.0025740220471277366
2025-08-14,SMLL.AX,3.886024236679077,0.010282724404403254,0.010230216834306917
2025-08-15,SMLL.AX,3.886024236679077,0.0,0.0
2025-08-18,SMLL.AX,3.8959124088287354,0.0025445472152043624,0.00254131533622398
2025-08-19,SMLL.AX,3.9058005809783936,0.0025380889280903762,0.002534873420067915
2025-08-20,SMLL.AX,3.9156885147094727,0.0025316022992147857,0.0025284031922209785
2025-08-21,SMLL.AX,4.004681587219238,0.022727311474204148,0.02247289373794638
2025-08-22,SMLL.AX,3.9651293754577637,-0.009876493523905516,-0.009925589618379528
2025-08-25,SMLL.AX,4.034345626831055,0.017456240344061902,0.017305630376921052
2025-08-26,SMLL.AX,4.064010143280029,0.007352993321069423,0.0073260918560528925
2025-08-27,SMLL.AX,4.083786487579346,0.004866214306088024,0.0048544125563282645
2025-08-28,SMLL.AX,4.093674182891846,0.002421207705783024,0.0024182813050698812
2025-08-29,SMLL.AX,4.153002738952637,0.014492740118091207,0.01438872413993228
2025-09-01,SMLL.AX,4.222219944000244,0.016666785311358456,0.016529418650900598
2025-09-02,SMLL.AX,4.222219944000244,0.0,0.0
2025-09-03,SMLL.AX,4.162891387939453,-0.014051507701557941,-0.014151164792241442
2025-09-04,SMLL.AX,4.172779083251953,0.0023751989641493942,0.002372382637765175
2025-09-05,SMLL.AX,4.232108116149902,0.014218110212466106,0.014117980867417198
2025-09-08,SMLL.AX,4.212331771850586,-0.00467292983935097,-0.004683882108770136
2025-09-09,SMLL.AX,4.222219944000244,0.0023474343155345245,0.002344683395829424
2025-09-10,SMLL.AX,4.222219944000244,0.0,0.0
2025-09-11,SMLL.AX,4.251884460449219,0.007025810318367576,0.007001244310012488
2025-09-12,SMLL.AX,4.301324367523193,0.011627763532584545,0.011560680605689736
2025-09-15,SMLL.AX,4.261772155761719,-0.009195356681330646,-0.009237894944052983
2025-09-16,SMLL.AX,4.306268692016602,0.010440852919536114,0.010386723659119685
2025-09-17,SMLL.AX,4.261772155761719,-0.01033296792124816,-0.010386723659119766
2025-09-18,SMLL.AX,4.212331771850586,-0.011600897960791223,-0.011668713367478808
2025-09-19,SMLL.AX,4.271660327911377,0.014084492692921557,0.013986227824704104
2025-09-22,SMLL.AX,4.335933208465576,0.015046346296365032,0.014934272827030866
2025-09-23,SMLL.AX,4.350765228271484,0.0034207214670534114,0.003414884107575274
2025-09-24,SMLL.AX,4.340877056121826,-0.002272743214321138,-0.0022753298150429155
2025-09-25,SMLL.AX,4.301324367523193,-0.009111681369287528,-0.00915344663273584
2025-09-26,SMLL.AX,4.301324367523193,0.0,0.0
2025-09-29,SMLL.AX,4.350765228271484,0.011494334424436925,0.011428776447778736
2025-09-30,SMLL.AX,4.380429267883301,0.00681812004450566,0.006794981777482644
2025-10-01,SMLL.AX,4.380429267883301,0.0,0.0
2025-10-02,SMLL.AX,4.479310512542725,0.022573414296267025,0.02232240518016269
2025-10-03,SMLL.AX,4.459534645080566,-0.004414935603768266,-0.004424710212081436
2025-10-06,SMLL.AX,4.508974552154541,0.011086337703085869,0.01102533471365412
2025-10-07,SMLL.AX,4.499086856842041,-0.0021928922414909957,-0.002195300150516441
2025-10-08,SMLL.AX,4.489198684692383,-0.0021978175714969517,-0.0022002363171600677
2025-10-09,SMLL.AX,4.499086856842041,0.002202658613301267,0.0022002363171600603
2025-10-10,SMLL.AX,4.459534645080566,-0.008791164300668064,-0.008830034563137752
2025-10-13,SMLL.AX,4.489198684692383,0.006651824006915108,0.006629798245977761
2025-10-14,SMLL.AX,4.508974552154541,0.004405211007833421,0.004395536467676451
2025-10-15,SMLL.AX,4.508974552154541,0.0,0.0
2025-10-16,SMLL.AX,4.568303108215332,0.013157882213471694,0.013072069206623457
2025-10-17,SMLL.AX,4.597967624664307,0.006493552583152429,0.0064725602979097945
2025-10-20,SMLL.AX,4.6474080085754395,0.010752660294066851,0.010695261535345633
2025-10-21,SMLL.AX,4.597967624664307,-0.010638270584356957,-0.010695261535345694
2025-10-22,SMLL.AX,4.44964599609375,-0.03225808458827184,-0.03278984356420532
2025-10-23,SMLL.AX,4.459534645080566,0.0022223451023963836,0.002219879346017968
2025-10-24,SMLL.AX,4.459534645080566,0.0,0.0
2025-10-27,SMLL.AX,4.489198684692383,0.006651824006915108,0.006629798245977761
2025-10-28,SMLL.AX,4.44964599609375,-0.008810634453204846,-0.008849677591995597
2025-10-29,SMLL.AX,4.499086856842041,0.011111189697268875,0.011049913909155567
2025-10-30,SMLL.AX,4.469422340393066,-0.006593452714490744,-0.006615285545917847
2025-10-31,SMLL.AX,4.528750896453857,0.013274323065108451,0.013186991237038882
2025-11-03,SMLL.AX,4.508974552154541,-0.0043668430327669094,-0.004376405540604718
2025-11-04,SMLL.AX,4.469422340393066,-0.008771886224679504,-0.008810585696434297
2025-11-05,SMLL.AX,4.429870128631592,-0.008849513147150101,-0.008888902646068113
2025-11-06,SMLL.AX,4.489198684692383,0.013392843207147953,0.013303951874825906
2025-11-07,SMLL.AX,4.469422340393066,-0.004405317226602423,-0.004415049228757765
2025-11-10,SMLL.AX,4.578191757202148,0.024336347860004715,0.024044937391629686
2025-11-11,SMLL.AX,4.627631664276123,0.010799003120871564,0.010741110303548318
2025-11-12,SMLL.AX,4.627631664276123,0.0,0.0
2025-11-13,SMLL.AX,4.627631664276123,0.0,0.0
2025-11-14,SMLL.AX,4.568303108215332,-0.012820500931132628,-0.012903392792120232
2025-11-17,SMLL.AX,4.588079452514648,0.0043290350554348045,0.004319691738504911
2025-11-18,SMLL.AX,4.479310512542725,-0.023706856234215645,-0.023992385446701257
2025-11-19,SMLL.AX,4.479310512542725,0.0,0.0
2025-11-20,SMLL.AX,4.558415412902832,0.0176600617748206,0.01750593483247277
2025-11-21,SMLL.AX,4.410093784332275,-0.03253797978804751,-0.03307911044360236
2025-11-24,SMLL.AX,4.469422340393066,0.013452901222093638,0.013363214416268275
2025-11-25,SMLL.AX,4.548527240753174,0.017699132983066912,0.017544327277749003
2025-11-26,SMLL.AX,4.627631664276123,0.017391216834803602,0.017241720417428972
2025-11-27,SMLL.AX,4.607855796813965,-0.0042734316161811,-0.004282588822846347
2025-11-28,SMLL.AX,4.657296180725098,0.010729585753381787,0.01067243220728086
2025-12-01,SMLL.AX,4.588079452514648,-0.014861998362249884,-0.014973544438049761
2025-12-02,SMLL.AX,4.588079452514648,0.0,0.0
2025-12-03,SMLL.AX,4.607855796813965,0.004310375289703794,0.004301112230769035
2025-12-04,SMLL.AX,4.508974552154541,-0.021459274990288102,-0.0216928731758975
2025-12-05,SMLL.AX,4.508974552154541,0.0,0.0
2025-12-08,SMLL.AX,4.508974552154541,0.0,0.0
2025-12-09,SMLL.AX,4.459534645080566,-0.010964778466170388,-0.011025334713654128
2025-12-10,SMLL.AX,4.459534645080566,0.0,0.0
2025-12-11,SMLL.AX,4.489198684692383,0.006651824006915108,0.006629798245977761
2025-12-12,SMLL.AX,4.568303108215332,0.017621056468871688,0.01746760567429992
2025-12-15,SMLL.AX,4.528750896453857,-0.00865796573137767,-0.008695663666018767
2025-12-16,SMLL.AX,4.508974552154541,-0.0043668430327669094,-0.004376405540604718
2025-12-17,SMLL.AX,4.578191757202148,0.015350985960773,0.015234351695195363
2025-12-18,SMLL.AX,4.558415412902832,-0.004319684571579052,-0.004329041364295561
2025-12-19,SMLL.AX,4.617743968963623,0.013015170994038483,0.012931201456513676
2025-12-22,SMLL.AX,4.726513385772705,0.023554665988442247,0.023281535526746215
2025-12-23,SMLL.AX,4.726513385772705,0.0,0.0
2025-12-24,SMLL.AX,4.716624736785889,-0.0020921656577937986,-0.0020943572937408136
2025-12-25,SMLL.AX,4.716624736785889,0.0,0.0
2025-12-26,SMLL.AX,4.716624736785889,0.0,0.0
2025-12-29,SMLL.AX,4.6968488693237305,-0.0041928006923939165,-0.004201615127959208
2025-12-30,SMLL.AX,4.677072525024414,-0.004210555810828964,-0.0042194451624629255
2025-12-31,SMLL.AX,4.6474080085754395,-0.006342539332083508,-0.006362738690118001
2026-01-01,SMLL.AX,4.6474080085754395,0.0,0.0
2026-01-02,SMLL.AX,4.679999828338623,0.0070129026121754645,0.006988426576063862
2026-01-05,SMLL.AX,4.71999979019165,0.008547000709448138,0.008510681896768206
2026-01-06,SMLL.AX,4.710000038146973,-0.002118591629062694,-0.002120839019070203
2026-01-07,SMLL.AX,4.730000019073486,0.0042462804170979584,0.004237290408819943
2026-01-08,SMLL.AX,4.71999979019165,-0.002114213285731581,-0.002116451389749607
2026-01-09,SMLL.AX,4.730000019073486,0.002118692653888754,0.0021164513897495465
2026-01-12,SMLL.AX,4.800000190734863,0.014799190566406883,0.014690751113983125
2026-01-13,SMLL.AX,4.840000152587891,0.00833332505491069,0.008298794604689132
2026-01-14,SMLL.AX,4.880000114440918,0.008264454667762822,0.008230491061099875
2026-01-15,SMLL.AX,4.840000152587891,-0.00819671330225158,-0.00823049106109974
2026-01-16,SMLL.AX,4.880000114440918,0.008264454667762822,0.008230491061099875
2026-01-19,SMLL.AX,4.920000076293945,0.00819671330225158,0.008163302695052716
2026-01-20,SMLL.AX,4.920000076293945,0.0,0.0
2026-01-21,SMLL.AX,5.0,0.016260146842582035,0.01612936642298423
2026-01-22,SMLL.AX,4.949999809265137,-0.0100000381469727,-0.01005037438579784
2026-01-23,SMLL.AX,5.0,0.010101049022522401,0.010050374385797877
2026-01-26,SMLL.AX,5.0,0.0,0.0
2026-01-27,SMLL.AX,5.019999980926514,0.003999996185302779,0.0039920174700382215
2026-01-28,SMLL.AX,5.010000228881836,-0.001991982486588051,-0.0019939691223690176
2026-01-29,SMLL.AX,5.050000190734863,0.007984023957211539,0.007952320274778126
2026-01-30,SMLL.AX,4.889999866485596,-0.031683231327954586,-0.03219600487332645
2026-02-02,SMLL.AX,4.769999980926514,-0.024539854567588115,-0.02484597528160569
2026-02-03,SMLL.AX,4.789999961853027,0.004192868135531658,0.0041841025573310054
2026-02-04,SMLL.AX,4.800000190734863,0.002087730472124516,0.00208555419132783
2026-02-05,SMLL.AX,4.71999979019165,-0.016666749450892193,-0.01680720250373277
2026-02-06,SMLL.AX,4.559999942779541,-0.03389827426361236,-0.03448614416859313
2026-02-09,SMLL.AX,4.710000038146973,0.03289475816879062,0.03236530514952301
2026-02-10,SMLL.AX,4.75,0.008492560834195695,0.008456701919078527
2026-02-11,SMLL.AX,4.820000171661377,0.014736878244500318,0.014629345630351929
2026-02-12,SMLL.AX,4.760000228881836,-0.012448120465286205,-0.012526247349155065
2026-02-13,SMLL.AX,4.639999866485596,-0.025210158955061512,-0.02553337886423942
2026-02-16,SMLL.AX,4.710000038146973,0.01508624432663952,0.014973578663963793
2026-02-17,SMLL.AX,4.670000076293945,-0.008492560834195695,-0.00852882810963219
2026-02-18,SMLL.AX,4.679999828338623,0.002141274492786227,0.0021389852319342773
2026-02-19,SMLL.AX,4.75,0.014957302185677035,0.014846544796776646
2026-02-20,SMLL.AX,4.75,0.0,0.0
2026-02-23,SMLL.AX,4.78000020980835,0.006315833643863122,0.00629597234977402
2026-02-24,SMLL.AX,4.789999961853027,0.002091998243882731,0.002089813062622727
2026-02-25,SMLL.AX,4.769999980926514,-0.004175361395781008,-0.004184102557331055
2026-02-26,SMLL.AX,4.769999980926514,0.0,0.0
2026-02-27,SMLL.AX,4.820000171661377,0.01048222032176005,0.010427662775286402
2026-03-02,SMLL.AX,4.900000095367432,0.016597493953715015,0.0164612609024201
2026-03-03,SMLL.AX,4.829999923706055,-0.01428574904060853,-0.014388772710688592
2026-03-04,SMLL.AX,4.690000057220459,-0.028985480061493263,-0.029413857209921103
2026-03-05,SMLL.AX,4.670000076293945,-0.004264388205224567,-0.004273506640873116
2026-03-06,SMLL.AX,4.559999942779541,-0.023554632059385128,-0.023836477039890717
2026-03-09,SMLL.AX,4.409999847412109,-0.032894758168790506,-0.03344795611962303
2026-03-10,SMLL.AX,4.46999979019165,0.013605429672463698,0.013513706830160102
2026-03-11,SMLL.AX,4.489999771118164,0.004474268873658316,0.004464289089766226
2026-03-12,SMLL.AX,4.389999866485596,-0.02227169481740643,-0.02252345410447606
2026-03-13,SMLL.AX,4.349999904632568,-0.009111608899671664,-0.00915337349673065
2024-03-14,SPY,758.2338976270112,-0.003063175775249727,-0.0030678769008687895
2024-03-15,SPY,758.5556068758342,0.0004242876107620752,0.000424197626225735
2024-03-18,SPY,765.5444159735562,0.009213311501981902,0.009171127850354514
2024-03-19,SPY,769.8541956564295,0.0056296925337668835,0.0056139050395321724
2024-03-20,SPY,780.6778361691395,0.014059338214661654,0.013961422406194966
2024-03-21,SPY,774.7816946131788,-0.00755259248154605,-0.007581257730646082
2024-03-22,SPY,776.0900495792739,0.0016886756297826988,0.0016872514202179514
2024-03-25,SPY,780.8809813280823,0.006173164765358896,0.006154188838056937
2024-03-26,SPY,776.6859423947826,-0.005372187354550473,-0.005386669443319466
2024-03-27,SPY,783.2028356996743,0.008390641505365615,0.00835563575044902
2024-03-28,SPY,785.0921770869754,0.0024123270514122552,0.002409422061430082
2024-03-29,SPY,785.7209458008874,0.0008008852110144016,0.0008005646735848315
2024-04-01,SPY,782.4063686259688,-0.004218517009929146,-0.004227440056334468
2024-04-02,SPY,782.8358899006125,0.0005489746656819339,0.0005488240342162047
2024-04-03,SPY,780.5082967342059,-0.0029732836683076247,-0.00297771265746651
2024-04-04,SPY,764.5731756263012,-0.020416337884658353,-0.02062763216147682
2024-04-05,SPY,770.3671496418465,0.007578050342662346,0.007549481160849763
2024-04-08,SPY,772.8494003907181,0.0032221658854814095,0.0032169858333268046
2024-04-09,SPY,769.6687727990502,-0.004115455857324757,-0.004123947652194055
2024-04-10,SPY,759.2604956098075,-0.013523060252777164,-0.013615329619119926
2024-04-11,SPY,779.2506444239079,0.02632844580968885,0.02598781814179308
2024-04-12,SPY,764.569427392431,-0.018840173102879665,-0.019019910264030226
2024-04-15,SPY,762.5461266545753,-0.00264632702455303,-0.002649834737650747
2024-04-16,SPY,765.0897667354002,0.0033357196265415556,0.0033301684551701725
2024-04-17,SPY,764.0842733858299,-0.0013142161786592332,-0.0013150805181102797
2024-04-18,SPY,759.313593762221,-0.0062436563475766205,-0.00626322948436173
2024-04-19,SPY,754.4567550840657,-0.006396354178371588,-0.006416898504473043
2024-04-22,SPY,761.2514562796568,0.009006084377671364,0.00896577146000185
2024-04-23,SPY,767.0774858726945,0.007653226204006547,0.00762408883715369
2024-04-24,SPY,762.4551463118223,-0.006025909567158538,-0.006044138628222287
2024-04-25,SPY,758.6117693845699,-0.005040790852870125,-0.005053538495926648
2024-04-26,SPY,762.7230518331926,0.005419481498366352,0.005404848951913333
2024-04-29,SPY,763.2946738344799,0.0007494489643566915,0.0007491682677180519
2024-04-30,SPY,748.8562646869141,-0.018915904489459123,-0.01909709881918614
2024-05-01,SPY,756.0916995177286,0.009661980772557976,0.00961560233541009
2024-05-02,SPY,756.8664099638954,0.0010246249848544497,0.0010241004149690173
2024-05-03,SPY,761.642391235644,0.006310203767632361,0.006290377792090549
2024-05-06,SPY,765.120354449864,0.004566399210760075,0.004556004841099607
2024-05-07,SPY,764.2486567228407,-0.0011392949121711293,-0.001139944401973394
2024-05-08,SPY,768.3498607956062,0.005366321597936263,0.0053519741998033716
2024-05-09,SPY,774.2338031387408,0.007657894721347258,0.007628721885909533
2024-05-10,SPY,770.0561217177856,-0.0053958912721440155,-0.005410501674584184
2024-05-13,SPY,772.4919545292505,0.0031631886855614244,0.0031581963293039537
2024-05-14,SPY,774.6430006952505,0.0027845547819469463,0.0027806850911929262
2024-05-15,SPY,782.6795456971595,0.010374514446907845,0.010321068504548536
2024-05-16,SPY,772.3228316800669,-0.013232381086268896,-0.013320709099493984
2024-05-17,SPY,775.5060516207595,0.004121618331246246,0.004113147729493605
2024-05-20,SPY,774.3655160090784,-0.0014706985320068755,-0.0014717810706150448
2024-05-21,SPY,779.593753118912,0.006751639893236572,0.006728949646273741
2024-05-22,SPY,777.9315747206128,-0.0021321084111427524,-0.002134384590230406
2024-05-23,SPY,777.8390665110637,-0.00011891561231758274,-0.00011892268333958468
2024-05-24,SPY,785.0847512600521,0.009315146359887061,0.009272027946753872
2024-05-27,SPY,782.4156669770746,-0.0033997403193651854,-0.0034055325683056874
2024-05-28,SPY,779.2437550466275,-0.004053998487405064,-0.004062238216044227
2024-05-29,SPY,774.6738735418694,-0.005864508345639119,-0.0058817721034308745
2024-05-30,SPY,773.5259050462191,-0.001481873256421684,-0.001482972316508421
2024-05-31,SPY,778.616660656553,0.006581234806906311,0.006559673031483902
2024-06-03,SPY,776.1376179424333,-0.0031839065863673577,-0.003188986001396858
2024-06-04,SPY,773.151785825612,-0.0038470395556097214,-0.0038544584455687597
2024-06-05,SPY,787.5061432277944,0.01856602760977144,0.018395782869932622
2024-06-06,SPY,786.1206041990954,-0.0017594009146646439,-0.0017609504782563705
2024-06-07,SPY,783.7745242444798,-0.0029843766237444003,-0.0029888387556601067
2024-06-10,SPY,796.573205394583,0.016329544727726963,0.016197651611539212
2024-06-11,SPY,795.3221863622239,-0.0015705010209821069,-0.00157173555043304
2024-06-12,SPY,802.0057261944457,0.0084035626653296,0.0083684493136152
2024-06-13,SPY,796.962775355787,-0.006287923731651879,-0.006307775987479846
2024-06-14,SPY,801.0300583189382,0.005103479220011753,0.005090500608590925
2024-06-17,SPY,809.8741040765453,0.01104084130896088,0.010980336164992216
2024-06-18,SPY,810.8042525196215,0.0011485099207324545,0.0011478508877691095
2024-06-19,SPY,806.0422731873114,-0.005873155348546821,-0.005890470153733254
2024-06-20,SPY,802.1546171725786,-0.004823141594497149,-0.004834810477486823
2024-06-21,SPY,802.835255169135,0.0008485122219399344,0.0008481524389503353
2024-06-24,SPY,803.3251271094487,0.0006101774145561567,0.00060999133200927
2024-06-25,SPY,804.0434325598326,0.0008941652963956326,0.0008937657687517582
2024-06-26,SPY,806.2341792639345,0.0027246621455849773,0.0027209569823672475
2024-06-27,SPY,807.5073378838133,0.0015791424534261633,0.001577896919060444
2024-06-28,SPY,803.6263453406282,-0.004806139041851676,-0.004817725667626555
2024-07-01,SPY,802.4556951507693,-0.0014567095723605483,-0.0014577716052572758
2024-07-02,SPY,810.2120688030991,0.009665796752645006,0.009619381791256243
2024-07-03,SPY,812.1559556139982,0.0023992321094041813,0.0023963585473572267
2024-07-04,SPY,807.0002462767297,-0.006348176482152024,-0.006368411838342476
2024-07-05,SPY,809.9418393480009,0.003645095630196993,0.0036384683689053682
2024-07-08,SPY,808.2916364224366,-0.0020374338568467376,-0.0020395122487444346
2024-07-09,SPY,809.4844052572735,0.0014756664316313284,0.0014745787058713805
2024-07-10,SPY,817.7010544908699,0.010150472547997946,0.010099302477134725
2024-07-11,SPY,809.4135767718981,-0.010135094816689283,-0.010186804575731193
2024-07-12,SPY,812.50888387546,0.003824135389359995,0.003816841971719477
2024-07-15,SPY,814.3226319595051,0.002232280926448338,0.002229793089061102
2024-07-16,SPY,820.2051621938081,0.007223832426403121,0.007197865527632429
2024-07-17,SPY,812.4652407506583,-0.009436567580784039,-0.009481374087175027
2024-07-18,SPY,806.377355948709,-0.00749310185420915,-0.007521316172107479
2024-07-19,SPY,804.0325097204186,-0.002907877076398946,-0.002912113164954258
2024-07-22,SPY,813.4371527594049,0.011696844251056993,0.011628964971167761
2024-07-23,SPY,819.0355123227346,0.006882350461051123,0.00685877519413822
2024-07-24,SPY,803.8651415696295,-0.01852223807742215,-0.01869592275859393
2024-07-25,SPY,804.2129300599263,0.00043264531861364475,0.00043255175461349727
2024-07-26,SPY,817.1721445512885,0.016114158336644202,0.015985703411877574
2024-07-29,SPY,816.155485067793,-0.0012441191128139684,-0.0012448936714928895
2024-07-30,SPY,812.466052279553,-0.004520502350031541,-0.004530750717622558
2024-07-31,SPY,826.9225250886375,0.01779332535620859,0.01763687723815098
2024-08-01,SPY,814.5277148027963,-0.014989082906542661,-0.015102554527856459
2024-08-02,SPY,805.7750690534594,-0.010745669656502588,-0.01080382132563081
2024-08-05,SPY,782.0284105167812,-0.029470579878542735,-0.02991356243640063
2024-08-06,SPY,787.0241312514117,0.006388157600731192,0.006367839804912792
2024-08-07,SPY,781.8233334441029,-0.00660818086865933,-0.006630111563915252
2024-08-08,SPY,799.7777024049137,0.022964739209967,0.022705018350005688
2024-08-09,SPY,794.0396105404652,-0.007174608453316744,-0.007200469727128793
2024-08-12,SPY,797.1434594015591,0.00390893454166763,0.003901314508062142
2024-08-13,SPY,808.3419603137736,0.014048288021608624,0.01395052535821764
2024-08-14,SPY,804.3837144484278,-0.004896746747885428,-0.004908775094819538
2024-08-15,SPY,822.9552125049959,0.023087859342481476,0.02282536729191479
2024-08-16,SPY,823.2432697513141,0.00035002785320648044,0.0003499666077487975
2024-08-19,SPY,823.5800065012882,0.00040903674812398094,0.0004089531153984512
2024-08-20,SPY,814.6306599115633,-0.010866396123120126,-0.010925866617839857
2024-08-21,SPY,815.9820929971465,0.0016589519055543178,0.0016575773648298405
2024-08-22,SPY,809.2867284369713,-0.008205283691438359,-0.008239132317214985
2024-08-23,SPY,822.9458189695579,0.016877937142213195,0.016737087387449282
2024-08-26,SPY,811.3554383340743,-0.014084014242877307,-0.01418413515271405
2024-08-27,SPY,814.2565298989066,0.0035756111659139833,0.0035692338656188064
2024-08-28,SPY,807.7420398739632,-0.008000537650895034,-0.008032713684200483
2024-08-29,SPY,808.3857045325567,0.0007968690829733838,0.0007965517513756539
2024-08-30,SPY,814.5775357858802,0.007659501174509087,0.007630316129243214
2024-09-02,SPY,817.9232673203805,0.004107321141961551,0.004098909124517931
2024-09-03,SPY,798.8135107440758,-0.023363752248925174,-0.02364101177153316
2024-09-04,SPY,805.881710801259,0.008848373196141068,0.008809455744307413
2024-09-05,SPY,803.6597274171654,-0.0027572078560814672,-0.002761015955086646
2024-09-06,SPY,787.2839197723151,-0.020376543810997627,-0.02058700953072542
2024-09-09,SPY,804.4165056523634,0.021761635732383766,0.02152823143986663
2024-09-10,SPY,809.4885355493025,0.006305228524402073,0.006285433734571691
2024-09-11,SPY,818.3560624141683,0.010954481101883129,0.01089491538664215
2024-09-12,SPY,822.3201045534806,0.004843908808616071,0.004832214830182268
2024-09-13,SPY,820.482950538244,-0.0022341105429183328,-0.002236609891117973
2024-09-16,SPY,823.298272490938,0.003431298542946104,0.003425425070025249
2024-09-17,SPY,818.9868392623903,-0.005236781580390315,-0.0052505415808179814
2024-09-18,SPY,815.2539756175247,-0.004557904310437455,-0.004568323227293897
2024-09-19,SPY,829.0430909959832,0.016913889157073703,0.0167724420529557
2024-09-20,SPY,822.0340322167758,-0.008454396225396454,-0.008490337350204631
2024-09-23,SPY,824.0376965875039,0.0024374469817567412,0.002434481226132749
2024-09-24,SPY,823.480309623068,-0.0006764095462429287,-0.0006766384143916062
2024-09-25,SPY,813.1805519699119,-0.012507594332001215,-0.01258647269921792
2024-09-26,SPY,826.4337557043982,0.016297984134495902,0.016166597625715
2024-09-27,SPY,816.7105138614716,-0.011765300940108858,-0.011835059788960947
2024-09-30,SPY,816.9035602545555,0.0002363706476253835,0.00023634271648516854
2024-10-01,SPY,809.934870858342,-0.008530614548970639,-0.008567208502491262
2024-10-02,SPY,814.4940577566304,0.0056290784139922945,0.005613294357522021
2024-10-03,SPY,812.165967357214,-0.0028583270525369686,-0.0028624198702415075
2024-10-04,SPY,823.9489868465753,0.014508142378463873,0.014403906252967155
2024-10-07,SPY,822.4681409679397,-0.0017972543231141724,-0.0017988713223948984
2024-10-08,SPY,835.7267790989717,0.01612054919893713,0.01599199290419778
2024-10-09,SPY,843.5633059251413,0.009376900468139215,0.009333210243844162
2024-10-10,SPY,844.8695538812099,0.0015484883551637463,0.0015472906832985857
2024-10-11,SPY,846.9537700497021,0.002466908836894044,0.002463871012287803
2024-10-14,SPY,855.1352826855145,0.009659928233547221,0.009613569436146626
2024-10-15,SPY,849.1354598834878,-0.00701622646557698,-0.0070409559220153736
2024-10-16,SPY,858.4314464503623,0.010947589643883315,0.010888098579735871
2024-10-17,SPY,860.7193933975577,0.002665264601682704,0.0026617190824182986
2024-10-18,SPY,859.5383413011732,-0.0013721685667177352,-0.0013731108520870267
2024-10-21,SPY,855.9422616660595,-0.004183733828173275,-0.004192510129571853
2024-10-22,SPY,863.6816232543861,0.009041920156229066,0.009001286748519226
2024-10-23,SPY,851.5781760561804,-0.014013783403888369,-0.014112903588658974
2024-10-24,SPY,859.8500393303693,0.00971356888512287,0.009666695469210645
2024-10-25,SPY,859.4207274004875,-0.0004992869805717781,-0.0004994116658204705
2024-10-28,SPY,866.4660376175307,0.008197742959206167,0.008164323980299152
2024-10-29,SPY,870.6020391867787,0.004773414524844588,0.00476205790728765
2024-10-30,SPY,870.5695645479136,-3.730135860402495e-05,-3.7302054317002545e-05
2024-10-31,SPY,852.2315509489927,-0.02106438628881302,-0.02128940601870062
2024-11-01,SPY,855.307496803398,0.0036092841798454067,0.0036027863440304
2024-11-04,SPY,851.5084201710852,-0.00444176702123078,-0.004451660977000777
2024-11-05,SPY,862.8273219453258,0.013292765527751937,0.013205191929972073
2024-11-06,SPY,876.6398563247203,0.01600845734492129,0.015881673280031632
2024-11-07,SPY,893.4399128669247,0.019164148676330983,0.01898282927155864
2024-11-08,SPY,882.5518970702979,-0.012186623453712464,-0.012261489211594171
2024-11-11,SPY,895.7674335645061,0.014974231586922349,0.014863224572388825
2024-11-12,SPY,893.9314493354686,-0.002049621542649205,-0.002051724891420649
2024-11-13,SPY,900.968597357336,0.007872133849970986,0.007841310263550769
2024-11-14,SPY,900.2346517736441,-0.0008146183849743194,-0.0008149503668354847
2024-11-15,SPY,893.8259474598744,-0.0071189264944904185,-0.007144386957776016
2024-11-18,SPY,896.3892828641474,0.002867823888484722,0.0028637195267423392
2024-11-19,SPY,893.7905472701532,-0.0028991149756841805,-0.002903325549432691
2024-11-20,SPY,889.2275388140552,-0.0051052323948094225,-0.00511830861746793
2024-11-21,SPY,897.7755248415779,0.009612821976839658,0.009566912780465812
2024-11-22,SPY,901.0714741897682,0.0036712399224427816,0.0036645173695379163
2024-11-25,SPY,900.0371890064853,-0.0011478392257538994,-0.0011484984977384379
2024-11-26,SPY,915.3858722301738,0.017053387805709752,0.01690961107276715
2024-11-27,SPY,911.0087887496338,-0.0047816812705182565,-0.004793150083147878
2024-11-28,SPY,907.9176951561822,-0.003393044756126007,-0.0033988141868056916
2024-11-29,SPY,912.1285498631551,0.004637925584486613,0.0046272035468499974
2024-12-02,SPY,914.4638735907502,0.002560301097850104,0.0025570291106526036
2024-12-03,SPY,918.7192217310585,0.004653380262688023,0.004642586759982648
2024-12-04,SPY,922.9693735493129,0.004626170561933263,0.004615502723074736
2024-12-05,SPY,928.9805378577003,0.006512853492929294,0.006491736500945412
2024-12-06,SPY,928.2937955929301,-0.0007392428977617271,-0.0007395162725278785
2024-12-09,SPY,930.7255828776397,0.002619631086897778,0.0026162058340106365
2024-12-10,SPY,922.3570244099392,-0.008991434877965165,-0.009032101781290065
2024-12-11,SPY,938.5117332390219,0.017514594025472174,0.01736298125432991
2024-12-12,SPY,932.520539438643,-0.006383717526579846,-0.006404180584717927
2024-12-13,SPY,933.637043839808,0.0011972973826797073,0.001196581193772157
2024-12-16,SPY,938.7851105007576,0.005513991432662957,0.005498845034467409
2024-12-17,SPY,933.5558495848527,-0.005570242707743311,-0.005585814361838434
2024-12-18,SPY,910.76698642275,-0.024410819312242205,-0.024713702607812617
2024-12-19,SPY,930.2857919639719,0.02143117376035608,0.021204755384769052
2024-12-20,SPY,937.2615028523796,0.007498460095451964,0.0074704863962941825
2024-12-23,SPY,940.0249820839235,0.002948461259887125,0.002944123073211581
2024-12-24,SPY,951.685801235566,0.012404797078681806,0.012328488001076885
2024-12-25,SPY,952.5772885798578,0.000936745450162757,0.0009363069779467609
2024-12-26,SPY,951.8028236011232,-0.0008130206210240631,-0.0008133513015346997
2024-12-27,SPY,945.047572059193,-0.0070973224437093085,-0.00712262824334358
2024-12-30,SPY,933.9490450406447,-0.011743881839054282,-0.011813385920437205
2024-12-31,SPY,931.3141529386339,-0.0028212375353905417,-0.0028252247269815534
2025-01-01,SPY,931.3141529386339,0.0,0.0
2025-01-02,SPY,932.895226367953,0.0016976800194974384,0.001696240589670373
2025-01-03,SPY,943.5544245336059,0.011425932799712601,0.011361149833068653
2025-01-06,SPY,946.0446957816021,0.0026392449478758184,0.0026357682568110786
2025-01-07,SPY,932.5025924868896,-0.014314443445533231,-0.01441788340129266
2025-01-08,SPY,934.4913904655114,0.0021327532970367713,0.0021304822072666335
2025-01-09,SPY,937.9989012018777,0.003753390103058196,0.003746363710797792
2025-01-10,SPY,926.9467860890145,-0.011782652515586078,-0.011852618095531557
2025-01-13,SPY,933.6206772709775,0.007199864417375634,0.007174069134583469
2025-01-14,SPY,929.3012510548579,-0.0046265322965484135,-0.004637267822062061
2025-01-15,SPY,946.2807848978046,0.018271291277907054,0.01810637700409499
2025-01-16,SPY,937.8272134057115,-0.008933470516371056,-0.008973613218703928
2025-01-17,SPY,951.0714437592906,0.01412224998833489,0.014023460020636732
2025-01-20,SPY,953.3584390721226,0.0024046514358502247,0.0024017648880876458
2025-01-21,SPY,948.9737537649344,-0.00459919913380713,-0.00460980799080491
2025-01-22,SPY,957.2016516159056,0.008670311289778132,0.008632939999303898
2025-01-23,SPY,960.4342980750516,0.0033771843724765827,0.003371494492251308
2025-01-24,SPY,956.3715714280552,-0.004230093255873091,-0.004239065411325303
2025-01-27,SPY,941.397898588868,-0.015656752340336144,-0.01578061383412458
2025-01-28,SPY,953.8992722787079,0.013279585293932694,0.013192184514950266
2025-01-29,SPY,951.0239675604389,-0.003014264505517894,-0.003018816550452241
2025-01-30,SPY,958.3946409596465,0.007750249889195482,0.007720370982555131
2025-01-31,SPY,957.0949964639149,-0.0013560640264330681,-0.0013569843133276816
2025-02-03,SPY,961.6082786033221,0.004715605197062045,0.004704521561250297
2025-02-04,SPY,956.6626795576667,-0.005143049571950997,-0.005156320573234461
2025-02-05,SPY,955.3637398427818,-0.0013577823642973996,-0.0013587049860126915
2025-02-06,SPY,953.4405531120137,-0.0020130413690230275,-0.002015070260084742
2025-02-07,SPY,945.2653371512497,-0.00857443700509719,-0.008611408984385708
2025-02-10,SPY,955.1672040984777,0.010475224847521947,0.010420739844519253
2025-02-11,SPY,954.0062234058132,-0.0012154737805935012,-0.0012162130679661523
2025-02-12,SPY,946.8537271371679,-0.007497326634946733,-0.007525572857614919
2025-02-13,SPY,959.1824063443928,0.01302067980922561,0.012936639479917808
2025-02-14,SPY,953.982808428409,-0.005420864562977412,-0.005435610764868316
2025-02-17,SPY,948.0409194229287,-0.006228507424854923,-0.006247985498898116
2025-02-18,SPY,950.8846013992879,0.002999535060248526,0.0029950454305868782
2025-02-19,SPY,953.5722624772898,0.002826485016212077,0.002822498018464666
2025-02-20,SPY,951.3788478588613,-0.002300208075191046,-0.0023028576175645773
2025-02-21,SPY,925.9328746339306,-0.026746414724479584,-0.027110608680714833
2025-02-24,SPY,926.6070011873016,0.0007280512139042905,0.0007277863131856522
2025-02-25,SPY,926.6858268516808,8.506914396089194e-05,8.506552578646002e-05
2025-02-26,SPY,924.9971200913424,-0.001822307745954821,-0.0018239701686528081
2025-02-27,SPY,916.3040375410346,-0.009397956341149816,-0.009442395778593205
2025-02-28,SPY,942.3373213471423,0.02841118530479214,0.028015072765066613
2025-03-03,SPY,927.5413636343874,-0.015701338976581103,-0.015825910681718777
2025-03-04,SPY,917.2807598556974,-0.011062152245680856,-0.011123792858611758
2025-03-05,SPY,919.1288840245106,0.002014785711960121,0.002012758753362413
2025-03-06,SPY,893.11095193043,-0.028307164040105137,-0.028715536851073663
2025-03-07,SPY,898.9421839916613,0.006529123899586375,0.006507901495853775
2025-03-10,SPY,878.9378764411958,-0.02225316367025787,-0.02250450101552523
2025-03-11,SPY,875.0160204104031,-0.004462040078045404,-0.0044720246911072155
2025-03-12,SPY,877.455354599515,0.002787759460641359,0.0027838808659567255
2025-03-13,SPY,861.3382359643874,-0.01836802129093351,-0.018538807969120927
2025-03-14,SPY,884.748264212707,0.02717867066717261,0.026815889200563842
2025-03-17,SPY,886.1053679523466,0.0015338868631149527,0.0015327116602591952
2025-03-18,SPY,868.8647129937453,-0.01945666461590423,-0.0196484370923225
2025-03-19,SPY,881.197338431135,0.01419395361896636,0.014094162636465386
2025-03-20,SPY,878.2467485136585,-0.0033483872326823816,-0.0033540056264234276
2025-03-21,SPY,886.9287312847446,0.009885584872109554,0.00983704213140114
2025-03-24,SPY,905.0489045886789,0.02043024728456655,0.02022434942220263
2025-03-25,SPY,907.5725269622999,0.0027883823303094246,0.0027845020038483135
2025-03-26,SPY,893.4552852508205,-0.015554946069963882,-0.015677193603131946
2025-03-27,SPY,894.1987496484071,0.0008321226701097917,0.0008317766479826689
2025-03-28,SPY,874.1639701372187,-0.02240528687729204,-0.02266009859629948
2025-03-31,SPY,882.6495429562347,0.009707072252913784,0.009660261314704384
2025-04-01,SPY,890.9595687757319,0.00941486446779849,0.00937082085859219
2025-04-02,SPY,889.7983789298451,-0.001303302514032656,-0.0013041525514050317
2025-04-03,SPY,849.3087774677406,-0.04550424278228182,-0.04657208085741542
2025-04-04,SPY,792.1511633554655,-0.06729897962751963,-0.06967057925133249
2025-04-07,SPY,835.0873846770264,0.054202055501235025,0.05278413525800863
2025-04-08,SPY,820.6492249380171,-0.017289399892675084,-0.017440606954393766
2025-04-09,SPY,913.2782826434486,0.11287289976107351,0.10694486969084384
2025-04-10,SPY,847.8703935449885,-0.07161879390051795,-0.07431284810915582
2025-04-11,SPY,850.5488484610032,0.0031590381459316585,0.0031540588686565416
2025-04-14,SPY,848.180626547095,-0.0027843455648588478,-0.002788229065317749
2025-04-15,SPY,843.3159423917095,-0.00573543417890765,-0.0057519449427169056
2025-04-16,SPY,822.2309652112745,-0.025002464818388748,-0.025320336006345576
2025-04-17,SPY,818.8691066111423,-0.004088703469430022,-0.004097085071853189
2025-04-18,SPY,818.8691066111423,0.0,0.0
2025-04-21,SPY,799.3777892680373,-0.02380272645010273,-0.024090588454627856
2025-04-22,SPY,813.9191909486835,0.018190900317559766,0.018027425417641955
2025-04-23,SPY,832.4664674528176,0.02278761418872044,0.022531854651677397
2025-04-24,SPY,851.4459549025123,0.02279910145542341,0.022543085920061413
2025-04-25,SPY,852.4829664805293,0.0012179417519644353,0.0012172006625836118
2025-04-28,SPY,855.4019471529464,0.0034240926648283487,0.0034182438070908534
2025-04-29,SPY,854.8005282145459,-0.0007030834339367686,-0.0007033307130063118
2025-04-30,SPY,860.7473317263939,0.006956948803329865,0.006932860889397134
2025-05-01,SPY,863.3094274337054,0.0029765944230959462,0.0029721731373263515
2025-05-02,SPY,879.7317244437727,0.019022492385939227,0.018843826995941712
2025-05-05,SPY,866.7095393577038,-0.014802450251867882,-0.014913099799208173
2025-05-06,SPY,857.3602098092306,-0.010787154316314274,-0.010845757487443783
2025-05-07,SPY,854.9744952448527,-0.002782628044878277,-0.0027865067512988324
2025-05-08,SPY,870.5500713871443,0.018217591552635692,0.018053639446098436
2025-05-09,SPY,875.1809118124729,0.005319441784606083,0.005305343528623992
2025-05-12,SPY,900.1155857694248,0.028490879566046345,0.028092562367177627
2025-05-13,SPY,913.0470482539531,0.014366446586384196,0.014264227050437096
2025-05-14,SPY,899.971449006116,-0.01432083841992804,-0.014424371266613575
2025-05-15,SPY,910.5309878650587,0.011733193170299083,0.011664892992966155
2025-05-16,SPY,919.5911027666589,0.009950364152727653,0.009901185242302385
2025-05-19,SPY,919.990891571586,0.00043474627334294524,0.0004346517985625665
2025-05-20,SPY,910.3903271518357,-0.01043549942472799,-0.010490331046007
2025-05-21,SPY,899.2030208104115,-0.012288472326396183,-0.01236459990643421
2025-05-22,SPY,898.5647203258995,-0.0007098513569679943,-0.0007101034207347524
2025-05-23,SPY,895.6750946055545,-0.003215823696368858,-0.003221005569701545
2025-05-26,SPY,883.0848691428982,-0.014056688121043326,-0.014156419055659366
2025-05-27,SPY,904.2518652037688,0.02396937916218045,0.023686623008274427
2025-05-28,SPY,903.7457868447091,-0.0005596652642189115,-0.0005598219352811928
2025-05-29,SPY,910.4075915156136,0.007371325839496512,0.007344290393940431
2025-05-30,SPY,906.4561517860566,-0.004340297429834439,-0.004349743864189918
2025-06-02,SPY,911.9558037689931,0.006067201344599038,0.006048869987841591
2025-06-03,SPY,909.3677815344272,-0.002837881204187709,-0.0028419156236622
2025-06-04,SPY,913.6666894302034,0.004727358922395952,0.004716220052368398
2025-06-05,SPY,905.8058416225977,-0.008603627448110274,-0.00864085231713474
2025-06-06,SPY,912.3218624520814,0.007193617583445278,0.007167866936268002
2025-06-09,SPY,914.5887518684176,0.002484747444551516,0.002481665563694621
2025-06-10,SPY,917.2505243554042,0.0029103490301503054,0.0029061221635305104
2025-06-11,SPY,913.3594251235845,-0.004242133559481109,-0.0042511569360032765
2025-06-12,SPY,919.4828589150857,0.0067042980266751595,0.006681924165677383
2025-06-13,SPY,906.6266125344409,-0.013982040291446007,-0.014080709830829732
2025-06-16,SPY,919.1952006745123,0.013863025821552188,0.01376781302823834
2025-06-17,SPY,909.8004219052382,-0.010220656898970115,-0.010273246452758605
2025-06-18,SPY,914.043879042787,0.004664162639826497,0.004653319137427581
2025-06-19,SPY,910.1656593512162,-0.004242925072297621,-0.004251951821143297
2025-06-20,SPY,910.6338612383406,0.0005144139226898048,0.0005142816572054034
2025-06-23,SPY,925.6317323939802,0.016469705107653887,0.016335550501614445
2025-06-24,SPY,931.3650153608687,0.006193913590300637,0.006174810150307215
2025-06-25,SPY,929.2761441441835,-0.002242806184722168,-0.0022453250414229556
2025-06-26,SPY,932.6535705808783,0.003634470181955729,0.003627881454733237
2025-06-27,SPY,933.9674047541484,0.001408705455823167,0.0014077141611448097
2025-06-30,SPY,940.3127759819763,0.006793996445195072,0.006771021254883289
2025-07-01,SPY,933.5969162363908,-0.0071421551606294376,-0.0071677824464029295
2025-07-02,SPY,937.1135145375665,0.003766720133729917,0.0037596438075738537
2025-07-03,SPY,944.5284754077875,0.00791255355428322,0.007881413459661162
2025-07-04,SPY,945.3330611792626,0.0008518385548172969,0.0008514759462635801
2025-07-07,SPY,941.9413345843786,-0.0035878641445723503,-0.003594315965927537
2025-07-08,SPY,948.0375561981054,0.0064719758969031815,0.006451122587283557
2025-07-09,SPY,951.0296453451156,0.0031560871480758035,0.0031511171594318507
2025-07-10,SPY,952.0503940668132,0.0010733090463517225,0.0010727334620136675
2025-07-11,SPY,940.3450721312547,-0.012294855407346206,-0.012371062422458964
2025-07-14,SPY,944.4193411293527,0.004332738181807905,0.004323378896216024
2025-07-15,SPY,945.1777390385396,0.0008030308954494192,0.0008027086386498002
2025-07-16,SPY,952.0802738950588,0.007302896134160575,0.007276359107962874
2025-07-17,SPY,957.0243120332016,0.005192879501553227,0.005179442998813691
2025-07-18,SPY,960.268959343266,0.00339034993078835,0.003384615651615217
2025-07-21,SPY,960.0329243939923,-0.0002458008737834527,-0.0002458310877694133
2025-07-22,SPY,957.8193092051151,-0.0023057700758278843,-0.0023084324569957377
2025-07-23,SPY,962.0456816477235,0.00441249450913217,0.004402787998045561
2025-07-24,SPY,955.1818050669681,-0.0071346680429972276,-0.007160241498379827
2025-07-25,SPY,960.2088777027384,0.005262948486982388,0.005249147574743256
2025-07-28,SPY,963.5016023485514,0.003429175382850813,0.0034233091679753786
2025-07-29,SPY,968.1734851557994,0.004848858368123432,0.004837140517917438
2025-07-30,SPY,968.5566138278227,0.00039572316108382743,0.0003956448833239192
2025-07-31,SPY,974.815620584428,0.006462200213438241,0.006441409717800752
2025-08-01,SPY,961.5270056959489,-0.013631926497558733,-0.013725694340282434
2025-08-04,SPY,970.104737900765,0.008920947777860455,0.00888139120392244
2025-08-05,SPY,964.3372064107825,-0.005945266799194271,-0.005963010259206889
2025-08-06,SPY,971.9943123869016,0.007940278488909991,0.007908920363129327
2025-08-07,SPY,967.1127191589185,-0.005022244642559182,-0.005034898498135464
2025-08-08,SPY,970.8463035601453,0.0038605473046346983,0.0038531145155034307
2025-08-11,SPY,970.1151689049439,-0.0007530900128273066,-0.0007533737275617817
2025-08-12,SPY,980.9415973310242,0.011159941389537353,0.01109812870244268
2025-08-13,SPY,981.978240546232,0.0010567838269150975,0.0010562258239777346
2025-08-14,SPY,978.7862248776946,-0.0032505971484274587,-0.003255891816339902
2025-08-15,SPY,984.6389770607784,0.005979602117730076,0.005961795247061635
2025-08-18,SPY,982.0899922974058,-0.002588750621046354,-0.0025921072301360185
2025-08-19,SPY,979.4930296989769,-0.002644322433582591,-0.002647824829821423
2025-08-20,SPY,982.9750701349694,0.0035549415160847087,0.003548637646999758
2025-08-21,SPY,981.8454382852069,-0.0011491968454575563,-0.0011498576784856969
2025-08-22,SPY,998.5687098801645,0.017032488967066772,0.016889062443151897
2025-08-25,SPY,985.067033961197,-0.013521028433374216,-0.013613269948763081
2025-08-26,SPY,989.7714820319816,0.004775764398354587,0.004764396614431169
2025-08-27,SPY,989.7815152175026,1.0136870685073518e-05,1.013681930734708e-05
2025-08-28,SPY,990.907173567306,0.0011372796243380723,0.0011366334117692907
2025-08-29,SPY,981.831206742856,-0.009159250297660182,-0.009201454131986787
2025-09-01,SPY,980.1508253725988,-0.0017114768391114366,-0.0017129430888039253
2025-09-02,SPY,970.9287309696083,-0.009408852356457276,-0.0094533952261538
2025-09-03,SPY,981.9565131955314,0.011357972912090508,0.011293955420995507
2025-09-04,SPY,986.2143990963086,0.004336124709760192,0.004326750808844187
2025-09-05,SPY,986.7355103800219,0.0005283955336596868,0.000528255981896546
2025-09-08,SPY,984.2545563142121,-0.0025143050388997112,-0.0025174712120776227
2025-09-09,SPY,980.0127102547413,-0.00430970426528221,-0.004319017809422372
2025-09-10,SPY,984.8445105255814,0.004930344494801675,0.004918230148665748
2025-09-11,SPY,987.8356971467292,0.0030372171334451803,0.0030326141073919064
2025-09-12,SPY,980.2952022007958,-0.007633349318832527,-0.0076626324438061584
2025-09-15,SPY,988.3307596781597,0.008197079266861529,0.008163665684277637
2025-09-16,SPY,983.4197668132474,-0.0049689770522891585,-0.0049813634676738276
2025-09-17,SPY,979.8489201808843,-0.003631050292932758,-0.003637658557524826
2025-09-18,SPY,989.8280933408387,0.010184399813506051,0.010132888261328646
2025-09-19,SPY,999.9311843213509,0.010206914764777641,0.010155175974713736
2025-09-22,SPY,1009.0214738515351,0.009090915127678345,0.009049841502301835
2025-09-23,SPY,1001.6000056007761,-0.007355114279610553,-0.007382296500219123
2025-09-24,SPY,999.0486446375144,-0.002547285292526902,-0.002550535143746244
2025-09-25,SPY,996.0818717592556,-0.002969598021260733,-0.002974016026098178
2025-09-26,SPY,1009.3902232352266,0.01336070041357762,0.013272233372421706
2025-09-29,SPY,1009.6502659001053,0.0002576235224918122,0.00025759034325052135
2025-09-30,SPY,1009.1453106959816,-0.0005001288279496974,-0.0005002539340864999
2025-10-01,SPY,1008.1846209049472,-0.0009519836051874453,-0.0009524370293708182
2025-10-02,SPY,1008.6138806251402,0.00042577491393158695,0.0004256842975134729
2025-10-03,SPY,1011.2598199736385,0.0026233421920174305,0.00261990723595455
2025-10-06,SPY,1015.6545382310869,0.004345785495129206,0.004336369838437681
2025-10-07,SPY,1008.3104408979707,-0.007230900918246297,-0.007257170594511657
2025-10-08,SPY,1019.8712494046194,0.011465524939276772,0.011400293939805333
2025-10-09,SPY,1016.2996888381895,-0.0035019720072656524,-0.003508118264778752
2025-10-10,SPY,992.3290419439727,-0.023586199186599655,-0.023868806178337927
2025-10-13,SPY,1017.3064599635254,0.025170499868291563,0.024858940092104247
2025-10-14,SPY,1014.0041829698748,-0.0032460985195837955,-0.0032513785267618057
2025-10-15,SPY,1021.6907034135365,0.0075803636442099975,0.007551777061292722
2025-10-16,SPY,1012.1288931569943,-0.009358811061503824,-0.009402879903907018
2025-10-17,SPY,1021.8944014764857,0.009648482901254862,0.009602233542897859
2025-10-20,SPY,1029.457038126202,0.007400604836262259,0.007373354722584307
2025-10-21,SPY,1027.133209410109,-0.0022573343325941186,-0.002259885952367819
2025-10-22,SPY,1025.6350971467327,-0.0014585374610140978,-0.0014596021621736356
2025-10-23,SPY,1032.0198473261553,0.006225167408159704,0.006205871093981108
2025-10-24,SPY,1036.4936439438898,0.004334990871857292,0.004325621865540223
2025-10-27,SPY,1045.642611213807,0.008826843583048971,0.008788114734700047
2025-10-28,SPY,1044.485007357216,-0.0011070741036912635,-0.0011076873628841574
2025-10-29,SPY,1040.781261305703,-0.003546002121068592,-0.0035523040888613424
2025-10-30,SPY,1030.6333823941168,-0.009750251362957263,-0.009798096318019802
2025-10-31,SPY,1036.7730465979257,0.0059571757607412845,0.005939501945168354
2025-11-03,SPY,1040.876534381474,0.0039579421909292645,0.003950130144038086
2025-11-04,SPY,1029.265540296561,-0.011155015702042359,-0.011217699484682916
2025-11-05,SPY,1041.6670518048923,0.01204889411216259,0.011976884038255274
2025-11-06,SPY,1026.643019633244,-0.014423065552103487,-0.014528089025531937
2025-11-07,SPY,1031.776105211,0.004999873840850544,0.004987415979539198
2025-11-10,SPY,1044.8949770783656,0.012714843657561481,0.012634688755901844
2025-11-11,SPY,1042.0814449687969,-0.002692645836460672,-0.002696277527965254
2025-11-12,SPY,1043.5204667533617,0.0013809110521183499,0.0013799584713034936
2025-11-13,SPY,1025.1207661065782,-0.017632333272800338,-0.017789634664276313
2025-11-14,SPY,1026.1147666752295,0.000969642408500393,0.0009691726089673855
2025-11-17,SPY,1015.9323949875397,-0.00992322888080266,-0.009972792275034616
2025-11-18,SPY,1013.6541246207416,-0.002242541312826307,-0.002245059574170657
2025-11-19,SPY,1015.0191072909365,0.0013465960795113752,0.0013456902321265325
2025-11-20,SPY,1002.4756324355694,-0.012357870669888471,-0.012434864128007683
2025-11-21,SPY,1018.8208028597292,0.01630480571826798,0.016173309791816665
2025-11-24,SPY,1031.7527235534508,0.01269302772128622,0.012613146491171479
2025-11-25,SPY,1040.9094787426293,0.008874951313568413,0.008835800404257597
2025-11-26,SPY,1047.3662742246452,0.006203032649693352,0.006183873033661133
2025-11-27,SPY,1038.6086457095298,-0.008361572002686946,-0.008396726045060794
2025-11-28,SPY,1042.5300390513148,0.0037756217011906124,0.003768511931822349
2025-12-01,SPY,1035.3150969849885,-0.0069206083240458405,-0.006944666797600855
2025-12-02,SPY,1038.3892250426288,0.002969268067849695,0.002964868498269756
2025-12-03,SPY,1037.2773373391828,-0.0010707812413984774,-0.0010713549372036448
2025-12-04,SPY,1033.1137567375117,-0.004013951189130838,-0.004022028713643662
2025-12-05,SPY,1034.8572897370323,0.0016876486138626134,0.0016862261351452898
2025-12-08,SPY,1027.2415457568786,-0.007359221465298771,-0.007386434127123072
2025-12-09,SPY,1027.6092972724582,0.0003579990675985911,0.00035793500122240296
2025-12-10,SPY,1032.2926303068234,0.004557503563656029,0.004547149591214999
2025-12-11,SPY,1029.4999198952573,-0.0027053476209899507,-0.0027090136873472127
2025-12-12,SPY,1019.8820345302083,-0.009342288599718973,-0.00938620148977939
2025-12-15,SPY,1021.0526475928054,0.0011477926102858582,0.001147134399958899
2025-12-16,SPY,1019.106168579412,-0.0019063453955898702,-0.0019081647845971218
2025-12-17,SPY,1009.0772338286479,-0.009840912615359798,-0.00988965443553254
2025-12-18,SPY,1021.7023634094221,0.012511559232063707,0.012433936458884142
2025-12-19,SPY,1029.0452814473028,0.0071869443595857785,0.007161241352219388
2025-12-22,SPY,1036.0204682585027,0.006778308920856846,0.006755439470909863
2025-12-23,SPY,1033.2210483006493,-0.002702089431262933,-0.002705746664510022
2025-12-24,SPY,1030.1256346150622,-0.00299588717310606,-0.003000383826305902
2025-12-25,SPY,1030.1256346150622,0.0,0.0
2025-12-26,SPY,1029.4523777995564,-0.0006535676745461627,-0.0006537813430017045
2025-12-29,SPY,1024.4858236635046,-0.004824462251151296,-0.004836137535606479
2025-12-30,SPY,1026.076963373518,0.0015531105196981976,0.0015519056908818813
2025-12-31,SPY,1018.0949306542825,-0.007779175446052666,-0.007809591073045025
2026-01-01,SPY,1018.0949306542825,0.0,0.0
2026-01-02,SPY,1022.969886439394,0.0047883116184250785,0.0047768841187813904
2026-01-05,SPY,1028.919866336655,0.005816378347138773,0.0057995285236618465
2026-01-06,SPY,1030.491103538734,0.0015270744141360204,0.0015259096216686029
2026-01-07,SPY,1023.5711697906227,-0.006715180484671901,-0.006737828757578857
2026-01-08,SPY,1025.7357824822247,0.002114765201959301,0.002112532233611259
2026-01-09,SPY,1035.7606952294009,0.009773386985600041,0.00972593635741819
2026-01-12,SPY,1039.7556623276614,0.0038570367814312334,0.003849617486607241
2026-01-13,SPY,1034.2723611286492,-0.00527364398933583,-0.005287598732987567
2026-01-14,SPY,1032.916586249703,-0.001310848989009794,-0.0013117089031062844
2026-01-15,SPY,1035.8533966894902,0.002843221300618426,0.0028391869920818343
2026-01-16,SPY,1031.6800412717275,-0.00402890547166268,-0.004037043376566635
2026-01-19,SPY,1034.2425761172417,0.0024838464863150556,0.002480766838159281
2026-01-20,SPY,1009.8245988959243,-0.023609526222549748,-0.023892696986295207
2026-01-21,SPY,1018.1679308929743,0.008262159593034335,0.008228214795850255
2026-01-22,SPY,1019.9866372950491,0.0017862538652928528,0.0017846604111174803
2026-01-23,SPY,1007.5715022356017,-0.012171860498458864,-0.012246544237889219
2026-01-26,SPY,1001.9237988318782,-0.005605263141317818,-0.005621031580533315
2026-01-27,SPY,1005.8106686852116,0.0038794066553413664,0.0038719011623199427
2026-01-28,SPY,994.0535284849466,-0.011689218027120196,-0.011758074044128519
2026-01-29,SPY,985.8803416746086,-0.008222079169916352,-0.008256066890886683
2026-01-30,SPY,981.8936129225185,-0.004043826196309275,-0.00405202457079404
2026-02-02,SPY,1001.1261180594447,0.019587157797760213,0.01939779810680216
2026-02-03,SPY,991.3449082555599,-0.009770207396890718,-0.009818249047213493
2026-02-04,SPY,977.127709272303,-0.014341324462214033,-0.014445155164635523
2026-02-05,SPY,968.803496625289,-0.008519063135783322,-0.00855555776867564
2026-02-06,SPY,998.5253558776894,0.030678934743663788,0.030217745036351672
2026-02-09,SPY,986.6074287992524,-0.011935527734257101,-0.012007328033606353
2026-02-10,SPY,977.074137455973,-0.009662699737505442,-0.0097096865452128
2026-02-11,SPY,978.0633506024387,0.0010124238361701732,0.0010119116808078661
2026-02-12,SPY,956.1284172274172,-0.02242690451647189,-0.022682211930086557
2026-02-13,SPY,961.9587678015232,0.0060978739561081685,0.006079357159980708
2026-02-16,SPY,964.231103092432,0.002362196142878359,0.002359410543461997
2026-02-17,SPY,965.433809584094,0.0012473218171502598,0.0012465445575539215
2026-02-18,SPY,968.8979917131292,0.0035882129822317754,0.0035817907044441637
2026-02-19,SPY,971.7493923232541,0.0029429316961255836,0.0029386097500267135
2026-02-20,SPY,977.069122772984,0.005474385157073769,0.005459455174182415
2026-02-23,SPY,959.5720741239784,-0.017907687635597247,-0.01806997060141008
2026-02-24,SPY,973.486927705264,0.014501103102639634,0.014396967619405041
2026-02-25,SPY,981.6598336391326,0.008395496335152686,0.00836045017246035
2026-02-26,SPY,968.0501850354485,-0.01386391511327445,-0.013960916776492478
2026-02-27,SPY,965.9384225796384,-0.002181459689233778,-0.002183842538445356
2026-03-02,SPY,972.4700792256044,0.006761980363636955,0.006739220716999505
2026-03-03,SPY,957.4290787494974,-0.015466800261951907,-0.015587659035742336
2026-03-04,SPY,973.0990530903364,0.016366720719727557,0.016234229621384235
2026-03-05,SPY,962.8463890572893,-0.010536094964317289,-0.010591992587994703
2026-03-06,SPY,958.9947937703109,-0.004000217823685759,-0.004008240096042411
2026-03-09,SPY,973.658651904203,0.015290863129966192,0.015175136102006147
2026-03-10,SPY,958.0133378172177,-0.016068582204232906,-0.01619908172088294
2026-03-11,SPY,949.768210092785,-0.008606485315975632,-0.00864373499056752
2026-03-12,SPY,934.2690636221305,-0.016318872653297567,-0.01645349202237503
2026-03-13,SPY,936.0594528422371,0.0019163528899965865,0.0019145190283074184
2024-03-14,VAS.AX,90.30012512207031,-0.0019650695894687376,-0.0019670028718192126
2024-03-15,VAS.AX,89.7386703491211,-0.006217652214658975,-0.006237062312843355
2024-03-18,VAS.AX,89.87904357910156,0.0015642445941572714,0.0015630224379169601
2024-03-19,VAS.AX,90.15975952148438,0.0031232635685065624,0.0031183963126958803
2024-03-20,VAS.AX,90.09425354003906,-0.0007265545271303298,-0.000726818595785375
2024-03-21,VAS.AX,91.11422729492188,0.011321185478600171,0.011257580464204374
2024-03-22,VAS.AX,90.92707824707031,-0.0020540046643406917,-0.0020561170249492697
2024-03-25,VAS.AX,91.48853302001953,0.006174780755888953,0.006155794912725738
2024-03-26,VAS.AX,91.12358093261719,-0.003989047319432726,-0.003997024790765501
2024-03-27,VAS.AX,91.54467010498047,0.00462107796964939,0.004610433568656229
2024-03-28,VAS.AX,92.48977661132812,0.010323992705024043,0.010271064269166052
2024-03-29,VAS.AX,92.48977661132812,0.0,0.0
2024-04-01,VAS.AX,92.48977661132812,0.0,0.0
2024-04-02,VAS.AX,92.31792449951172,-0.0018580660275414607,-0.0018597943734752146
2024-04-03,VAS.AX,91.09092712402344,-0.013290998277314725,-0.013380114101255966
2024-04-04,VAS.AX,91.5722885131836,0.005284405421681182,0.005270491946123412
2024-04-05,VAS.AX,90.99655151367188,-0.006287240483553336,-0.006307088416220555
2024-04-08,VAS.AX,91.20419311523438,0.002281862313554761,0.0022792628194531197
2024-04-09,VAS.AX,91.64778900146484,0.004863766358526922,0.004851976460350542
2024-04-10,VAS.AX,91.86487579345703,0.0023687073562539407,0.0023659063912231503
2024-04-11,VAS.AX,91.47789764404297,-0.00421247126359936,-0.004221368716306373
2024-04-12,VAS.AX,91.17587280273438,-0.003301615462172336,-0.0033070778208881615
2024-04-15,VAS.AX,90.77945709228516,-0.004347813717197946,-0.004357292945180814
2024-04-16,VAS.AX,89.13716125488281,-0.018091051544104397,-0.018256695439828288
2024-04-17,VAS.AX,89.05220794677734,-0.0009530627508155254,-0.0009535172038901643
2024-04-18,VAS.AX,89.4486312866211,0.0044515835034733,0.004441704512879889
2024-04-19,VAS.AX,88.59915924072266,-0.009496758459908272,-0.00954214021880901
2024-04-22,VAS.AX,89.55244445800781,0.010759528932944962,0.010702057080695042
2024-04-23,VAS.AX,89.95829772949219,0.004532017790700005,0.004521779120973124
2024-04-24,VAS.AX,89.98661041259766,0.00031473120123504117,0.00031468168376004953
2024-04-25,VAS.AX,89.98661041259766,0.0,0.0
2024-04-26,VAS.AX,88.72186279296875,-0.014054842312983151,-0.014154546933489514
2024-04-29,VAS.AX,89.46752166748047,0.008404454674849404,0.008369333889154503
2024-04-30,VAS.AX,89.75066375732422,0.0031647472129170406,0.0031597499410817
2024-05-01,VAS.AX,88.69354248046875,-0.011778422939732303,-0.011848338099017364
2024-05-02,VAS.AX,88.89175415039062,0.0022347925720243023,0.0022322991372862614
2024-05-03,VAS.AX,89.3919906616211,0.0056274793540933565,0.0056117042472073895
2024-05-06,VAS.AX,89.95829772949219,0.006335098521463189,0.006315116134016753
2024-05-07,VAS.AX,91.3552017211914,0.01552835065754321,0.015409019578238065
2024-05-08,VAS.AX,91.45902252197266,0.0011364519898724446,0.0011358067171445146
2024-05-09,VAS.AX,90.6189956665039,-0.009184734674667405,-0.009227174415240158
2024-05-10,VAS.AX,90.94935607910156,0.00364559781498186,0.003638968729701647
2024-05-13,VAS.AX,91.08148956298828,0.001452824842121947,0.001451770513157675
2024-05-14,VAS.AX,90.79832458496094,-0.0031089190502480157,-0.003113761778783878
2024-05-15,VAS.AX,91.16643524169922,0.004054156928785968,0.004045960978894624
2024-05-16,VAS.AX,92.61996459960938,0.015943689736870548,0.015817924133019787
2024-05-17,VAS.AX,91.7799301147461,-0.009069691275468528,-0.009111071318218467
2024-05-20,VAS.AX,92.42174530029297,0.006992979671530231,0.006968642184348687
2024-05-21,VAS.AX,92.28961181640625,-0.0014296796003732126,-0.001430702567379366
2024-05-22,VAS.AX,92.23297882080078,-0.000613644314791717,-0.0006138326715242222
2024-05-23,VAS.AX,91.8365707397461,-0.004297899581286124,-0.004307162100804596
2024-05-24,VAS.AX,90.84552764892578,-0.010791377365655497,-0.010850026597346659
2024-05-27,VAS.AX,91.5722885131836,0.007999963047893743,0.00796813299034063
2024-05-28,VAS.AX,91.31743621826172,-0.0027830722488189075,-0.0027869521948420926
2024-05-29,VAS.AX,90.0715560913086,-0.013643398003151286,-0.013737324453430158
2024-05-30,VAS.AX,89.66571807861328,-0.004505728892747252,-0.0045159102837440315
2024-05-31,VAS.AX,90.51517486572266,0.009473595988654493,0.009429002894918548
2024-06-03,VAS.AX,91.22306823730469,0.007820714842921905,0.007790291570803431
2024-06-04,VAS.AX,90.87384033203125,-0.0038282850162961735,-0.003835631655392031
2024-06-05,VAS.AX,91.21363067626953,0.003739143663311406,0.0037321704428205506
2024-06-06,VAS.AX,91.87431335449219,0.00724324504270113,0.007217138730471763
2024-06-07,VAS.AX,92.28018188476562,0.004417649672193047,0.004407920500737061
2024-06-10,VAS.AX,92.28018188476562,0.0,0.0
2024-06-11,VAS.AX,91.08148956298828,-0.012989704802209956,-0.01307480880488966
2024-06-12,VAS.AX,90.6189956665039,-0.005077803390166724,-0.00509073924285939
2024-06-13,VAS.AX,91.04373168945312,0.004687052861547247,0.004676102831532575
2024-06-14,VAS.AX,90.73226928710938,-0.003421019729355268,-0.003426884797512541
2024-06-17,VAS.AX,90.43966674804688,-0.003224900483163262,-0.003230111681473146
2024-06-18,VAS.AX,91.29857635498047,0.009497045243724855,0.009452231816223816
2024-06-19,VAS.AX,91.19474792480469,-0.001137240407474538,-0.0011378875560355895
2024-06-20,VAS.AX,91.20419311523438,0.00010357164907648375,0.00010356628590354946
2024-06-21,VAS.AX,91.55341339111328,0.003828993645474954,0.0038216817082702866
2024-06-24,VAS.AX,90.84552764892578,-0.007731942654758628,-0.007761989101843498
2024-06-25,VAS.AX,92.05364227294922,0.01329855916179179,0.013210909544539238
2024-06-26,VAS.AX,91.3552017211914,-0.007587321202205732,-0.007616251351508982
2024-06-27,VAS.AX,91.23250579833984,-0.0013430644401182246,-0.0013439671595274667
2024-06-28,VAS.AX,91.33631134033203,0.0011378131191708274,0.0011371663004164985
2024-07-01,VAS.AX,91.17675018310547,-0.0017469630083046805,-0.0017484907276863022
2024-07-02,VAS.AX,90.7775650024414,-0.004378146620299561,-0.004387758770074612
2024-07-03,VAS.AX,91.01518249511719,0.002617579494111677,0.0026141595995050368
2024-07-04,VAS.AX,92.08918762207031,0.011800285375582753,0.011731204923082052
2024-07-05,VAS.AX,91.99414825439453,-0.0010320361177016402,-0.0010325690336663272
2024-07-08,VAS.AX,91.29080963134766,-0.007645471330436249,-0.0076748477733244716
2024-07-09,VAS.AX,92.01315307617188,0.00791255382377698,0.007881413727039278
2024-07-10,VAS.AX,91.89910125732422,-0.0012395164716639817,-0.0012402853075946128
2024-07-11,VAS.AX,92.77352142333984,0.009515002367293857,0.009470019846355407
2024-07-12,VAS.AX,93.59089660644531,0.008810436108980468,0.0087718506874067
2024-07-15,VAS.AX,94.29423522949219,0.007515032428895951,0.00748693525234983
2024-07-16,VAS.AX,94.06611633300781,-0.002419224207388493,-0.0024221552584720437
2024-07-17,VAS.AX,94.76945495605469,0.007477066668267085,0.0074492519674869565
2024-07-18,VAS.AX,94.455810546875,-0.0033095516833470118,-0.0033150403629109877
2024-07-19,VAS.AX,93.66693115234375,-0.008351835529903817,-0.008386907521787166
2024-07-22,VAS.AX,93.23922729492188,-0.004566220459665149,-0.00457667748918557
2024-07-23,VAS.AX,93.75247955322266,0.0055046815936958815,0.005489586205504741
2024-07-24,VAS.AX,93.5813980102539,-0.001824821527750986,-0.0018264885428671343
2024-07-25,VAS.AX,92.41233825683594,-0.012492437367625953,-0.012571123874287451
2024-07-26,VAS.AX,93.12518310546875,0.007713741066172952,0.007684142279695283
2024-07-29,VAS.AX,93.87602233886719,0.008062687324309259,0.008030357521333428
2024-07-30,VAS.AX,93.44833374023438,-0.004555887520340085,-0.0045662972048230045
2024-07-31,VAS.AX,95.10211944580078,0.017697326847619932,0.017542552551809733
2024-08-01,VAS.AX,95.34923553466797,0.002598428829002186,0.002595058749491289
2024-08-02,VAS.AX,93.30575561523438,-0.021431529135759075,-0.021664519260245395
2024-08-05,VAS.AX,89.89364624023438,-0.036569120013030476,-0.037254532168121725
2024-08-06,VAS.AX,90.32134246826172,0.004757802646967457,0.004746520076629396
2024-08-07,VAS.AX,90.52095031738281,0.0022099743390244786,0.002207535937610435
2024-08-08,VAS.AX,90.24530029296875,-0.003045151685301395,-0.0030497975937559137
2024-08-09,VAS.AX,91.40486145019531,0.012848992174242957,0.012767144237683803
2024-08-12,VAS.AX,91.83255767822266,0.004679140925785363,0.004668227775421462
2024-08-13,VAS.AX,91.97512817382812,0.0015525048981541723,0.0015513010082936405
2024-08-14,VAS.AX,92.29827880859375,0.0035134567483818824,0.0035072989783777953
2024-08-15,VAS.AX,92.51688385009766,0.0023684628177871314,0.00236566243059784
2024-08-16,VAS.AX,93.66693115234375,0.012430674860487878,0.01235404838083722
2024-08-19,VAS.AX,93.84751892089844,0.0019279778501655187,0.0019261216862491845
2024-08-20,VAS.AX,94.01859283447266,0.0018228922356318122,0.0018212327839421327
2024-08-21,VAS.AX,94.34175872802734,0.003437255162110908,0.0034313613025242083
2024-08-22,VAS.AX,94.63638305664062,0.0031229471719160795,0.0031180809011688315
2024-08-23,VAS.AX,94.56035614013672,-0.0008033582227926495,-0.000803681087938875
2024-08-26,VAS.AX,95.273193359375,0.007538436278538008,0.007510164263397484
2024-08-27,VAS.AX,95.14012908935547,-0.0013966601236677922,-0.0013976363625067597
2024-08-28,VAS.AX,95.17814636230469,0.00039959240452058786,0.0003995125887375252
2024-08-29,VAS.AX,94.96904754638672,-0.0021969204477045867,-0.002199337217714444
2024-08-30,VAS.AX,95.50131225585938,0.005604612484006122,0.00558896508131896
2024-09-02,VAS.AX,95.73892211914062,0.0024880272078844357,0.002484937192491168
2024-09-03,VAS.AX,95.78643798828125,0.0004963067067069726,0.0004961835872683958
2024-09-04,VAS.AX,94.03761291503906,-0.018257543656192143,-0.01842626944067157
2024-09-05,VAS.AX,94.48432922363281,0.0047504003424390095,0.004739152796896505
2024-09-06,VAS.AX,94.8454818725586,0.003822355007368161,0.0038150683706394558
2024-09-09,VAS.AX,94.55085754394531,-0.003106361239317179,-0.003111195994318232
2024-09-10,VAS.AX,94.91203308105469,0.003819907576634085,0.0038126302562605254
2024-09-11,VAS.AX,94.65538787841797,-0.0027040322950151463,-0.0027076947941752903
2024-09-12,VAS.AX,95.92901611328125,0.013455422490045832,0.013365702213000569
2024-09-13,VAS.AX,96.28067779541016,0.003665853110738082,0.003659150247370535
2024-09-16,VAS.AX,96.52779388427734,0.0025666218240827376,0.0025633336753765603
2024-09-17,VAS.AX,96.73688507080078,0.002166124160820626,0.002163781496272138
2024-09-18,VAS.AX,96.79391479492188,0.0005895344271149572,0.0005893607199621252
2024-09-19,VAS.AX,97.41170501708984,0.0063825316237791085,0.006362249523831874
2024-09-20,VAS.AX,97.56378936767578,0.0015612533479345547,0.0015600358589674217
2024-09-23,VAS.AX,96.95549774169922,-0.006234809348006909,-0.006254326939743147
2024-09-24,VAS.AX,96.94598388671875,-9.812599803071809e-05,-9.813081270142834e-05
2024-09-25,VAS.AX,96.69886016845703,-0.0025490867012137874,-0.0025523411544844036
2024-09-26,VAS.AX,97.64932250976562,0.009829095603121063,0.00978110426101845
2024-09-27,VAS.AX,97.8013916015625,0.0015572979708247114,0.0015560866397789275
2024-09-30,VAS.AX,98.44770812988281,0.00660845942717625,0.006586719285842913
2024-10-01,VAS.AX,97.72357177734375,-0.0073555430217197015,-0.00738272841923458
2024-10-02,VAS.AX,97.61796569824219,-0.0010806612691376394,-0.0010812456045439741
2024-10-03,VAS.AX,97.72357177734375,0.001081830361308933,0.0010812456045440242
2024-10-04,VAS.AX,97.06114196777344,-0.006778608246939766,-0.006801687367161476
2024-10-07,VAS.AX,97.76197814941406,0.007220563939720703,0.00719462047734629
2024-10-08,VAS.AX,97.37794494628906,-0.003928247058770262,-0.003935982886722301
2024-10-09,VAS.AX,97.50275421142578,0.0012816995183617674,0.0012808788426989706
2024-10-10,VAS.AX,97.88677978515625,0.003938612573935574,0.0039308765455910765
2024-10-11,VAS.AX,97.82917785644531,-0.0005884546292906911,-0.0005886278366691802
2024-10-14,VAS.AX,98.26119995117188,0.004416086327133639,0.00440636403040167
2024-10-15,VAS.AX,99.12525177001953,0.008793418147519327,0.008754981209857238
2024-10-16,VAS.AX,98.73162078857422,-0.003971046473189022,-0.003978952014022322
2024-10-17,VAS.AX,99.52847290039062,0.008070890616926008,0.008038495169261667
2024-10-18,VAS.AX,98.67401885986328,-0.008585021106296775,-0.00862208468016264
2024-10-21,VAS.AX,99.44207000732422,0.007783722162484574,0.007753585280856535
2024-10-22,VAS.AX,97.7427749633789,-0.01708829114096433,-0.01723598091662943
2024-10-23,VAS.AX,97.84838104248047,0.0010804489553435381,0.001079865690458472
2024-10-24,VAS.AX,97.76197814941406,-0.000883028335736058,-0.0008834184349195762
2024-10-25,VAS.AX,97.82917785644531,0.0006873808028775574,0.0006871446648984214
2024-10-28,VAS.AX,97.98278045654297,0.0015701103031147134,0.0015688789686515246
2024-10-29,VAS.AX,98.25160217285156,0.0027435608078894003,0.0027398041145119297
2024-10-30,VAS.AX,97.44515228271484,-0.008208007526614658,-0.008241878690906885
2024-10-31,VAS.AX,97.13793182373047,-0.0031527526181399645,-0.003157733013399899
2024-11-01,VAS.AX,96.70591735839844,-0.00444743322429364,-0.004457352476503038
2024-11-04,VAS.AX,97.2147445678711,0.005261593327189118,0.00524779950883798
2024-11-05,VAS.AX,96.86913299560547,-0.0035551353223413074,-0.003561469833741203
2024-11-06,VAS.AX,97.66597747802734,0.008225989618984464,0.00819234057157784
2024-11-07,VAS.AX,98.02118682861328,0.0036369814725485394,0.003630383648037229
2024-11-08,VAS.AX,98.8852310180664,0.008814871737514052,0.008776247567755436
2024-11-11,VAS.AX,98.53001403808594,-0.0035922146949889378,-0.003598682191265209
2024-11-12,VAS.AX,98.46281433105469,-0.0006820227083828012,-0.0006822553916730499
2024-11-13,VAS.AX,97.83879089355469,-0.006337655913448592,-0.006357824112581721
2024-11-14,VAS.AX,98.24199676513672,0.004121124841175883,0.0041126562649313235
2024-11-15,VAS.AX,98.90442657470703,0.006742837395232959,0.006720206142774766
2024-11-18,VAS.AX,99.12525177001953,0.0022327129630108633,0.002230224163251814
2024-11-19,VAS.AX,99.99889373779297,0.008813515750763168,0.008774903428508295
2024-11-20,VAS.AX,99.3652572631836,-0.006336434843677741,-0.006356595255487701
2024-11-21,VAS.AX,99.26925659179688,-0.0009661392123451185,-0.0009666062256580805
2024-11-22,VAS.AX,100.16210174560547,0.008994175885491451,0.008953969189789556
2024-11-25,VAS.AX,100.5173110961914,0.0035463448190025115,0.0035400713657255853
2024-11-26,VAS.AX,99.78768157958984,-0.007258744873341549,-0.007285217746255853
2024-11-27,VAS.AX,100.36370849609375,0.005772525299572839,0.005755928116547468
2024-11-28,VAS.AX,100.87254333496094,0.005069908699985914,0.005057099987300543
2024-11-29,VAS.AX,100.68053436279297,-0.001903481024864928,-0.0019052949470807817
2024-12-02,VAS.AX,100.87254333496094,0.0019071111747985814,0.001905294947080898
2024-12-03,VAS.AX,101.41976928710938,0.005424924702565503,0.005410262801122531
2024-12-04,VAS.AX,101.10294342041016,-0.0031239064033198316,-0.0031287959846464635
2024-12-05,VAS.AX,101.2181625366211,0.0011396217786838747,0.0011389729027199802
2024-12-06,VAS.AX,100.54612731933594,-0.006639472604948904,-0.0066616119533290325
2024-12-09,VAS.AX,100.55571746826172,9.538058979963182e-05,9.537604136039614e-05
2024-12-10,VAS.AX,100.19091033935547,-0.0036279103574731186,-0.0036345071842177686
2024-12-11,VAS.AX,99.73007202148438,-0.004599602062803854,-0.004610212781596643
2024-12-12,VAS.AX,99.50926971435547,-0.0022139992747758352,-0.0022164537947096346
2024-12-13,VAS.AX,99.0676498413086,-0.00443797722880046,-0.004447854283337368
2024-12-16,VAS.AX,98.43400573730469,-0.006396074854091216,-0.006416617382073498
2024-12-17,VAS.AX,99.25965881347656,0.008387884552573555,0.008352901734039743
2024-12-18,VAS.AX,99.2020492553711,-0.0005803924655204407,-0.0005805609584252862
2024-12-19,VAS.AX,97.5795669555664,-0.016355330479393748,-0.016490555355919895
2024-12-20,VAS.AX,96.32190704345703,-0.012888558038816278,-0.012972336134052501
2024-12-23,VAS.AX,98.02118682861328,0.017641675059336226,0.017487867029402474
2024-12-24,VAS.AX,98.19400024414062,0.0017630210479853137,0.0017614687505983389
2024-12-25,VAS.AX,98.19400024414062,0.0,0.0
2024-12-26,VAS.AX,98.19400024414062,0.0,0.0
2024-12-27,VAS.AX,98.70281982421875,0.005181778711663032,0.00516839949521106
2024-12-30,VAS.AX,98.51081848144531,-0.0019452467833783738,-0.0019471412330826256
2024-12-31,VAS.AX,97.66597747802734,-0.008576124089123227,-0.00861311066076409
2025-01-01,VAS.AX,97.66597747802734,0.0,0.0
2025-01-02,VAS.AX,98.16995239257812,0.005160189121786729,0.005146920970440073
2025-01-03,VAS.AX,98.75159454345703,0.005924849067390214,0.00590736617084867
2025-01-06,VAS.AX,98.80006408691406,0.000490822894365639,0.0004907024802085612
2025-01-07,VAS.AX,99.10057067871094,0.0030415627213815633,0.003036946527414518
2025-01-08,VAS.AX,99.87608337402344,0.00782551190170988,0.007795051392963029
2025-01-09,VAS.AX,99.57557678222656,-0.003008794314365737,-0.0030133298358978257
2025-01-10,VAS.AX,99.23628997802734,-0.0034073295396646053,-0.0034131477069956687
2025-01-13,VAS.AX,97.97608184814453,-0.012699065333476756,-0.012780387675701582
2025-01-14,VAS.AX,98.44139099121094,0.004749211586023705,0.00473796966015117
2025-01-15,VAS.AX,98.22811889648438,-0.002166488024794355,-0.0021688382550858858
2025-01-16,VAS.AX,99.54650115966797,0.01342163810113206,0.013332365816261196
2025-01-17,VAS.AX,99.35261535644531,-0.0019476907873604565,-0.0019495900035199282
2025-01-20,VAS.AX,99.83729553222656,0.004878383664510322,0.004866522909489294
2025-01-21,VAS.AX,100.4964828491211,0.0066026159200371914,0.006580914124913062
2025-01-22,VAS.AX,100.78730773925781,0.002893881277152177,0.0028897020635529815
2025-01-23,VAS.AX,100.22505950927734,-0.00557856185061556,-0.005594180138917547
2025-01-24,VAS.AX,100.57404327392578,0.003482001071958729,0.0034759529418901085
2025-01-27,VAS.AX,100.57404327392578,0.0,0.0
2025-01-28,VAS.AX,100.4480209350586,-0.0012530304516439328,-0.001253816150705453
2025-01-29,VAS.AX,100.95210266113281,0.005018334073501718,0.005005784203845831
2025-01-30,VAS.AX,101.5434341430664,0.005857544977726059,0.005840456260623305
2025-01-31,VAS.AX,101.98934936523438,0.0043913742521226595,0.004381760303566545
2025-02-03,VAS.AX,100.16690063476562,-0.017869010262457685,-0.01803058875200103
2025-02-04,VAS.AX,100.14749908447266,-0.0001936922293693799,-0.00019371099013182065
2025-02-05,VAS.AX,100.65159606933594,0.005033545415228824,0.0050209194766043285
2025-02-06,VAS.AX,101.83424377441406,0.01174991506606049,0.011681420826278648
2025-02-07,VAS.AX,101.7373046875,-0.0009519301496342392,-0.0009523835228817417
2025-02-10,VAS.AX,101.38832092285156,-0.0034302438591270468,-0.0034361406343734187
2025-02-11,VAS.AX,101.41740417480469,0.0002868501193076245,0.00028680898567808743
2025-02-12,VAS.AX,101.95056915283203,0.005257134930296337,0.005243364437599769
2025-02-13,VAS.AX,102.10567474365234,0.0015213803327356334,0.0015202242061341873
2025-02-14,VAS.AX,102.3189468383789,0.0020887388997918865,0.0020865605175498787
2025-02-17,VAS.AX,102.17353820800781,-0.001421131030607481,-0.0014221417950431893
2025-02-18,VAS.AX,101.48526763916016,-0.0067362898546828864,-0.006759081064981975
2025-02-19,VAS.AX,100.84547424316406,-0.006304298258057894,-0.006324254262937517
2025-02-20,VAS.AX,99.75006103515625,-0.010862294180564724,-0.010921719620878114
2025-02-21,VAS.AX,99.53680419921875,-0.0021379118340824066,-0.002140200430046956
2025-02-24,VAS.AX,99.70159149169922,0.0016555413226915228,0.0016541724247923905
2025-02-25,VAS.AX,99.04239654541016,-0.0066116792763929455,-0.0066336332497459495
2025-02-26,VAS.AX,98.94546508789062,-0.00097868651103461,-0.0009791657373784703
2025-02-27,VAS.AX,99.27506256103516,0.003331102368883343,0.0033255665375946084
2025-02-28,VAS.AX,98.06332397460938,-0.012205870791376139,-0.012280974192905709
2025-03-03,VAS.AX,99.01332092285156,0.009687586650521496,0.009640962855825153
2025-03-04,VAS.AX,98.37352752685547,-0.006461690104249795,-0.006482657194448631
2025-03-05,VAS.AX,97.85006713867188,-0.005321150937082075,-0.005335358684187171
2025-03-06,VAS.AX,97.64649200439453,-0.002080480271810514,-0.0020826474772984386
2025-03-07,VAS.AX,95.8822021484375,-0.018068133526779717,-0.018233355444904568
2025-03-10,VAS.AX,96.17301940917969,0.0030330682256543007,0.0030284777540236663
2025-03-11,VAS.AX,95.26179504394531,-0.009474844096944324,-0.009520015989804391
2025-03-12,VAS.AX,93.9822006225586,-0.013432398799502199,-0.013523429561663317
2025-03-13,VAS.AX,93.63321685791016,-0.0037132963724694212,-0.003720207772132712
2025-03-14,VAS.AX,94.09852600097656,0.004969487951829388,0.004957180803221516
2025-03-17,VAS.AX,94.91281127929688,0.008653539145893285,0.008616311886884952
2025-03-18,VAS.AX,95.00005340576172,0.0009191817762947974,0.0009187595874182682
2025-03-19,VAS.AX,94.61229705810547,-0.004081643470241758,-0.0040899961130384166
2025-03-20,VAS.AX,95.74647521972656,0.011987640051953852,0.011916357403292398
2025-03-21,VAS.AX,95.84342193603516,0.0010125356164403243,0.0010120233480172317
2025-03-24,VAS.AX,95.96944427490234,0.0013148772896620642,0.0013140135955369233
2025-03-25,VAS.AX,96.0179214477539,0.0005051313281829728,0.000505003792300056
2025-03-26,VAS.AX,96.68678283691406,0.006966005710966172,0.006941855183459939
2025-03-27,VAS.AX,96.38628387451172,-0.003107963193989094,-0.0031128029420373843
2025-03-28,VAS.AX,96.50260925292969,0.0012068665140094748,0.001206138836032767
2025-03-31,VAS.AX,94.86434173583984,-0.016976406438876768,-0.017122157534882713
2025-04-01,VAS.AX,95.7994155883789,0.009856958214530032,0.0098086952931574
2025-04-02,VAS.AX,95.86778259277344,0.0007136474056197439,0.0007133928803969478
2025-04-03,VAS.AX,94.9790267944336,-0.009270641025620585,-0.009313880866312246
2025-04-04,VAS.AX,92.66436767578125,-0.02437021305410969,-0.02467208118160475
2025-04-07,VAS.AX,88.7773208618164,-0.041947589040536526,-0.04285279378179075
2025-04-08,VAS.AX,90.80874633789062,0.022882257048916443,0.022624384596605675
2025-04-09,VAS.AX,89.080078125,-0.019036362493744963,-0.019219886865990656
2025-04-10,VAS.AX,93.17223358154297,0.04593794193580214,0.04491403494943283
2025-04-11,VAS.AX,92.46903991699219,-0.007547244898184813,-0.007575869466327346
2025-04-14,VAS.AX,93.68985748291016,0.01320244664607606,0.013116053913565122
2025-04-15,VAS.AX,93.81681823730469,0.001355117382024984,0.0013542000391101514
2025-04-16,VAS.AX,93.76799011230469,-0.0005204623852889112,-0.0005205978728489868
2025-04-17,VAS.AX,94.51023864746094,0.007915798709850375,0.00788463313415727
2025-04-18,VAS.AX,94.51023864746094,0.0,0.0
2025-04-21,VAS.AX,94.51023864746094,0.0,0.0
2025-04-22,VAS.AX,94.47117614746094,-0.00041331500754859807,-0.0004134004457390658
2025-04-23,VAS.AX,95.74081420898438,0.01343942261861586,0.013349914643685942
2025-04-24,VAS.AX,96.3268051147461,0.006120596640034837,0.006101941868609192
2025-04-25,VAS.AX,96.3268051147461,0.0,0.0
2025-04-28,VAS.AX,96.67839813232422,0.0036500018573157877,0.0036433567653598267
2025-04-29,VAS.AX,97.55738067626953,0.009091819485282038,0.00905073771213277
2025-04-30,VAS.AX,98.15313720703125,0.0061067294614916,0.0060881589541605325
2025-05-01,VAS.AX,98.48519134521484,0.003383021140559217,0.0033773115979190563
2025-05-02,VAS.AX,99.58881378173828,0.011205973420460369,0.011143651652165939
2025-05-05,VAS.AX,98.6023941040039,-0.009904924461659359,-0.009954304567339227
2025-05-06,VAS.AX,98.58287048339844,-0.00019800351485255163,-0.00019802312013648474
2025-05-07,VAS.AX,98.9539794921875,0.0037644370362655,0.003757369275040434
2025-05-08,VAS.AX,99.23721313476562,0.002862276424168364,0.002858187910783136
2025-05-09,VAS.AX,99.65716552734375,0.004231803567557035,0.0042228746682085715
2025-05-12,VAS.AX,99.82320404052734,0.001666097086998164,0.0016647106869509508
2025-05-13,VAS.AX,100.36036682128906,0.005381141448271176,0.005366714837906905
2025-05-14,VAS.AX,100.43849182128906,0.0007784447434227015,0.000778141912461343
2025-05-15,VAS.AX,100.61428833007812,0.0017502902084776117,0.001748760235574908
2025-05-16,VAS.AX,101.17098236083984,0.005532952028994176,0.005517701477767678
2025-05-19,VAS.AX,100.65335083007812,-0.005116403129461711,-0.00512953673699304
2025-05-20,VAS.AX,101.23934173583984,0.005821871809821744,0.005804990204142972
2025-05-21,VAS.AX,101.72766876220703,0.004823490729931379,0.00481189497159265
2025-05-22,VAS.AX,101.25887298583984,-0.004608340897529262,-0.0046189920357578825
2025-05-23,VAS.AX,101.4346694946289,0.0017361096722223746,0.0017346043758133258
2025-05-26,VAS.AX,101.50303649902344,0.00067400036629639,0.0006737733300587833
2025-05-27,VAS.AX,102.04019165039062,0.005292010661891444,0.005278057179804122
2025-05-28,VAS.AX,101.8741683959961,-0.0016270378535093721,-0.0016283629170785177
2025-05-29,VAS.AX,102.08902740478516,0.0021090627012911867,0.002106841750753269
2025-05-30,VAS.AX,102.32341766357422,0.0022959397767567946,0.0022933081343195078
2025-06-02,VAS.AX,102.13786315917969,-0.0018134119112851455,-0.0018150581331517453
2025-06-03,VAS.AX,102.74337768554688,0.005928404096564144,0.005910900254826557
2025-06-04,VAS.AX,103.65165710449219,0.008840272136323657,0.008801425704750818
2025-06-05,VAS.AX,103.67119598388672,0.00018850522934554803,0.00018848746446728263
2025-06-06,VAS.AX,103.35867309570312,-0.003014558530145317,-0.003019111464070672
2025-06-09,VAS.AX,103.35867309570312,0.0,0.0
2025-06-10,VAS.AX,104.19859313964844,0.008126265738411798,0.008093425433720342
2025-06-11,VAS.AX,104.26696014404297,0.0006561221445946508,0.0006559069905667413
2025-06-12,VAS.AX,103.95442962646484,-0.0029974070131743025,-0.003001908234487491
2025-06-13,VAS.AX,103.72002410888672,-0.0022548872464637215,-0.0022574333328560774
2025-06-16,VAS.AX,103.72002410888672,0.0,0.0
2025-06-17,VAS.AX,103.63214111328125,-0.0008473098262414824,-0.0008476689961120776
2025-06-18,VAS.AX,103.51493072509766,-0.0011310235118607848,-0.0011316636016362165
2025-06-19,VAS.AX,103.45634460449219,-0.0005659678289410275,-0.0005661280491885814
2025-06-20,VAS.AX,103.2219467163086,-0.002265669535103765,-0.002268240047680218
2025-06-23,VAS.AX,102.84104919433594,-0.0036900827206786113,-0.0036969078713416574
2025-06-24,VAS.AX,103.83722686767578,0.009686576334488661,0.00963996223290806
2025-06-25,VAS.AX,103.81769561767578,-0.00018809487299664696,-0.0001881125650558293
2025-06-26,VAS.AX,103.77863311767578,-0.00037626051866779253,-0.0003763313224177407
2025-06-27,VAS.AX,103.53447723388672,-0.002352660431672926,-0.002355432285567043
2025-06-30,VAS.AX,103.87629699707031,0.0033015066315678077,0.0032960686243394027
2025-07-01,VAS.AX,103.84696960449219,-0.0002823299773474508,-0.00028236983995862195
2025-07-02,VAS.AX,104.51517486572266,0.006434518636175612,0.006413905497633716
2025-07-03,VAS.AX,104.47586822509766,-0.00037608548878664827,-0.0003761562266703032
2025-07-04,VAS.AX,104.54464721679688,0.0006583241935931294,0.0006581075932781329
2025-07-07,VAS.AX,104.35794067382812,-0.0017859024631033948,-0.0017874990881348166
2025-07-08,VAS.AX,104.32846069335938,-0.0002824890974122418,-0.00028252900497313107
2025-07-09,VAS.AX,103.7978286743164,-0.005086167432323152,-0.005099146008074045
2025-07-10,VAS.AX,104.39724731445312,0.005774866852152449,0.005758256227323031
2025-07-11,VAS.AX,104.2891616821289,-0.0010353302898749028,-0.001035866614493507
2025-07-14,VAS.AX,104.1712417602539,-0.0011307015990253966,-0.0011313413243495124
2025-07-15,VAS.AX,104.94754028320312,0.007452138515693596,0.007424508514952122
2025-07-16,VAS.AX,104.0926284790039,-0.008146087101157606,-0.008179447764793039
2025-07-17,VAS.AX,105.08511352539062,0.009534633344251642,0.009489465605995175
2025-07-18,VAS.AX,106.49030303955078,0.013371917934128952,0.013283302933793439
2025-07-21,VAS.AX,105.4192123413086,-0.010058105458150335,-0.010109029957936725
2025-07-22,VAS.AX,105.58625793457031,0.0015845839629391456,0.0015833298344444804
2025-07-23,VAS.AX,106.27412414550781,0.006514732356210251,0.006493603204903336
2025-07-24,VAS.AX,105.94984436035156,-0.003051352224858195,-0.003056017091910142
2025-07-25,VAS.AX,105.45851135253906,-0.004637411322110152,-0.004648197473461074
2025-07-28,VAS.AX,105.86140441894531,0.003820394022625795,0.00381311485102715
2025-07-29,VAS.AX,105.86140441894531,0.0,0.0
2025-07-30,VAS.AX,106.52961730957031,0.006312148363161185,0.006292310191903924
2025-07-31,VAS.AX,106.31343078613281,-0.0020293560504330843,-0.002031417983492621
2025-08-01,VAS.AX,105.38973236083984,-0.00868844527415491,-0.008726409877004722
2025-08-04,VAS.AX,105.4192123413086,0.000279723458902259,0.0002796843435896726
2025-08-05,VAS.AX,106.72615051269531,0.012397533071631495,0.0123213129727374
2025-08-06,VAS.AX,107.58106231689453,0.008010331114655322,0.007978418718336853
2025-08-07,VAS.AX,107.45330810546875,-0.0011875158013355813,-0.001188221456931558
2025-08-08,VAS.AX,107.17816925048828,-0.002560543363731682,-0.002563827161626133
2025-08-11,VAS.AX,107.62035369873047,0.004125695105024141,0.004117207761094917
2025-08-12,VAS.AX,108.11167907714844,0.0045653574024981936,0.004554967767987352
2025-08-13,VAS.AX,107.49261474609375,-0.005726155918944875,-0.005742613204474748
2025-08-14,VAS.AX,108.10186004638672,0.0056677875194686145,0.005651786045285014
2025-08-15,VAS.AX,108.86833190917969,0.007090274510207939,0.007065256699713315
2025-08-18,VAS.AX,109.06486511230469,0.001805237571647078,0.0018036100886699425
2025-08-19,VAS.AX,108.46543884277344,-0.0054960529123107005,-0.00551121177925497
2025-08-20,VAS.AX,108.79954528808594,0.0030803032641282257,0.003075568849825073
2025-08-21,VAS.AX,109.97872924804688,0.010838133163503905,0.01077982154597152
2025-08-22,VAS.AX,109.4284439086914,-0.005003561535197876,-0.005016121262310139
2025-08-25,VAS.AX,109.53653717041016,0.0009877985819568558,0.00098731102997995
2025-08-26,VAS.AX,109.15330505371094,-0.003498669271450594,-0.003504803927721283
2025-08-27,VAS.AX,109.55618286132812,0.0036909354913159387,0.003684140703199396
2025-08-28,VAS.AX,109.80184936523438,0.0022423791838128704,0.0022398688037264724
2025-08-29,VAS.AX,109.6839370727539,-0.0010738643580424645,-0.0010744413634929141
2025-09-01,VAS.AX,109.2122573852539,-0.004300353361560427,-0.0043096264757384135
2025-09-02,VAS.AX,109.07469177246094,-0.0012596169705355598,-0.001260410954805865
2025-09-03,VAS.AX,107.1290283203125,-0.01783790007133146,-0.01799891303996753
2025-09-04,VAS.AX,108.40648651123047,0.011924482196351116,0.01185394574526737
2025-09-05,VAS.AX,108.9960708618164,0.005438644582627106,0.005423908560358889
2025-09-08,VAS.AX,108.67179870605469,-0.0029750811492353924,-0.002979515500377951
2025-09-09,VAS.AX,108.17064666748047,-0.004611610781650732,-0.004622277063779166
2025-09-10,VAS.AX,108.49492645263672,0.002997853809204809,0.0029933692060284157
2025-09-11,VAS.AX,108.24925994873047,-0.002264313290386899,-0.0022668807241071317
2025-09-12,VAS.AX,109.00589752197266,0.006989771325924599,0.006965456113758911
2025-09-15,VAS.AX,108.84867858886719,-0.0014422974965531132,-0.0014433386087701696
2025-09-16,VAS.AX,109.25157165527344,0.0037014052134525244,0.0036945718699667304
2025-09-17,VAS.AX,108.42613220214844,-0.007555401177472776,-0.007584087804945092
2025-09-18,VAS.AX,107.68914031982422,-0.0067971794931334095,-0.006820385534531332
2025-09-19,VAS.AX,107.94463348388672,0.0023725063019699455,0.0023696963524312375
2025-09-22,VAS.AX,108.45561981201172,0.004733781677078719,0.004722612566812218
2025-09-23,VAS.AX,108.88798522949219,0.003986565364062278,0.003978640068517827
2025-09-24,VAS.AX,107.83654022216797,-0.009656207754310087,-0.009703131241363095
2025-09-25,VAS.AX,108.02324676513672,0.0017313847660922477,0.001729887647298137
2025-09-26,VAS.AX,108.21977996826172,0.0018193602674458909,0.0018177072362237088
2025-09-29,VAS.AX,109.14347076416016,0.008535323174463372,0.008499103256822155
2025-09-30,VAS.AX,108.97642517089844,-0.0015305138465192547,-0.001531686279272192
2025-10-01,VAS.AX,108.93269348144531,-0.0004012949533308552,-0.0004013754936983223
2025-10-02,VAS.AX,110.21297454833984,0.011752955205432514,0.011684425654605497
2025-10-03,VAS.AX,110.71912384033203,0.004592465579179139,0.00458195238449932
2025-10-06,VAS.AX,110.59010314941406,-0.0011652972534720307,-0.001165976740237172
2025-10-07,VAS.AX,110.29236602783203,-0.0026922582862570765,-0.002695888931484262
2025-10-08,VAS.AX,110.14350128173828,-0.001349728466757072,-0.001350640170684895
2025-10-09,VAS.AX,110.44123077392578,0.002703105391810068,0.0026994585727763494
2025-10-10,VAS.AX,110.29236602783203,-0.001347909155399396,-0.0013488184020914703
2025-10-13,VAS.AX,109.4388427734375,-0.0077387337413646895,-0.007768833129316729
2025-10-14,VAS.AX,109.61748504638672,0.001632347970994541,0.0016310171391023288
2025-10-15,VAS.AX,110.72904968261719,0.010140395355358489,0.010089326495161397
2025-10-16,VAS.AX,111.75128173828125,0.00923183264548988,0.009189479742217614
2025-10-17,VAS.AX,110.88784790039062,-0.007726388677248175,-0.007756391862341649
2025-10-20,VAS.AX,111.16573333740234,0.0025060044204423537,0.0025028696274758244
2025-10-21,VAS.AX,111.9696273803711,0.007231491385288891,0.0072054695273789365
2025-10-22,VAS.AX,111.1359634399414,-0.0074454471264573385,-0.00747330281943621
2025-10-23,VAS.AX,111.3344497680664,0.0017859774818280716,0.0017843845204253885
2025-10-24,VAS.AX,111.3344497680664,0.0,0.0
2025-10-27,VAS.AX,111.55279541015625,0.0019611687356850815,0.001959248154925506
2025-10-28,VAS.AX,110.98709106445312,-0.005071180364625949,-0.005084082437413426
2025-10-29,VAS.AX,110.0541763305664,-0.008405614787623805,-0.008441141188508144
2025-10-30,VAS.AX,109.49839782714844,-0.00505004464118286,-0.005062839210228448
2025-10-31,VAS.AX,109.52816772460938,0.00027187518768934105,0.0002718382363277877
2025-11-03,VAS.AX,109.57779693603516,0.0004531182476326112,0.00045301562055973833
2025-11-04,VAS.AX,108.57540893554688,-0.009147729088525236,-0.009189826489344632
2025-11-05,VAS.AX,108.47616577148438,-0.0009140482641093461,-0.0009144662609561794
2025-11-06,VAS.AX,108.76396942138672,0.0026531510203691155,0.0026496376282019833
2025-11-07,VAS.AX,108.00970458984375,-0.00693487775000845,-0.006959035768099028
2025-11-10,VAS.AX,108.83345031738281,0.007626589950108231,0.007597654538862847
2025-11-11,VAS.AX,108.8532943725586,0.0001823341547833035,0.0001823175339316385
2025-11-12,VAS.AX,108.56548309326172,-0.002644029112355728,-0.0026475307309454374
2025-11-13,VAS.AX,108.02954864501953,-0.004936508667140571,-0.004948733474556937
2025-11-14,VAS.AX,106.60041046142578,-0.013229141485074924,-0.013317426061204105
2025-11-17,VAS.AX,106.73934936523438,0.0013033618089011156,0.0013025131702074717
2025-11-18,VAS.AX,104.61548614501953,-0.019897659418435576,-0.02009828360500344
2025-11-19,VAS.AX,104.28797149658203,-0.0031306516894018532,-0.0031355624312953342
2025-11-20,VAS.AX,105.65756225585938,0.013132777823013253,0.013047290539915025
2025-11-21,VAS.AX,103.99022674560547,-0.015780560091063878,-0.015906398754943016
2025-11-24,VAS.AX,105.24073028564453,0.01202520255194961,0.011953474262641716
2025-11-25,VAS.AX,105.47891998291016,0.00226328434456069,0.0022607269745253313
2025-11-26,VAS.AX,106.43168640136719,0.00903276615471027,0.008992214733909506
2025-11-27,VAS.AX,106.59048461914062,0.0014920201224153384,0.001490908166295686
2025-11-28,VAS.AX,106.5110855102539,-0.0007448986574216665,-0.0007451762322785663
2025-12-01,VAS.AX,105.895751953125,-0.005777178536685468,-0.005793930985023122
2025-12-02,VAS.AX,106.0843276977539,0.0017807677942773825,0.0017791841071494304
2025-12-03,VAS.AX,106.24311828613281,0.0014968336211860223,0.0014957144823784705
2025-12-04,VAS.AX,106.52101135253906,0.002615633566569686,0.002612218750401484
2025-12-05,VAS.AX,106.73934936523438,0.0020497177967331304,0.002047619991326948
2025-12-08,VAS.AX,106.63018035888672,-0.0010227625238197202,-0.0010232859023014819
2025-12-09,VAS.AX,106.14386749267578,-0.004560743164591319,-0.004571175083985674
2025-12-10,VAS.AX,106.09425354003906,-0.0004674217532175673,-0.00046753102881844647
2025-12-11,VAS.AX,106.27289581298828,0.001683807246749769,0.0016823912326347126
2025-12-12,VAS.AX,107.51347351074219,0.01167350986593041,0.011605900103107261
2025-12-15,VAS.AX,106.65995788574219,-0.007938685237573684,-0.007970364371059547
2025-12-16,VAS.AX,106.29273986816406,-0.0034428854544599208,-0.003448825823177973
2025-12-17,VAS.AX,106.1240234375,-0.001587280851667927,-0.0015885419165383714
2025-12-18,VAS.AX,106.1835708618164,0.0005611116351187384,0.0005609542708484025
2025-12-19,VAS.AX,106.68972778320312,0.004766810131535459,0.004755484868113695
2025-12-22,VAS.AX,107.73181915283203,0.009767494877730654,0.009720101261013537
2025-12-23,VAS.AX,108.92276763916016,0.011054751471694768,0.01099409433031711
2025-12-24,VAS.AX,108.55555725097656,-0.0033712913851040582,-0.003376986992543374
2025-12-25,VAS.AX,108.55555725097656,0.0,0.0
2025-12-26,VAS.AX,108.55555725097656,0.0,0.0
2025-12-29,VAS.AX,108.0990219116211,-0.004205545537387612,-0.004214413716441741
2025-12-30,VAS.AX,108.16849517822266,0.0006426817317399802,0.0006424753002775753
2025-12-31,VAS.AX,108.07917785644531,-0.0008257239932032423,-0.00082606509104109
2026-01-01,VAS.AX,108.07917785644531,0.0,0.0
2026-01-02,VAS.AX,108.26000213623047,0.0016730723102402756,0.0016716742838782134
2026-01-05,VAS.AX,108.29000091552734,0.00027709937839381915,0.0002770609934518647
2026-01-06,VAS.AX,107.6500015258789,-0.005910050643989528,-0.005927584109875406
2026-01-07,VAS.AX,107.91000366210938,0.002415254366419761,0.0024123423275264192
2026-01-08,VAS.AX,108.20999908447266,0.00278005200799214,0.002776194810561158
2026-01-09,VAS.AX,108.12999725341797,-0.0007393201342903444,-0.0007395935661982776
2026-01-12,VAS.AX,108.68000030517578,0.005086498342072421,0.005073605809463202
2026-01-13,VAS.AX,109.26000213623047,0.00533678532780657,0.005322595153210086
2026-01-14,VAS.AX,109.44000244140625,0.0016474492188949252,0.0016460936630325893
2026-01-15,VAS.AX,109.91999816894531,0.004385925775139299,0.004376335633561264
2026-01-16,VAS.AX,110.5,0.005276581520345713,0.005262709141835135
2026-01-19,VAS.AX,110.0199966430664,-0.004343921782204441,-0.004353384022526404
2026-01-20,VAS.AX,109.31999969482422,-0.006362452005094665,-0.006382778666996142
2026-01-21,VAS.AX,108.91999816894531,-0.003658996770906864,-0.003665707273731377
2026-01-22,VAS.AX,109.80999755859375,0.00817112931151498,0.008137926382063308
2026-01-23,VAS.AX,109.9800033569336,0.001548181423546069,0.0015469842261791585
2026-01-26,VAS.AX,109.9800033569336,0.0,0.0
2026-01-27,VAS.AX,110.87000274658203,0.008092374636141875,0.00805980695445976
2026-01-28,VAS.AX,110.83000183105469,-0.00036079114761788933,-0.00036085624840298454
2026-01-29,VAS.AX,110.63999938964844,-0.0017143592733660507,-0.0017158304689040501
2026-01-30,VAS.AX,109.91999816894531,-0.00650760325989741,-0.006528870023976081
2026-02-02,VAS.AX,108.80999755859375,-0.010098258996015574,-0.010149592290385444
2026-02-03,VAS.AX,109.69999694824219,0.008179389850359708,0.008146119936473885
2026-02-04,VAS.AX,110.5,0.007292644248069191,0.007266181495746452
2026-02-05,VAS.AX,110.11000061035156,-0.0035294062411623806,-0.003535649289200351
2026-02-06,VAS.AX,107.66999816894531,-0.022159680572891194,-0.02240889484715509
2026-02-09,VAS.AX,109.79000091552734,0.01968981872977782,0.0194984817640846
2026-02-10,VAS.AX,109.95999908447266,0.0015483939113554168,0.001547196385504839
2026-02-11,VAS.AX,111.55000305175781,0.014459839764673799,0.014356293265256842
2026-02-12,VAS.AX,111.80000305175781,0.0022411474061905245,0.0022386397812815323
2026-02-13,VAS.AX,110.27999877929688,-0.013595744463059223,-0.013689012931109197
2026-02-16,VAS.AX,110.5,0.001994933107892116,0.001992945871336726
2026-02-17,VAS.AX,110.81999969482422,0.0028959248400382,0.0028917397275991254
2026-02-18,VAS.AX,111.56999969482422,0.0067677314750527184,0.0067449331843964
2026-02-19,VAS.AX,112.56999969482422,0.008962982905218908,0.008923053785922688
2026-02-20,VAS.AX,112.5,-0.000621832593177496,-0.0006220260112510627
2026-02-23,VAS.AX,111.80000305175781,-0.0062221950954861605,-0.0062416336268949525
2026-02-24,VAS.AX,111.94000244140625,0.0012522306424591623,0.0012514472555873696
2026-02-25,VAS.AX,113.12999725341797,0.010630648437180534,0.010574540387102772
2026-02-26,VAS.AX,113.91999816894531,0.006983125030558313,0.0069588559302327735
2026-02-27,VAS.AX,114.13999938964844,0.0019311905217629377,0.001929328170664985
2026-03-02,VAS.AX,114.22000122070312,0.0007009096853205499,0.0007006641628464166
2026-03-03,VAS.AX,112.76000213623047,-0.012782341699082544,-0.012864738733171253
2026-03-04,VAS.AX,110.5999984741211,-0.019155761096029233,-0.019341609898982218
2026-03-05,VAS.AX,111.51000213623047,0.008227881326076991,0.008194216842708844
2026-03-06,VAS.AX,110.44000244140625,-0.009595549047851426,-0.009641882966438775
2026-03-09,VAS.AX,107.22000122070312,-0.02915611326984069,-0.029589599383707428
2026-03-10,VAS.AX,108.4800033569336,0.011751558682011831,0.011683045352845754
2026-03-11,VAS.AX,109.18000030517578,0.006452774028214092,0.006432044011504321
2026-03-12,VAS.AX,107.76000213623047,-0.013006028255872715,-0.013091347222700092
2026-03-13,VAS.AX,107.55999755859375,-0.00185601868663543,-0.0018577432234967925
2024-03-14,VDHG.AX,59.119991302490234,0.0014125660938906215,0.0014115693609295333
2024-03-15,VDHG.AX,58.804931640625,-0.0053291560929570325,-0.005343406696965707
2024-03-18,VDHG.AX,58.860530853271484,0.0009454855416934915,0.000945038851775782
2024-03-19,VDHG.AX,59.045860290527344,0.0031486198742898264,0.0031436733511609784
2024-03-20,VDHG.AX,59.19412612915039,0.002511028510610691,0.002507881146167018
2024-03-21,VDHG.AX,59.583316802978516,0.006574819146396127,0.006553299297567341
2024-03-22,VDHG.AX,59.8335075378418,0.004199006505303693,0.004190215278508143
2024-03-25,VDHG.AX,59.93544006347656,0.0017036027107435459,0.0017021532256431854
2024-03-26,VDHG.AX,59.759376525878906,-0.0029375530973192454,-0.002941876174674287
2024-03-27,VDHG.AX,59.97250747680664,0.003566485517723539,0.003560140689599445
2024-03-28,VDHG.AX,60.32463455200195,0.005871474947608091,0.005854305014351351
2024-03-29,VDHG.AX,60.32463455200195,0.0,0.0
2024-04-01,VDHG.AX,60.32463455200195,0.0,0.0
2024-04-02,VDHG.AX,60.2942008972168,-0.0005044979552909501,-0.0005046252572018995
2024-04-03,VDHG.AX,59.65961837768555,-0.010524768718852773,-0.010580545802940242
2024-04-04,VDHG.AX,59.75293731689453,0.001564189341913158,0.001562967271964366
2024-04-05,VDHG.AX,59.25834274291992,-0.008277326541314078,-0.008311773827976685
2024-04-08,VDHG.AX,59.500972747802734,0.0040944446579516125,0.004086085229798383
2024-04-09,VDHG.AX,59.61296081542969,0.0018821216268449792,0.0018803526552012696
2024-04-10,VDHG.AX,59.706275939941406,0.0015653496024234936,0.0015641257197709388
2024-04-11,VDHG.AX,59.57563400268555,-0.002188077135932498,-0.002190474474388263
2024-04-12,VDHG.AX,59.59429931640625,0.0003133044915621941,0.00031325542195886143
2024-04-15,VDHG.AX,59.22101974487305,-0.006263679174266956,-0.006283378315146241
2024-04-16,VDHG.AX,58.61442947387695,-0.010242820431146105,-0.010295639100656834
2024-04-17,VDHG.AX,58.42779541015625,-0.003184097591598656,-0.0031891776167317825
2024-04-18,VDHG.AX,58.5397834777832,0.0019166916506230258,0.00191485714093348
2024-04-19,VDHG.AX,57.98918151855469,-0.009405602933900137,-0.009450114945247431
2024-04-22,VDHG.AX,58.241153717041016,0.004345158732852683,0.004335745787955128
2024-04-23,VDHG.AX,58.54910659790039,0.005287547742538479,0.005273617744085881
2024-04-24,VDHG.AX,58.77307891845703,0.003825375544922016,0.0038180774020625395
2024-04-25,VDHG.AX,58.77307891845703,0.0,0.0
2024-04-26,VDHG.AX,58.42779541015625,-0.00587485826257006,-0.005892183129789504
2024-04-29,VDHG.AX,58.6890869140625,0.0044720411248106995,0.004462071261607723
2024-04-30,VDHG.AX,58.81040954589844,0.0020672093947140535,0.0020650756574550518
2024-05-01,VDHG.AX,58.325138092041016,-0.008251455101306426,-0.008285686794527776
2024-05-02,VDHG.AX,58.381134033203125,0.0009600652993524417,0.0009596047314228839
2024-05-03,VDHG.AX,58.5397834777832,0.0027174779525496184,0.002713792284975342
2024-05-06,VDHG.AX,58.8570671081543,0.005419965902188739,0.005405330744552734
2024-05-07,VDHG.AX,59.44498825073242,0.009988964307340975,0.009939404365098957
2024-05-08,VDHG.AX,59.547637939453125,0.0017268013964060192,0.0017253121890051784
2024-05-09,VDHG.AX,59.40765380859375,-0.002350792335402252,-0.002353559785689002
2024-05-10,VDHG.AX,59.5849609375,0.0029845839305069344,0.002980138902065216
2024-05-13,VDHG.AX,59.668949127197266,0.0014095534909448482,0.0014085610029567345
2024-05-14,VDHG.AX,59.61296081542969,-0.000938315699983705,-0.0009387561937298115
2024-05-15,VDHG.AX,59.7716064453125,0.0026612607009071088,0.0026577258167579877
2024-05-16,VDHG.AX,60.36885452270508,0.009992170411866397,0.00994257875566164
2024-05-17,VDHG.AX,60.08888626098633,-0.004637627530491795,-0.004648414689184855
2024-05-20,VDHG.AX,60.256866455078125,0.0027955285002654318,0.002791628277565854
2024-05-21,VDHG.AX,60.28485870361328,0.0004645486926544429,0.00046444082331626645
2024-05-22,VDHG.AX,60.28485870361328,0.0,0.0
2024-05-23,VDHG.AX,60.36885452270508,0.00139331535145093,0.0013923455883027105
2024-05-24,VDHG.AX,59.864925384521484,-0.008347502071520352,-0.008382537575802042
2024-05-27,VDHG.AX,60.03289794921875,0.0028058594179873886,0.0028019303423572747
2024-05-28,VDHG.AX,59.97690200805664,-0.0009327542576651471,-0.0009331895436153423
2024-05-29,VDHG.AX,59.51963806152344,-0.0076240007606891425,-0.00765321202031314
2024-05-30,VDHG.AX,59.2116813659668,-0.005174035084660855,-0.005187466754843016
2024-05-31,VDHG.AX,59.286338806152344,0.0012608566158442969,0.0012600624036631287
2024-06-03,VDHG.AX,59.911582946777344,0.010546175615083087,0.010490952626604636
2024-06-04,VDHG.AX,59.69694900512695,-0.0035825116128388457,-0.00358894417531543
2024-06-05,VDHG.AX,59.7716064453125,0.0012506072995310813,0.001249825941602367
2024-06-06,VDHG.AX,60.247535705566406,0.007962463928242514,0.007930930789393064
2024-06-07,VDHG.AX,60.32219314575195,0.0012391783217557961,0.0012384111739890946
2024-06-10,VDHG.AX,60.32219314575195,0.0,0.0
2024-06-11,VDHG.AX,60.098228454589844,-0.0037128075005654626,-0.0037197170782569075
2024-06-12,VDHG.AX,59.98624038696289,-0.001863417117387578,-0.0018651554388786136
2024-06-13,VDHG.AX,60.23820877075195,0.004200436336127211,0.004191639129553925
2024-06-14,VDHG.AX,60.23820877075195,0.0,0.0
2024-06-17,VDHG.AX,60.116886138916016,-0.0020140477997553363,-0.0020160787213988683
2024-06-18,VDHG.AX,60.359519958496094,0.004036034385071163,0.004027911447261346
2024-06-19,VDHG.AX,60.42484664916992,0.0010822930785192586,0.0010817078216069597
2024-06-20,VDHG.AX,60.3968505859375,-0.000463320385320487,-0.00046342775137474897
2024-06-21,VDHG.AX,60.37818145751953,-0.00030910764778047106,-0.00030915543139653707
2024-06-24,VDHG.AX,60.19154739379883,-0.0030910845476856963,-0.0030958718173083257
2024-06-25,VDHG.AX,60.45284652709961,0.004341126696598252,0.004331731187682617
2024-06-26,VDHG.AX,60.31285858154297,-0.0023156551527129254,-0.002318340428355262
2024-06-27,VDHG.AX,60.19154739379883,-0.0020113652477626864,-0.00201339075932742
2024-06-28,VDHG.AX,60.49950408935547,0.005116278097020199,0.005103234417381763
2024-07-01,VDHG.AX,60.371437072753906,-0.002116827543121924,-0.0021190711893795504
2024-07-02,VDHG.AX,60.14376449584961,-0.0037711969093915387,-0.003778325801069694
2024-07-03,VDHG.AX,60.409385681152344,0.004416437639533921,0.004406713798136004
2024-07-04,VDHG.AX,60.73191452026367,0.005339051795919092,0.005324849587336838
2024-07-05,VDHG.AX,60.712947845458984,-0.0003123016120026856,-0.00031235038830665856
2024-07-08,VDHG.AX,60.55168151855469,-0.002656209797534337,-0.0026597437821688492
2024-07-09,VDHG.AX,60.83626937866211,0.004699916715281027,0.00468890659101616
2024-07-10,VDHG.AX,60.67500305175781,-0.0026508253801779125,-0.002654345039152861
2024-07-11,VDHG.AX,61.168296813964844,0.008130098679784759,0.008097227471437974
2024-07-12,VDHG.AX,61.37698745727539,0.0034117452043049834,0.003405938405432657
2024-07-15,VDHG.AX,61.680564880371094,0.004946111493449035,0.004933919668885468
2024-07-16,VDHG.AX,61.784912109375,0.0016917359496673168,0.0016903065762601409
2024-07-17,VDHG.AX,62.14539337158203,0.0058344545601827225,0.0058175000451095435
2024-07-18,VDHG.AX,61.82285690307617,-0.005190030201874141,-0.00520354519103786
2024-07-19,VDHG.AX,61.43391418457031,-0.006291244662401052,-0.006311117937706354
2024-07-22,VDHG.AX,61.29161834716797,-0.002316242409279523,-0.0023189290481351213
2024-07-23,VDHG.AX,61.680564880371094,0.00634583559207158,0.006325785555509756
2024-07-24,VDHG.AX,61.61415481567383,-0.001076677310366203,-0.0010772573437581034
2024-07-25,VDHG.AX,61.0260009765625,-0.009545758452272235,-0.009591611237538374
2024-07-26,VDHG.AX,61.1872673034668,0.0026425838875832053,0.0026390984018903156
2024-07-29,VDHG.AX,61.803890228271484,0.010077634644908295,0.010027193884187347
2024-07-30,VDHG.AX,61.53826141357422,-0.004297930336038203,-0.00430719298830854
2024-07-31,VDHG.AX,62.25923156738281,0.011715803099525912,0.0116477044492414
2024-08-01,VDHG.AX,62.59125518798828,0.005332921917709843,0.005318752244468974
2024-08-02,VDHG.AX,61.21572494506836,-0.021976396523581743,-0.022221474804584983
2024-08-05,VDHG.AX,59.79276657104492,-0.023244981176002155,-0.023519406770935787
2024-08-06,VDHG.AX,59.622013092041016,-0.002855754780990427,-0.0028598402285531102
2024-08-07,VDHG.AX,59.688411712646484,0.0011136594885343687,0.0011130398298226996
2024-08-08,VDHG.AX,59.19512176513672,-0.008264417386151468,-0.008298757012398872
2024-08-09,VDHG.AX,60.03940963745117,0.014262794756369601,0.014162038017574506
2024-08-12,VDHG.AX,60.333492279052734,0.00489816011478772,0.004886203157364858
2024-08-13,VDHG.AX,60.399898529052734,0.0011006531777220108,0.0011000479031041048
2024-08-14,VDHG.AX,60.76038360595703,0.005968306001886692,0.005950566212952039
2024-08-15,VDHG.AX,61.04496765136719,0.00468371047911309,0.004672776036403334
2024-08-16,VDHG.AX,61.794403076171875,0.012276776508176379,0.012202028045747475
2024-08-19,VDHG.AX,61.661590576171875,-0.0021492642276402796,-0.0021515772107358663
2024-08-20,VDHG.AX,61.84183120727539,0.002923061656686654,0.002918797818915237
2024-08-21,VDHG.AX,61.83234405517578,-0.00015340994783630268,-0.00015342171634596995
2024-08-22,VDHG.AX,62.02207565307617,0.0030684846385748976,0.003063786448016461
2024-08-23,VDHG.AX,61.984127044677734,-0.0006118564720520858,-0.000612043732611568
2024-08-26,VDHG.AX,62.24025344848633,0.004132128917843536,0.0041236151184993845
2024-08-27,VDHG.AX,62.13591003417969,-0.0016764619121129032,-0.0016778687469408164
2024-08-28,VDHG.AX,62.13591003417969,0.0,0.0
2024-08-29,VDHG.AX,61.87029266357422,-0.004274780404107004,-0.004283943400380229
2024-08-30,VDHG.AX,62.14539337158203,0.004446410323347028,0.0044365542462738395
2024-09-02,VDHG.AX,62.39203643798828,0.003968806906273992,0.003960951968439517
2024-09-03,VDHG.AX,62.53433609008789,0.0022807342126272,0.0022781372862026084
2024-09-04,VDHG.AX,61.47186279296875,-0.01699023870004035,-0.017136228772412443
2024-09-05,VDHG.AX,61.56672668457031,0.0015432083442965538,0.0015420188219295785
2024-09-06,VDHG.AX,61.55723190307617,-0.00015421936499537825,-0.00015423125802442069
2024-09-09,VDHG.AX,61.282127380371094,-0.0044690853405857656,-0.004479101555830815
2024-09-10,VDHG.AX,61.53826141357422,0.0041795878203334524,0.004170877604798904
2024-09-11,VDHG.AX,61.46237564086914,-0.001233147816690483,-0.001233908769101585
2024-09-12,VDHG.AX,62.107452392578125,0.010495473775342434,0.01044077865837733
2024-09-13,VDHG.AX,62.39203643798828,0.0045821239552914506,0.004571657984060803
2024-09-16,VDHG.AX,62.62919616699219,0.0038011217864257762,0.0037939157778464224
2024-09-17,VDHG.AX,62.63867950439453,0.0001514203914905199,0.0001514089285801713
2024-09-18,VDHG.AX,62.65766906738281,0.0003031603338150557,0.00030311439000638195
2024-09-19,VDHG.AX,62.8094482421875,0.0024223559073266454,0.002419426732637858
2024-09-20,VDHG.AX,63.05609130859375,0.0039268465702042565,0.003919156633106036
2024-09-23,VDHG.AX,62.86635208129883,-0.0030090546901543336,-0.003013590997501972
2024-09-24,VDHG.AX,62.89481735229492,0.0004527902455557786,0.00045268776698557446
2024-09-25,VDHG.AX,62.79046630859375,-0.0016591358095002784,-0.0016605136995995718
2024-09-26,VDHG.AX,63.27427291870117,0.007705096626129171,0.007675563973407611
2024-09-27,VDHG.AX,63.3311882019043,0.0008995011807761966,0.000899096872021724
2024-09-30,VDHG.AX,63.19837951660156,-0.002097050269755374,-0.0020992521585251576
2024-10-01,VDHG.AX,63.043792724609375,-0.002446056262432772,-0.002449052745426925
2024-10-02,VDHG.AX,62.95794677734375,-0.0013616875437780784,-0.0013626154827324527
2024-10-03,VDHG.AX,63.024715423583984,0.0010605276959931853,0.0010599657337787686
2024-10-04,VDHG.AX,62.95794677734375,-0.0010594041685311195,-0.0010599657337786808
2024-10-07,VDHG.AX,63.44443893432617,0.00772725576173805,0.007697553434461482
2024-10-08,VDHG.AX,63.387203216552734,-0.0009021392376514781,-0.0009025464101561474
2024-10-09,VDHG.AX,63.36812210083008,-0.0003010247298255164,-0.00030107004686409406
2024-10-10,VDHG.AX,63.768768310546875,0.006322519848060093,0.006302616567981821
2024-10-11,VDHG.AX,63.644752502441406,-0.0019447734587176857,-0.0019466669860065747
2024-10-14,VDHG.AX,64.0358657836914,0.006145255749639311,0.006126450667559812
2024-10-15,VDHG.AX,64.43650817871094,0.006256531244113628,0.006237040406951722
2024-10-16,VDHG.AX,64.19802856445312,-0.0037010015129373963,-0.003707867164128616
2024-10-17,VDHG.AX,64.36019134521484,0.0025259775788739613,0.002522792659738235
2024-10-18,VDHG.AX,64.25526428222656,-0.0016303099912409191,-0.0016316403927492237
2024-10-21,VDHG.AX,64.61774444580078,0.005641252395789831,0.0056254001213382485
2024-10-22,VDHG.AX,64.00724029541016,-0.009447933468223924,-0.009492848317169216
2024-10-23,VDHG.AX,64.05493927001953,0.0007452121727047345,0.0007449346399855089
2024-10-24,VDHG.AX,63.95001220703125,-0.001638079189271724,-0.0016394223079437805
2024-10-25,VDHG.AX,63.9786262512207,0.00044744392068007954,0.0004473438474993142
2024-10-28,VDHG.AX,64.31249237060547,0.0052184008777211854,0.005204832207895839
2024-10-29,VDHG.AX,64.42696380615234,0.0017799253508512525,0.001778343160899075
2024-10-30,VDHG.AX,64.36973571777344,-0.0008882630035320638,-0.0008886577428860063
2024-10-31,VDHG.AX,63.95956039428711,-0.006372176596851742,-0.006392565575073056
2024-11-01,VDHG.AX,63.41581726074219,-0.008501358204980547,-0.008537700871919077
2024-11-04,VDHG.AX,63.5207405090332,0.0016545280471527146,0.0016531608234888271
2024-11-05,VDHG.AX,63.434898376464844,-0.0013514032091006545,-0.0013523171779371828
2024-11-06,VDHG.AX,64.37926483154297,0.014887175344297399,0.014777449019061823
2024-11-07,VDHG.AX,64.55097198486328,0.002667118889437603,0.002663568439432791
2024-11-08,VDHG.AX,64.96115112304688,0.006354344877715912,0.0063342411473827544
2024-11-11,VDHG.AX,65.02792358398438,0.001027882969792504,0.0010273550598148566
2024-11-12,VDHG.AX,65.25686645507812,0.0035206855528466807,0.0035145024477283874
2024-11-13,VDHG.AX,64.80852508544922,-0.006870409107638364,-0.006894119028600985
2024-11-14,VDHG.AX,65.17101287841797,0.005593211579661972,0.005577627654231618
2024-11-15,VDHG.AX,65.15193176269531,-0.0002927853178874562,-0.0002928281878766479
2024-11-18,VDHG.AX,64.94207763671875,-0.003220996220663408,-0.0032261947950506468
2024-11-19,VDHG.AX,65.23777770996094,0.004553289392684956,0.00454295453040914
2024-11-20,VDHG.AX,65.05654907226562,-0.002777970741140723,-0.0027818364627608828
2024-11-21,VDHG.AX,64.86576080322266,-0.0029326527730673124,-0.002936961425126521
2024-11-22,VDHG.AX,65.40949249267578,0.008382414431283625,0.008347477099124503
2024-11-25,VDHG.AX,65.8387451171875,0.006562543266327658,0.006541103527623547
2024-11-26,VDHG.AX,65.7052001953125,-0.0020283637186173653,-0.0020304236342816766
2024-11-27,VDHG.AX,65.9150619506836,0.0031939900456472436,0.003188900094729926
2024-11-28,VDHG.AX,66.07722473144531,0.0024601779314574745,0.00245715664797898
2024-11-29,VDHG.AX,65.99138641357422,-0.001299060579798339,-0.0012999050904528961
2024-12-02,VDHG.AX,66.20123291015625,0.00317990737862206,0.0031748621658638314
2024-12-03,VDHG.AX,66.59233856201172,0.005907830332801289,0.005890447532670067
2024-12-04,VDHG.AX,66.67818450927734,0.0012891264839074434,0.001288296273782331
2024-12-05,VDHG.AX,66.88805389404297,0.0031474969858609203,0.0031425539865572493
2024-12-06,VDHG.AX,66.7735824584961,-0.001711388340408404,-0.001712854438381671
2024-12-09,VDHG.AX,66.87850952148438,0.0015713858553791926,0.0015701525204869047
2024-12-10,VDHG.AX,66.7735824584961,-0.0015689204759351538,-0.0015701525204869652
2024-12-11,VDHG.AX,66.59233856201172,-0.0027143054155740476,-0.0027179958219579288
2024-12-12,VDHG.AX,66.52555847167969,-0.0010028194199824814,-0.0010033225797907728
2024-12-13,VDHG.AX,66.4969482421875,-0.00043006372512255364,-0.0004301562290490597
2024-12-16,VDHG.AX,66.12492370605469,-0.005594610669618527,-0.005610319119729318
2024-12-17,VDHG.AX,66.47786712646484,0.005337524803493032,0.005323330703152447
2024-12-18,VDHG.AX,66.53510284423828,0.0008609740391423149,0.0008606036135968805
2024-12-19,VDHG.AX,65.34271240234375,-0.017921223398210895,-0.01808375327308252
2024-12-20,VDHG.AX,64.86576080322266,-0.0072992317212712265,-0.0073260014583542265
2024-12-23,VDHG.AX,65.72428131103516,0.013235341683834001,0.013148519788363025
2024-12-24,VDHG.AX,65.9150619506836,0.0029027421196983205,0.0028985372988334108
2024-12-25,VDHG.AX,65.9150619506836,0.0,0.0
2024-12-26,VDHG.AX,65.9150619506836,0.0,0.0
2024-12-27,VDHG.AX,66.32524108886719,0.006222843854572835,0.006203561912751216
2024-12-30,VDHG.AX,65.94367218017578,-0.0057529969349098264,-0.005769609165824715
2024-12-31,VDHG.AX,65.7147445678711,-0.0034715629981781904,-0.003477602855551705
2025-01-01,VDHG.AX,65.7147445678711,0.0,0.0
2025-01-02,VDHG.AX,65.79620361328125,0.0012395855138114253,0.0012388178620029533
2025-01-03,VDHG.AX,65.86347198486328,0.0010223746643105436,0.001021852395272875
2025-01-06,VDHG.AX,66.04609680175781,0.0027727784671980338,0.002768941408223794
2025-01-07,VDHG.AX,66.08453369140625,0.0005819706464078589,0.000581801367165068
2025-01-08,VDHG.AX,66.29597473144531,0.0031995540897122865,0.003194446408494063
2025-01-09,VDHG.AX,66.0941390991211,-0.0030444628522594552,-0.003049106656944549
2025-01-10,VDHG.AX,66.00763702392578,-0.0013087707378347524,-0.0013096279262472265
2025-01-13,VDHG.AX,65.4117660522461,-0.009027303484045346,-0.009068296478766119
2025-01-14,VDHG.AX,65.59437561035156,0.002791692827244674,0.002787803290070946
2025-01-15,VDHG.AX,65.4117660522461,-0.002783920975027221,-0.0027878032900710927
2025-01-16,VDHG.AX,66.34402465820312,0.014252154653834115,0.014151547483562244
2025-01-17,VDHG.AX,66.40168762207031,0.0008691508265328274,0.0008687733336695169
2025-01-20,VDHG.AX,66.59391021728516,0.002894845027266335,0.0028906630322746807
2025-01-21,VDHG.AX,66.80535125732422,0.0031750807145753956,0.003170050789935526
2025-01-22,VDHG.AX,67.20899963378906,0.006042156337297655,0.006023975707411892
2025-01-23,VDHG.AX,67.08406829833984,-0.0018588483109397425,-0.0018605781134206168
2025-01-24,VDHG.AX,67.13211059570312,0.0007161506238653192,0.0007158943103726993
2025-01-27,VDHG.AX,67.13211059570312,0.0,0.0
2025-01-28,VDHG.AX,66.93990325927734,-0.0028631207140698,-0.002867227284459017
2025-01-29,VDHG.AX,67.4012222290039,0.0068915392354205185,0.006867901118768064
2025-01-30,VDHG.AX,67.69915771484375,0.004420327643726907,0.004410586690409002
2025-01-31,VDHG.AX,67.94904327392578,0.003691117696538848,0.003684322238371159
2025-02-03,VDHG.AX,67.02639770507812,-0.013578492417150811,-0.01367152325084309
2025-02-04,VDHG.AX,67.10327911376953,0.0011470317863373491,0.001146374447988551
2025-02-05,VDHG.AX,67.22822570800781,0.0018620042997665731,0.001860272918653292
2025-02-06,VDHG.AX,67.74720764160156,0.007719702968926212,0.007690058528401904
2025-02-07,VDHG.AX,67.73760986328125,-0.00014167046369040204,-0.00014168049989844386
2025-02-10,VDHG.AX,67.47810363769531,-0.0038310508166691237,-0.0038384080885820932
2025-02-11,VDHG.AX,67.59344482421875,0.00170931280379083,0.0017078535912573634
2025-02-12,VDHG.AX,67.68954467773438,0.0014217333317680936,0.001420723625843176
2025-02-13,VDHG.AX,67.82410430908203,0.001987893876200353,0.0019859206298057036
2025-02-14,VDHG.AX,68.02593231201172,0.0029757562593075715,0.0029713374606582695
2025-02-17,VDHG.AX,67.85294342041016,-0.0025429845019708797,-0.002546223379167718
2025-02-18,VDHG.AX,67.80487823486328,-0.0007083728888379603,-0.0007086239034610834
2025-02-19,VDHG.AX,67.65110778808594,-0.0022678375181902632,-0.002270412956214801
2025-02-20,VDHG.AX,67.24744415283203,-0.005966844423573425,-0.005984717171161644
2025-02-21,VDHG.AX,66.90145111083984,-0.0051450734871923975,-0.0051583549534528796
2025-02-24,VDHG.AX,66.70924377441406,-0.0028729920388025354,-0.002877127002140254
2025-02-25,VDHG.AX,66.43052673339844,-0.004178087252167617,-0.0041868398466204226
2025-02-26,VDHG.AX,66.5746841430664,0.0021700476686945525,0.0021676965160468396
2025-02-27,VDHG.AX,66.79573822021484,0.0033203924283500275,0.0033148920975523935
2025-02-28,VDHG.AX,66.19985961914062,-0.008920907485290508,-0.00896093702484482
2025-03-03,VDHG.AX,66.94952392578125,0.011324258253017083,0.011260618835982717
2025-03-04,VDHG.AX,66.39208221435547,-0.008326298362386408,-0.008361155607329694
2025-03-05,VDHG.AX,65.86347198486328,-0.00796194684458762,-0.007993812397293649
2025-03-06,VDHG.AX,65.79620361328125,-0.0010213304819018942,-0.00102185239527281
2025-03-07,VDHG.AX,65.10421752929688,-0.010517112629347736,-0.01057280830770685
2025-03-10,VDHG.AX,64.99849700927734,-0.0016238659188547722,-0.0016251858182025544
2025-03-11,VDHG.AX,64.3833999633789,-0.00946325029347439,-0.009508311354591088
2025-03-12,VDHG.AX,63.72024917602539,-0.010300027456311978,-0.010353439821547152
2025-03-13,VDHG.AX,63.59530258178711,-0.001960861670410652,-0.0019627866765146488
2025-03-14,VDHG.AX,63.729854583740234,0.002115753781972929,0.002113518726935519
2025-03-17,VDHG.AX,64.16234588623047,0.006786321815970053,0.006763398386149965
2025-03-18,VDHG.AX,64.29691314697266,0.002097293340564521,0.002095097091136437
2025-03-19,VDHG.AX,64.16234588623047,-0.0020929039071376776,-0.0020950970911364753
2025-03-20,VDHG.AX,64.8831787109375,0.011234514803825535,0.01117187634756068
2025-03-21,VDHG.AX,64.92161560058594,0.0005924014576978998,0.0005922260572226046
2025-03-24,VDHG.AX,65.06576538085938,0.0022203664979669746,0.002217905127031355
2025-03-25,VDHG.AX,65.19071960449219,0.0019204296284136557,0.0019185879609197355
2025-03-26,VDHG.AX,65.54632568359375,0.0054548573977861725,0.005440033546732808
2025-03-27,VDHG.AX,65.12344360351562,-0.006451651952536053,-0.00647255380849543
2025-03-28,VDHG.AX,65.08500671386719,-0.0005902158657710155,-0.0005903901117203086
2025-03-31,VDHG.AX,63.989356994628906,-0.016834133920506145,-0.016977438501911257
2025-04-01,VDHG.AX,64.28530883789062,0.004625016677172633,0.004614354151141114
2025-04-02,VDHG.AX,64.4510269165039,0.0025778530368607555,0.0025745360729284017
2025-04-03,VDHG.AX,63.797935485839844,-0.010133142354894376,-0.01018483212488551
2025-04-04,VDHG.AX,62.423526763916016,-0.021543153574756113,-0.021778594881170614
2025-04-07,VDHG.AX,59.586978912353516,-0.04544036517337835,-0.04650516021258394
2025-04-08,VDHG.AX,61.04911804199219,0.024537896639957646,0.024241678388442045
2025-04-09,VDHG.AX,59.52849578857422,-0.024908177254453046,-0.02522363524376165
2025-04-10,VDHG.AX,62.657466888427734,0.05256257626543426,0.05122773969105091
2025-04-11,VDHG.AX,62.05311965942383,-0.009645254732050468,-0.009692071484360921
2025-04-14,VDHG.AX,62.394287109375,0.00549799029966036,0.005482931521123595
2025-04-15,VDHG.AX,62.277313232421875,-0.0018747530001916868,-0.0018765125490878473
2025-04-16,VDHG.AX,61.936153411865234,-0.005478075447529651,-0.0054931351267208176
2025-04-17,VDHG.AX,62.48200988769531,0.0088132124092406,0.008774602737088685
2025-04-18,VDHG.AX,62.48200988769531,0.0,0.0
2025-04-21,VDHG.AX,62.48200988769531,0.0,0.0
2025-04-22,VDHG.AX,61.49750518798828,-0.015756610606422083,-0.015882065570402813
2025-04-23,VDHG.AX,62.940147399902344,0.023458548562321768,0.02318762560422311
2025-04-24,VDHG.AX,63.15459442138672,0.003407157916581305,0.0034013667047011636
2025-04-25,VDHG.AX,63.15459442138672,0.0,0.0
2025-04-28,VDHG.AX,63.8369255065918,0.010804140086030145,0.010746192374355196
2025-04-29,VDHG.AX,64.19758605957031,0.005649716838904917,0.005633817046829996
2025-04-30,VDHG.AX,64.39253234863281,0.003036660738015895,0.003032059396585467
2025-05-01,VDHG.AX,64.96764373779297,0.008931336727780792,0.008891688241024908
2025-05-02,VDHG.AX,65.13335418701172,0.0025506612166441567,0.0025474138011887383
2025-05-05,VDHG.AX,64.87017059326172,-0.00404068847727912,-0.0040488741168181845
2025-05-06,VDHG.AX,64.81168365478516,-0.0009015998870001152,-0.0009020065726417617
2025-05-07,VDHG.AX,64.85067749023438,0.0006016482407233958,0.0006014673229828695
2025-05-08,VDHG.AX,65.2893295288086,0.006764031704067808,0.006741258277397095
2025-05-09,VDHG.AX,65.46478271484375,0.0026873179323696483,0.002683713549505942
2025-05-12,VDHG.AX,65.79619598388672,0.005062466494184514,0.005049695295059103
2025-05-13,VDHG.AX,66.37129211425781,0.008740568079527389,0.008702590451272932
2025-05-14,VDHG.AX,66.43952941894531,0.00102811475434339,0.0010275866063361823
2025-05-15,VDHG.AX,66.51750946044922,0.0011736994856208494,0.0011730112388568515
2025-05-16,VDHG.AX,66.90740966796875,0.005861617650482875,0.0058445052082423165
2025-05-19,VDHG.AX,66.82942962646484,-0.0011654918624243171,-0.0011661715762502876
2025-05-20,VDHG.AX,67.11211395263672,0.004229937734796074,0.004221016696286485
2025-05-21,VDHG.AX,67.12187194824219,0.00014539842408112236,0.00014538785475475623
2025-05-22,VDHG.AX,66.63448333740234,-0.007261248780660812,-0.0072877399648742834
2025-05-23,VDHG.AX,66.65397644042969,0.0002925377679998675,0.00029249498717014995
2025-05-26,VDHG.AX,66.59548950195312,-0.000877471106751404,-0.0008778563098758887
2025-05-27,VDHG.AX,66.93665313720703,0.005122924056949918,0.005109846525953341
2025-05-28,VDHG.AX,67.30707550048828,0.005533924179357497,0.005518668278399543
2025-05-29,VDHG.AX,67.74571228027344,0.006516949020938689,0.0064958055196994175
2025-05-30,VDHG.AX,67.45327758789062,-0.004316652412967081,-0.004325996055527215
2025-06-02,VDHG.AX,67.03413391113281,-0.006213837069839578,-0.006233223305736095
2025-06-03,VDHG.AX,67.5215072631836,0.007270525083487911,0.007244222229421228
2025-06-04,VDHG.AX,67.9211654663086,0.005918976328049386,0.005901528004618554
2025-06-05,VDHG.AX,67.87242889404297,-0.0007175461718159637,-0.0007178037312848849
2025-06-06,VDHG.AX,67.75545501708984,-0.0017234373199718211,-0.0017249241466170144
2025-06-09,VDHG.AX,67.75545501708984,0.0,0.0
2025-06-10,VDHG.AX,68.31107330322266,0.008200347647177253,0.00816690748599004
2025-06-11,VDHG.AX,68.30131530761719,-0.00014284646886097985,-0.00014285667238951645
2025-06-12,VDHG.AX,68.1843490600586,-0.0017125035884272277,-0.0017139715989189681
2025-06-13,VDHG.AX,68.03813934326172,-0.0021443295831435893,-0.002146631949768224
2025-06-16,VDHG.AX,68.04788208007812,0.0001431952271246928,0.00014318497566678538
2025-06-17,VDHG.AX,67.95040893554688,-0.0014324199600590504,-0.0014334468542763663
2025-06-18,VDHG.AX,67.94065856933594,-0.0001434923845740066,-0.0001435026805911671
2025-06-19,VDHG.AX,67.83343505859375,-0.001578193573628095,-0.0015794402329251242
2025-06-20,VDHG.AX,67.84318542480469,0.00014373982686444187,0.00014372949728536444
2025-06-23,VDHG.AX,67.82369232177734,-0.00028732588107838186,-0.0002873671670678955
2025-06-24,VDHG.AX,68.46702575683594,0.009485379121006998,0.009440675378112022
2025-06-25,VDHG.AX,68.62299346923828,0.00227799748387314,0.002275406781268242
2025-06-26,VDHG.AX,68.60348510742188,-0.00028428316560036304,-0.00028432358171941456
2025-06-27,VDHG.AX,68.75945281982422,0.0022734663138195277,0.002270885899529406
2025-06-30,VDHG.AX,69.07138061523438,0.004536507819914215,0.004526248883111131
2025-07-01,VDHG.AX,68.92768096923828,-0.0020804513347804088,-0.002082618479940321
2025-07-02,VDHG.AX,69.2545394897461,0.004742050159117994,0.004730842058213233
2025-07-03,VDHG.AX,69.2545394897461,0.0,0.0
2025-07-04,VDHG.AX,69.46253967285156,0.0030034158719121073,0.0029989146289465148
2025-07-07,VDHG.AX,69.58140563964844,0.001711224026024638,0.0017097615503689665
2025-07-08,VDHG.AX,69.31398010253906,-0.003843347725602575,-0.0038507523649640362
2025-07-09,VDHG.AX,69.13568878173828,-0.0025722274285364666,-0.002575541289397492
2025-07-10,VDHG.AX,69.36349487304688,0.0032950578105583883,0.003289641003437705
2025-07-11,VDHG.AX,69.28425598144531,-0.0011423716718222954,-0.001143024675703382
2025-07-14,VDHG.AX,69.04654693603516,-0.0034309244148311713,-0.0034368235328181146
2025-07-15,VDHG.AX,69.71015930175781,0.009611086943094094,0.009565194265012523
2025-07-16,VDHG.AX,69.18521118164062,-0.007530439255558408,-0.007558936166225229
2025-07-17,VDHG.AX,69.82902526855469,0.009305660500533497,0.009262629589894184
2025-07-18,VDHG.AX,70.33417510986328,0.007234095555048059,0.007208054996970527
2025-07-21,VDHG.AX,69.96769714355469,-0.005210524837124364,-0.005224146961211103
2025-07-22,VDHG.AX,70.00731658935547,0.0005662533914685408,0.0005660931305128852
2025-07-23,VDHG.AX,70.31436157226562,0.004385898472743843,0.004376308450388814
2025-07-24,VDHG.AX,70.37379455566406,0.0008452467187283208,0.0008448896988862961
2025-07-25,VDHG.AX,70.2945556640625,-0.0011259715651524838,-0.0011266059473775231
2025-07-28,VDHG.AX,70.63131713867188,0.004790719159229795,0.004779280183596802
2025-07-29,VDHG.AX,70.5223617553711,-0.0015425931118751013,-0.0015437841336283877
2025-07-30,VDHG.AX,70.7997055053711,0.003932706493325444,0.003924993618180279
2025-07-31,VDHG.AX,70.96807861328125,0.0023781611336981534,0.0023753377838771302
2025-08-01,VDHG.AX,70.3044662475586,-0.009350857155634884,-0.009394850887925472
2025-08-04,VDHG.AX,69.89835357666016,-0.005776484661279113,-0.0057932330779249894
2025-08-05,VDHG.AX,70.66102600097656,0.010911164359257208,0.010852067096767115
2025-08-06,VDHG.AX,70.789794921875,0.0018223471719283069,0.001820688711875097
2025-08-07,VDHG.AX,70.81951141357422,0.00041978496663275244,0.0004196968815739738
2025-08-08,VDHG.AX,70.74026489257812,-0.001118992766460991,-0.0011196193063060004
2025-08-11,VDHG.AX,71.11665344238281,0.005320711625497188,0.00530660664961454
2025-08-12,VDHG.AX,71.2256088256836,0.0015320656699495672,0.001530893254666426
2025-08-13,VDHG.AX,71.31475067138672,0.001251542067141731,0.001250759541210183
2025-08-14,VDHG.AX,71.53265380859375,0.00305551285190786,0.0030508542596936602
2025-08-15,VDHG.AX,72.02790069580078,0.006923368012211606,0.006899511547987937
2025-08-18,VDHG.AX,71.9288558959961,-0.0013750893590941393,-0.0013760356620671325
2025-08-19,VDHG.AX,71.80999755859375,-0.0016524430414158742,-0.001653809831320937
2025-08-20,VDHG.AX,71.8595199584961,0.0006896309927031385,0.0006893933065209842
2025-08-21,VDHG.AX,72.26561737060547,0.005651268090072437,0.005635359581914644
2025-08-22,VDHG.AX,72.08732604980469,-0.002467166645604535,-0.0024702151163222114
2025-08-25,VDHG.AX,72.37456512451172,0.003984598825438113,0.003976681336580599
2025-08-26,VDHG.AX,72.1170425415039,-0.0035581917841547295,-0.003564537205162767
2025-08-27,VDHG.AX,72.30523681640625,0.0026095672849317797,0.0026061682762349428
2025-08-28,VDHG.AX,72.39437103271484,0.0012327491096519871,0.0012319898983489633
2025-08-29,VDHG.AX,72.20618438720703,-0.002599465163151571,-0.002602849639209496
2025-09-01,VDHG.AX,71.9189453125,-0.003978039791809329,-0.003985973238803394
2025-09-02,VDHG.AX,71.80999755859375,-0.0015148686265190614,-0.001516017200102142
2025-09-03,VDHG.AX,71.19588470458984,-0.008551913032761482,-0.008588690469429288
2025-09-04,VDHG.AX,71.79019165039062,0.008347490143099101,0.008312842527475817
2025-09-05,VDHG.AX,72.15666198730469,0.005104741030623305,0.00509175601148784
2025-09-08,VDHG.AX,71.96847534179688,-0.002608028702061116,-0.0026114355336153165
2025-09-09,VDHG.AX,71.77037048339844,-0.002752661598812378,-0.002756457138575627
2025-09-10,VDHG.AX,71.98828125,0.0030362218438313437,0.0030316218310429965
2025-09-11,VDHG.AX,71.95856475830078,-0.00041279623826573353,-0.0004128814620870856
2025-09-12,VDHG.AX,72.26561737060547,0.004267075272221366,0.004257997122136284
2025-09-15,VDHG.AX,72.16656494140625,-0.0013706715974104444,-0.0013716118269866094
2025-09-16,VDHG.AX,72.5429458618164,0.00521544735731494,0.005201894015814721
2025-09-17,VDHG.AX,72.15666198730469,-0.005324899201743616,-0.0053391270077294
2025-09-18,VDHG.AX,72.20618438720703,0.000686317777713441,0.0006860823693712338
2025-09-19,VDHG.AX,72.4934310913086,0.0039781454530432026,0.003970253555573884
2025-09-22,VDHG.AX,72.75094604492188,0.0035522522487441144,0.0035459579023912483
2025-09-23,VDHG.AX,73.07780456542969,0.004492842200374714,0.004482779513640808
2025-09-24,VDHG.AX,72.5528564453125,-0.0071834139413312625,-0.007209338886940971
2025-09-25,VDHG.AX,72.52313995361328,-0.0004095840350768487,-0.00040966793752859556
2025-09-26,VDHG.AX,72.60237884521484,0.001092601501427648,0.0010920050468257816
2025-09-29,VDHG.AX,73.0381851196289,0.0060026445599417055,0.005984700461310604
2025-09-30,VDHG.AX,72.84009552001953,-0.0027121374837686396,-0.0027158219920706416
2025-10-01,VDHG.AX,72.8652114868164,0.0003448096356486463,0.00034475020246792465
2025-10-02,VDHG.AX,73.46247100830078,0.008196771947782455,0.008163360863789429
2025-10-03,VDHG.AX,73.81086730957031,0.004742507248771455,0.004731296990451229
2025-10-06,VDHG.AX,73.7411880493164,-0.0009440244071603487,-0.0009444702788322527
2025-10-07,VDHG.AX,73.80091094970703,0.0008098988092066772,0.0008095710181392237
2025-10-08,VDHG.AX,73.75113677978516,-0.0006744384219836697,-0.0006746659578879164
2025-10-09,VDHG.AX,73.91040802001953,0.0021595767494397844,0.002157248215400779
2025-10-10,VDHG.AX,73.86063385009766,-0.000673439252403929,-0.0006736661144748685
2025-10-13,VDHG.AX,73.1638412475586,-0.009433883331589343,-0.009478664270246665
2025-10-14,VDHG.AX,73.5221939086914,0.004897947606663733,0.00488599168504369
2025-10-15,VDHG.AX,73.95022583007812,0.005821805615843001,0.0058049243933043174
2025-10-16,VDHG.AX,74.34840393066406,0.005384406823866428,0.005369962730828147
2025-10-17,VDHG.AX,73.86063385009766,-0.006560599216377194,-0.006582214538929638
2025-10-20,VDHG.AX,74.12940979003906,0.0036389606469786617,0.003632355648387149
2025-10-21,VDHG.AX,74.75652313232422,0.008459710445036128,0.008424127633974958
2025-10-22,VDHG.AX,74.52758026123047,-0.0030625136309310186,-0.0030672127222741907
2025-10-23,VDHG.AX,74.35835266113281,-0.0022706707973677576,-0.0022732526794460466
2025-10-24,VDHG.AX,74.35835266113281,0.0,0.0
2025-10-27,VDHG.AX,74.96556091308594,0.008165972351758644,0.008132811205883597
2025-10-28,VDHG.AX,74.8062973022461,-0.002124490351302688,-0.0021267502822974547
2025-10-29,VDHG.AX,74.49771118164062,-0.004125135606681152,-0.004133667449991908
2025-10-30,VDHG.AX,74.2588119506836,-0.003206799607232802,-0.003211952408041904
2025-10-31,VDHG.AX,74.35835266113281,0.0013404565442727279,0.0013395589344476237
2025-11-03,VDHG.AX,74.31854248046875,-0.0005353827678981071,-0.0005355261364258314
2025-11-04,VDHG.AX,73.87059020996094,-0.006027463073909667,-0.0060457015542382565
2025-11-05,VDHG.AX,73.64164733886719,-0.003099242478542985,-0.003104055076691521
2025-11-06,VDHG.AX,73.92036437988281,0.0037847746633516977,0.003777630424274903
2025-11-07,VDHG.AX,73.4923324584961,-0.005790446583664344,-0.005807276218330215
2025-11-10,VDHG.AX,73.81086730957031,0.004334259648843153,0.004324893798424197
2025-11-11,VDHG.AX,74.18913269042969,0.005124792522392285,0.005111705466448045
2025-11-12,VDHG.AX,74.31854248046875,0.001744322724179126,0.0017428031601128796
2025-11-13,VDHG.AX,74.1094970703125,-0.002812829788894078,-0.002816793228670475
2025-11-14,VDHG.AX,73.1937026977539,-0.012357314632559402,-0.012434301133420844
2025-11-17,VDHG.AX,73.25342559814453,0.0008159568130778894,0.0008156241012908172
2025-11-18,VDHG.AX,72.31773376464844,-0.01277335258871215,-0.012855633274643554
2025-11-19,VDHG.AX,71.9195556640625,-0.005505953793875418,-0.005521167426870685
2025-11-20,VDHG.AX,72.91498565673828,0.0138408807379935,0.013745970506272555
2025-11-21,VDHG.AX,71.58111572265625,-0.018293495117197023,-0.018462890164427422
2025-11-24,VDHG.AX,72.34759521484375,0.010707845001428185,0.010650922016934456
2025-11-25,VDHG.AX,72.81544494628906,0.006466693606829388,0.006445874250457569
2025-11-26,VDHG.AX,73.32311248779297,0.0069719760948845355,0.0069477842477829906
2025-11-27,VDHG.AX,73.56201171875,0.003258170893888357,0.0032528745562321127
2025-11-28,VDHG.AX,73.4923324584961,-0.0009472179814808968,-0.000947666875922762
2025-12-01,VDHG.AX,73.25342559814453,-0.0032507725957191536,-0.003256067835815443
2025-12-02,VDHG.AX,73.25342559814453,0.0,0.0
2025-12-03,VDHG.AX,73.4126968383789,0.00217424972189173,0.0021718894615429347
2025-12-04,VDHG.AX,73.33306121826172,-0.0010847663081020587,-0.0010853550929081153
2025-12-05,VDHG.AX,73.44255828857422,0.0014931474084602936,0.0014920337722794236
2025-12-08,VDHG.AX,73.50228118896484,0.0008131919936116283,0.0008128615321426699
2025-12-09,VDHG.AX,73.11406707763672,-0.005281660719210546,-0.005295657996855251
2025-12-10,VDHG.AX,73.06430053710938,-0.0006806698425694258,-0.0006809016034611182
2025-12-11,VDHG.AX,73.2335205078125,0.002316041753074538,0.002313363862314385
2025-12-12,VDHG.AX,73.81086730957031,0.007883641230878924,0.007852727699184905
2025-12-15,VDHG.AX,73.47241973876953,-0.00458533523771365,-0.004595880134272684
2025-12-16,VDHG.AX,72.9747085571289,-0.006774122635544444,-0.006797171152243452
2025-12-17,VDHG.AX,73.06430053710938,0.0012277127480451178,0.0012269597250168939
2025-12-18,VDHG.AX,72.87516784667969,-0.0025885786771286945,-0.002591934839957999
2025-12-19,VDHG.AX,73.2733383178711,0.005463733161192863,0.005448861117822378
2025-12-22,VDHG.AX,73.83077239990234,0.007607597726925208,0.007578805887624474
2025-12-23,VDHG.AX,74.16922760009766,0.0045842023480680005,0.004573726894682429
2025-12-24,VDHG.AX,74.01991271972656,-0.0020131648286290105,-0.0020151939687289796
2025-12-25,VDHG.AX,74.01991271972656,0.0,0.0
2025-12-26,VDHG.AX,74.01991271972656,0.0,0.0
2025-12-29,VDHG.AX,73.99999237060547,-0.0002691214889231075,-0.000269157708609484
2025-12-30,VDHG.AX,74.00994873046875,0.0001345454174295213,0.00013453636700663186
2025-12-31,VDHG.AX,74.1791763305664,0.002286552051453894,0.0022839418694326906
2026-01-01,VDHG.AX,74.1791763305664,0.0,0.0
2026-01-02,VDHG.AX,74.0,-0.002415453223259534,-0.002418375136507908
2026-01-05,VDHG.AX,74.19999694824219,0.0027026614627323475,0.0026990158403527595
2026-01-06,VDHG.AX,74.2300033569336,0.00040439905560019085,0.0004043173083403729
2026-01-07,VDHG.AX,74.2300033569336,0.0,0.0
2026-01-08,VDHG.AX,74.44000244140625,0.0028290323989732524,0.0028250382181540523
2026-01-09,VDHG.AX,74.41999816894531,-0.00026873014246187044,-0.0002687662568767704
2026-01-12,VDHG.AX,74.79000091552734,0.004971818807923967,0.0049595001307429125
2026-01-13,VDHG.AX,75.05000305175781,0.0034764291088074106,0.003470400297582642
2026-01-14,VDHG.AX,75.05000305175781,0.0,0.0
2026-01-15,VDHG.AX,75.23999786376953,0.002531576339586339,0.002528377298145696
2026-01-16,VDHG.AX,75.58999633789062,0.004651760819488704,0.004640974816464256
2026-01-19,VDHG.AX,75.0999984741211,-0.006482310987015016,-0.00650341240494827
2026-01-20,VDHG.AX,74.69999694824219,-0.0053262521172585675,-0.00534048716687479
2026-01-21,VDHG.AX,74.27999877929688,-0.00562246567742597,-0.005638331234553897
2026-01-22,VDHG.AX,74.69999694824219,0.005654256540757796,0.005638331234553952
2026-01-23,VDHG.AX,74.68000030517578,-0.0002676926892013487,-0.000267728525284789
2026-01-26,VDHG.AX,74.68000030517578,0.0,0.0
2026-01-27,VDHG.AX,74.91999816894531,0.0032136832189180176,0.003208530375787777
2026-01-28,VDHG.AX,74.70999908447266,-0.002802977704285392,-0.0028069134024606792
2026-01-29,VDHG.AX,74.30000305175781,-0.005487833459230429,-0.005502946936125746
2026-01-30,VDHG.AX,74.2699966430664,-0.00040385474372728325,-0.00040393631501700627
2026-02-02,VDHG.AX,73.73999786376953,-0.007136108836034993,-0.007161692645918968
2026-02-03,VDHG.AX,74.37000274658203,0.008543597790393154,0.008507307810291853
2026-02-04,VDHG.AX,74.13999938964844,-0.0030926899077486913,-0.003097482156358061
2026-02-05,VDHG.AX,74.01000213623047,-0.0017534024074475907,-0.0017549414167136242
2026-02-06,VDHG.AX,73.19999694824219,-0.010944536746496758,-0.011004868796868808
2026-02-09,VDHG.AX,74.16999816894531,0.013251383348950041,0.013164351784613695
2026-02-10,VDHG.AX,74.30999755859375,0.0018875474329869135,0.0018857682538359103
2026-02-11,VDHG.AX,74.68000030517578,0.004979178559254782,0.004966823444933645
2026-02-12,VDHG.AX,74.86000061035156,0.0024102879544753986,0.002407387869555355
2026-02-13,VDHG.AX,73.9000015258789,-0.012823925683215998,-0.012906862027479394
2026-02-16,VDHG.AX,74.05000305175781,0.0020297905653814396,0.0020277333238876575
2026-02-17,VDHG.AX,74.0999984741211,0.0006751576003087845,0.0006749297839516866
2026-02-18,VDHG.AX,74.41999816894531,0.004318484499510111,0.004309186604257039
2026-02-19,VDHG.AX,74.86000061035156,0.005912422093956149,0.005895012315382964
2026-02-20,VDHG.AX,74.94000244140625,0.0010686859524768888,0.001068115314163625
2026-02-23,VDHG.AX,74.61000061035156,-0.004403547108404626,-0.004413271279703963
2026-02-24,VDHG.AX,74.62000274658203,0.00013405892170825773,0.00013404993661402534
2026-02-25,VDHG.AX,75.06999969482422,0.006030513691756667,0.0060124029190980885
2026-02-26,VDHG.AX,75.43000030517578,0.004795532327361629,0.004784070391659067
2026-02-27,VDHG.AX,75.37999725341797,-0.0006629066890562196,-0.0006631265088474592
2026-03-02,VDHG.AX,75.0,-0.0050410887140319716,-0.005053837866195995
2026-03-03,VDHG.AX,74.44999694824219,-0.007333374023437478,-0.007360395396995919
2026-03-04,VDHG.AX,73.68000030517578,-0.010342467087026352,-0.010396322050355117
2026-03-05,VDHG.AX,74.11000061035156,0.005836051891894067,0.005819088110059765
2026-03-06,VDHG.AX,73.72000122070312,-0.005262439433767363,-0.005276334838754326
2026-03-09,VDHG.AX,71.54000091552734,-0.029571354708056607,-0.030017402731974414
2026-03-10,VDHG.AX,72.66999816894531,0.015795320645190403,0.01567187280340931
2026-03-11,VDHG.AX,72.87000274658203,0.0027522303932323577,0.0027484499420235586
2026-03-12,VDHG.AX,71.83000183105469,-0.014272003243146925,-0.014374827795510121
2026-03-13,VDHG.AX,72.08999633789062,0.0036195809579324667,0.003613046039141394
2024-03-14,VGE.AX,67.07441711425781,-0.0017079199179617088,-0.0017093800759769408
2024-03-15,VGE.AX,66.84490966796875,-0.003421683797834696,-0.0034275511458038707
2024-03-18,VGE.AX,67.32305145263672,0.007153002181362611,0.00712754080600854
2024-03-19,VGE.AX,67.34217834472656,0.0002841061371572362,0.0002840657866510211
2024-03-20,VGE.AX,67.03614807128906,-0.0045444071005681375,-0.0045547643086745375
2024-03-21,VGE.AX,67.32305145263672,0.004279830950945307,0.004270698522023527
2024-03-22,VGE.AX,67.45693969726562,0.0019887429601004314,0.0019867680288067407
2024-03-25,VGE.AX,67.88726806640625,0.006379304650816708,0.006359043011363041
2024-03-26,VGE.AX,67.24654388427734,-0.009438061073575144,-0.00948288180880911
2024-03-27,VGE.AX,67.17961120605469,-0.000995332612748645,-0.000995828285186903
2024-03-28,VGE.AX,67.75338745117188,0.008540928338469866,0.008504660968388394
2024-03-29,VGE.AX,67.75338745117188,0.0,0.0
2024-04-01,VGE.AX,67.75338745117188,0.0,0.0
2024-04-02,VGE.AX,68.49967956542969,0.011014831026650018,0.010954609591121723
2024-04-03,VGE.AX,68.0692367553711,-0.006283866038343189,-0.006303692626593843
2024-04-04,VGE.AX,67.68659973144531,-0.005621291528519867,-0.005637150447405792
2024-04-05,VGE.AX,66.96917724609375,-0.01059918046109598,-0.010655751869785554
2024-04-08,VGE.AX,67.80138397216797,0.012426712710178256,0.01235013487035105
2024-04-09,VGE.AX,68.03096771240234,0.0033861217394708376,0.003380401738030712
2024-04-10,VGE.AX,68.4135971069336,0.005624341493256413,0.0056085839409340315
2024-04-11,VGE.AX,68.46142578125,0.0006991106496219146,0.0006988663856101251
2024-04-12,VGE.AX,68.46142578125,0.0,0.0
2024-04-15,VGE.AX,68.11705780029297,-0.005030102382871271,-0.0050427959323221215
2024-04-16,VGE.AX,67.43789672851562,-0.009970499221627072,-0.010020537531442589
2024-04-17,VGE.AX,67.39006042480469,-0.000709338606800114,-0.0007095903064635601
2024-04-18,VGE.AX,67.73443603515625,0.005110184026853926,0.005097171349084617
2024-04-19,VGE.AX,66.7491683959961,-0.014546037390032573,-0.014652868234495327
2024-04-22,VGE.AX,67.25614166259766,0.007595199742323366,0.007566501434080078
2024-04-23,VGE.AX,67.6483383178711,0.005831387968119772,0.005814451236507119
2024-04-24,VGE.AX,67.85877990722656,0.0031108168299216477,0.0031059882505393424
2024-04-25,VGE.AX,67.85877990722656,0.0,0.0
2024-04-26,VGE.AX,67.25614166259766,-0.00888077040955948,-0.008920439487046598
2024-04-29,VGE.AX,68.27011108398438,0.015076235364102075,0.014963718406336483
2024-04-30,VGE.AX,68.77709197998047,0.007426103282187624,0.007398665530530205
2024-05-01,VGE.AX,68.65274047851562,-0.0018080366279668025,-0.0018096730990213967
2024-05-02,VGE.AX,68.88230895996094,0.0033439084855928503,0.0033383300559923666
2024-05-03,VGE.AX,69.20755004882812,0.004721692605517136,0.004710580380265715
2024-05-06,VGE.AX,69.20755004882812,0.0,0.0
2024-05-07,VGE.AX,69.1310043334961,-0.0011060312823966134,-0.001106643386374489
2024-05-08,VGE.AX,69.11188507080078,-0.000276565672372997,-0.00027660392371139854
2024-05-09,VGE.AX,69.3892822265625,0.004013740263017596,0.004005706696825426
2024-05-10,VGE.AX,69.43711853027344,0.0006893903809921387,0.0006891528606000165
2024-05-13,VGE.AX,69.65713500976562,0.0031685715673277492,0.0031635622232931504
2024-05-14,VGE.AX,70.03018951416016,0.005355582085628807,0.005341291954498455
2024-05-15,VGE.AX,69.77191162109375,-0.0036880935901820733,-0.0036949113755963122
2024-05-16,VGE.AX,70.11627960205078,0.004935624851833964,0.004923484585640984
2024-05-17,VGE.AX,70.42237854003906,0.004365590127222374,0.004356088581841196
2024-05-20,VGE.AX,70.73805236816406,0.004482578331908016,0.004472561500655794
2024-05-21,VGE.AX,70.71891784667969,-0.00027049827983371966,-0.00027053487109214656
2024-05-22,VGE.AX,70.69978332519531,-0.0002705714689505978,-0.00027060808001459134
2024-05-23,VGE.AX,70.66152954101562,-0.00054107357025035,-0.000541220003377674
2024-05-24,VGE.AX,70.45108795166016,-0.002978163517297183,-0.0029826070708775386
2024-05-27,VGE.AX,70.42237854003906,-0.0004075084211728752,-0.00040759147529380747
2024-05-28,VGE.AX,70.37456512451172,-0.0006789520109741209,-0.0006791826032707004
2024-05-29,VGE.AX,69.34146118164062,-0.014680075692734329,-0.014788894293900956
2024-05-30,VGE.AX,69.02580261230469,-0.004552234175006276,-0.0045626271458171636
2024-05-31,VGE.AX,68.68142700195312,-0.004989085201744126,-0.005001572237222098
2024-06-03,VGE.AX,69.27449798583984,0.00863509990655631,0.008598030676174172
2024-06-04,VGE.AX,67.86835479736328,-0.020298136101455255,-0.020506974113655707
2024-06-05,VGE.AX,68.27967071533203,0.006060496371200319,0.006042205427330491
2024-06-06,VGE.AX,68.8918685913086,0.008966034393002698,0.008926078161663988
2024-06-07,VGE.AX,68.8057861328125,-0.001249530028090362,-0.0012503113416535675
2024-06-10,VGE.AX,68.8057861328125,0.0,0.0
2024-06-11,VGE.AX,69.26493072509766,0.006673052051158868,0.006650885795728906
2024-06-12,VGE.AX,69.29363250732422,0.0004143768271489545,0.0004142909967814405
2024-06-13,VGE.AX,69.47537994384766,0.002622859127845878,0.0026194254355938417
2024-06-14,VGE.AX,69.77191162109375,0.004268154812334446,0.0042590720747653545
2024-06-17,VGE.AX,70.07801818847656,0.004387246389996768,0.0043776504807284495
2024-06-18,VGE.AX,70.02061462402344,-0.0008191379541975241,-0.0008194736310144601
2024-06-19,VGE.AX,70.5467300415039,0.007513721784726535,0.007485634383400267
2024-06-20,VGE.AX,70.56586456298828,0.00027123186961497403,0.00027119509290128753
2024-06-21,VGE.AX,70.08758544921875,-0.006777768780011351,-0.006800842171336429
2024-06-24,VGE.AX,69.81017303466797,-0.003958082059365209,-0.003965935997363793
2024-06-25,VGE.AX,70.04931640625,0.003425623532880673,0.003419769450032593
2024-06-26,VGE.AX,69.81974792480469,-0.003277240852914698,-0.0032826227684913606
2024-06-27,VGE.AX,69.26493072509766,-0.007946422268733544,-0.007978163345997108
2024-06-28,VGE.AX,70.2119369506836,0.01367223233564574,0.013579610642408544
2024-07-01,VGE.AX,69.7947998046875,-0.0059411143476797434,-0.005958832981333879
2024-07-02,VGE.AX,69.7947998046875,0.0,0.0
2024-07-03,VGE.AX,69.77561950683594,-0.0002748098412093114,-0.00027484760835307114
2024-07-04,VGE.AX,70.2740249633789,0.007142974294827242,0.007117584089962278
2024-07-05,VGE.AX,70.13025665283203,-0.0020458243372539764,-0.0020479198944458243
2024-07-08,VGE.AX,70.06314849853516,-0.0009569072965052161,-0.0009573654245729796
2024-07-09,VGE.AX,70.37945556640625,0.004514599681139098,0.004504439444123552
2024-07-10,VGE.AX,70.19734191894531,-0.0025875967069552974,-0.0025909503217651847
2024-07-11,VGE.AX,70.90660095214844,0.010103787605264092,0.010053085578932393
2024-07-12,VGE.AX,70.964111328125,0.0008110722443932517,0.0008107435030437526
2024-07-15,VGE.AX,70.964111328125,0.0,0.0
2024-07-16,VGE.AX,70.94493865966797,-0.00027017414997820843,-0.00027021065358890273
2024-07-17,VGE.AX,71.19412994384766,0.003512460351471791,0.0035063060695153816
2024-07-18,VGE.AX,70.5903091430664,-0.008481328464263749,-0.008517499595225395
2024-07-19,VGE.AX,69.81395721435547,-0.010997995874157396,-0.011058920945054857
2024-07-22,VGE.AX,69.82353973388672,0.00013725793399488317,0.00013724851498654012
2024-07-23,VGE.AX,70.4848861694336,0.00947168301789647,0.009427107875001055
2024-07-24,VGE.AX,70.0152359008789,-0.006663134383529057,-0.006685432167383276
2024-07-25,VGE.AX,70.05357360839844,0.0005475623559108023,0.0005474124983457424
2024-07-26,VGE.AX,70.38904571533203,0.004788793628272225,0.004777363831498945
2024-07-29,VGE.AX,70.89701080322266,0.007216536077857105,0.007190621482427492
2024-07-30,VGE.AX,70.46570587158203,-0.006083541841245266,-0.006102121975588877
2024-07-31,VGE.AX,71.7787857055664,0.01863431037471419,0.018462818756089874
2024-08-01,VGE.AX,72.04717254638672,0.0037390830477577186,0.003732110053070982
2024-08-02,VGE.AX,69.45933532714844,-0.035918650625354265,-0.036579600613903626
2024-08-05,VGE.AX,68.22293090820312,-0.017800406714546524,-0.017960739462342792
2024-08-06,VGE.AX,68.87467193603516,0.009553108011571387,0.009507765620345077
2024-08-07,VGE.AX,69.14303588867188,0.0038964098861473673,0.0038888385421472346
2024-08-08,VGE.AX,69.0759506225586,-0.0009702389438220882,-0.0009707099302970671
2024-08-09,VGE.AX,70.07274627685547,0.014430429770608821,0.014327302053155683
2024-08-12,VGE.AX,70.46570587158203,0.005607880604165061,0.005592214981734926
2024-08-13,VGE.AX,70.3123550415039,-0.002176247696398459,-0.0021786191646427267
2024-08-14,VGE.AX,69.9960708618164,-0.004498273162672484,-0.004508420836168547
2024-08-15,VGE.AX,70.408203125,0.005887934252726934,0.005870668109305884
2024-08-16,VGE.AX,70.97369384765625,0.008031602818385997,0.007999521160080179
2024-08-19,VGE.AX,71.06954193115234,0.0013504733697788929,0.0013495623007750263
2024-08-20,VGE.AX,70.90660095214844,-0.002292697751756334,-0.002295330007327369
2024-08-21,VGE.AX,70.2740249633789,-0.008921256699308211,-0.008961289382272057
2024-08-22,VGE.AX,70.94493865966797,0.009547107862950543,0.009501822231727032
2024-08-23,VGE.AX,70.63823699951172,-0.0043230943031403735,-0.00433246589458591
2024-08-26,VGE.AX,70.73407745361328,0.0013567786820929406,0.0013558590895918726
2024-08-27,VGE.AX,70.30276489257812,-0.006097662916689672,-0.006116329583926663
2024-08-28,VGE.AX,69.78520202636719,-0.0073619133899180955,-0.007389146012759482
2024-08-29,VGE.AX,69.30598449707031,-0.006867036497448464,-0.006890723092668506
2024-08-30,VGE.AX,69.90980529785156,0.00871239049791983,0.008674656633545396
2024-09-02,VGE.AX,69.83313751220703,-0.0010966671315688625,-0.0010972689109756233
2024-09-03,VGE.AX,69.77561950683594,-0.0008236491645680077,-0.0008239885499102536
2024-09-04,VGE.AX,69.09512329101562,-0.009752635958375722,-0.009800504395671816
2024-09-05,VGE.AX,69.19096374511719,0.0013870798623210057,0.0013861187557005481
2024-09-06,VGE.AX,69.56476593017578,0.005402471144000609,0.005387930144811794
2024-09-09,VGE.AX,69.15261840820312,-0.005924659077935268,-0.005942279501669475
2024-09-10,VGE.AX,69.29639434814453,0.0020791105709505597,0.0020769522116947142
2024-09-11,VGE.AX,69.41140747070312,0.001659727373126696,0.0016583515477697783
2024-09-12,VGE.AX,69.65101623535156,0.0034520084432745346,0.003446063938520564
2024-09-13,VGE.AX,69.7947998046875,0.002064342734786395,0.002062214907196802
2024-09-16,VGE.AX,70.2260971069336,0.006179504826334226,0.006160489981063482
2024-09-17,VGE.AX,70.29319763183594,0.0009554927251640422,0.0009550365325594716
2024-09-18,VGE.AX,70.08232116699219,-0.0029999554999364797,-0.0030044643863343014
2024-09-19,VGE.AX,70.12067413330078,0.0005472559365893304,0.0005471062466692393
2024-09-20,VGE.AX,70.39861297607422,0.003963721772626938,0.003955886924097205
2024-09-23,VGE.AX,70.49446868896484,0.0013616136574055027,0.0013606875021445965
2024-09-24,VGE.AX,71.31874084472656,0.011692721018986107,0.011624889401992489
2024-09-25,VGE.AX,72.03758239746094,0.0100792799230629,0.010028822745928473
2024-09-26,VGE.AX,73.33149719238281,0.017961663229934866,0.017802258509525756
2024-09-27,VGE.AX,74.0407485961914,0.009671852218534394,0.009625379268589952
2024-09-30,VGE.AX,74.11742401123047,0.0010355840060078947,0.001035048158802434
2024-10-01,VGE.AX,73.91197967529297,-0.0027718763661614965,-0.0027757251292984684
2024-10-02,VGE.AX,75.39983367919922,0.02013007918936327,0.019930147782119736
2024-10-03,VGE.AX,75.15026092529297,-0.0033099907748881385,-0.003315480912570703
2024-10-04,VGE.AX,75.98536682128906,0.011112481656268214,0.011051191669887616
2024-10-07,VGE.AX,76.67648315429688,0.009095387203081673,0.009054273278890716
2024-10-08,VGE.AX,75.56300354003906,-0.014521787756190507,-0.014628260960685827
2024-10-09,VGE.AX,74.50711822509766,-0.013973575234895397,-0.01407212477400514
2024-10-10,VGE.AX,75.47660827636719,0.013012046021435797,0.012928116628653077
2024-10-11,VGE.AX,74.55511474609375,-0.012208994963039066,-0.012284136974006633
2024-10-14,VGE.AX,75.5726089477539,0.013647543902592707,0.013555254905988842
2024-10-15,VGE.AX,75.3518295288086,-0.0029214211606475304,-0.0029256968408520327
2024-10-16,VGE.AX,75.09266662597656,-0.003439371073703623,-0.003445299307227962
2024-10-17,VGE.AX,74.89108276367188,-0.002684468022806308,-0.0026880776685219154
2024-10-18,VGE.AX,74.96786499023438,0.0010252519222455625,0.0010247267104458127
2024-10-21,VGE.AX,75.3326416015625,0.004865772973201787,0.004853973360565815
2024-10-22,VGE.AX,75.59181213378906,0.0034403483897103015,0.0034344439295802094
2024-10-23,VGE.AX,75.47660827636719,-0.0015240256076674008,-0.0015251881159722256
2024-10-24,VGE.AX,75.0734634399414,-0.005341321578065772,-0.005355637435988419
2024-10-25,VGE.AX,75.28462982177734,0.0028127965883026906,0.0028088480784827885
2024-10-28,VGE.AX,75.43822479248047,0.002040190289395394,0.0020381119275426174
2024-10-29,VGE.AX,75.64939880371094,0.002799297197294548,0.0027953864614032203
2024-10-30,VGE.AX,75.65900421142578,0.00012697269068540074,0.00012696463033559977
2024-10-31,VGE.AX,75.26543426513672,-0.005201891703322525,-0.005215468646294318
2024-11-01,VGE.AX,75.28462982177734,0.0002550381437116389,0.00025500562701281313
2024-11-04,VGE.AX,75.11186218261719,-0.002294859383238701,-0.002297496608513101
2024-11-05,VGE.AX,75.62060546875,0.006773141702916652,0.006750307028986311
2024-11-06,VGE.AX,75.60140228271484,-0.00025394118330734905,-0.0002539734318292396
2024-11-07,VGE.AX,75.60140228271484,0.0,0.0
2024-11-08,VGE.AX,76.06214904785156,0.0060944208867150795,0.006075925013458785
2024-11-11,VGE.AX,75.50540924072266,-0.0073195382210231585,-0.007346457479037016
2024-11-12,VGE.AX,74.76628875732422,-0.00978897394015854,-0.009837200932159043
2024-11-13,VGE.AX,74.68949127197266,-0.0010271672785689967,-0.0010276951764019583
2024-11-14,VGE.AX,74.82388305664062,0.0017993399389828468,0.0017977230661202377
2024-11-15,VGE.AX,74.40154266357422,-0.005644459707426552,-0.005660449869057661
2024-11-18,VGE.AX,74.73749542236328,0.004515400444156992,0.004505236607946735
2024-11-19,VGE.AX,74.39193725585938,-0.004623625190422254,-0.004634347207865259
2024-11-20,VGE.AX,73.95037841796875,-0.005935573856235998,-0.005953259391998764
2024-11-21,VGE.AX,74.26715087890625,0.004283581338111686,0.004274432919596874
2024-11-22,VGE.AX,74.13275909423828,-0.0018095723759095073,-0.0018112116298656192
2024-11-25,VGE.AX,74.28634643554688,0.0020717877384457406,0.002069644545878703
2024-11-26,VGE.AX,74.0751724243164,-0.0028427028836811585,-0.002846751037142095
2024-11-27,VGE.AX,74.03677368164062,-0.0005183753397943747,-0.0005185097427402837
2024-11-28,VGE.AX,74.0751724243164,0.0005186441921536389,0.0005185097427402078
2024-11-29,VGE.AX,73.81600189208984,-0.0034987503065397885,-0.0035048852473241678
2024-12-02,VGE.AX,74.53591918945312,0.009752862237319748,0.009705610057337765
2024-12-03,VGE.AX,74.53591918945312,0.0,0.0
2024-12-04,VGE.AX,75.1214599609375,0.00785582009119734,0.007825123794794303
2024-12-05,VGE.AX,76.02375793457031,0.012011187936203482,0.011939626077093065
2024-12-06,VGE.AX,76.52290344238281,0.006565651598571254,0.006544191589527927
2024-12-09,VGE.AX,76.89725494384766,0.004892019050828367,0.004880092008028939
2024-12-10,VGE.AX,77.78036499023438,0.011484285713860398,0.011418841878548417
2024-12-11,VGE.AX,77.44440460205078,-0.004319347025766418,-0.004328702354123131
2024-12-12,VGE.AX,77.73237609863281,0.0037184286981322145,0.0037115324323687936
2024-12-13,VGE.AX,77.1660385131836,-0.007285736187076064,-0.007312406785223186
2024-12-16,VGE.AX,77.01245880126953,-0.0019902500487675168,-0.001992233228181327
2024-12-17,VGE.AX,76.98365783691406,-0.0003739779875070459,-0.0003740479347143033
2024-12-18,VGE.AX,77.65558624267578,0.008728195368232106,0.008690324872226946
2024-12-19,VGE.AX,76.79167938232422,-0.011124851438914285,-0.011187195408166482
2024-12-20,VGE.AX,76.83967590332031,0.0006250224162585027,0.0006248271710989216
2024-12-23,VGE.AX,76.96446228027344,0.0016239836449873923,0.0016226664094675946
2024-12-24,VGE.AX,76.85885620117188,-0.0013721408033358085,-0.0013730830505571004
2024-12-25,VGE.AX,76.85885620117188,0.0,0.0
2024-12-26,VGE.AX,76.85885620117188,0.0,0.0
2024-12-27,VGE.AX,78.20272827148438,0.017484934550613396,0.017333831886534597
2024-12-30,VGE.AX,77.02204132080078,-0.015097771865257514,-0.01521290351363629
2024-12-31,VGE.AX,76.89725494384766,-0.0016201385319480899,-0.001621452375643729
2025-01-01,VGE.AX,76.89725494384766,0.0,0.0
2025-01-02,VGE.AX,76.78376007080078,-0.001475928797845305,-0.0014770190536454618
2025-01-03,VGE.AX,77.5366439819336,0.009805249318848075,0.009757489803942046
2025-01-06,VGE.AX,76.7446517944336,-0.010214424391189025,-0.010266949606696925
2025-01-07,VGE.AX,75.29756164550781,-0.018855908719241032,-0.019035948163374904
2025-01-08,VGE.AX,75.58111572265625,0.003765780338059077,0.0037587075381280348
2025-01-09,VGE.AX,75.61044311523438,0.0003880253989070326,0.00038795013652044975
2025-01-10,VGE.AX,75.76688385009766,0.002069036080437403,0.0020668985731649736
2025-01-13,VGE.AX,75.0140151977539,-0.009936645326911853,-0.009986343281788778
2025-01-14,VGE.AX,74.7597885131836,-0.0033890558171044693,-0.003394811675065565
2025-01-15,VGE.AX,74.76956939697266,0.00013083081137055252,0.00013082225376634133
2025-01-16,VGE.AX,75.58111572265625,0.010853965486612216,0.010795483993402764
2025-01-17,VGE.AX,75.72776794433594,0.0019403288807990915,0.0019384488742108308
2025-01-20,VGE.AX,76.81310272216797,0.014332058203931464,0.014230325135120627
2025-01-21,VGE.AX,76.26555633544922,-0.007128294097157095,-0.007153821770370902
2025-01-22,VGE.AX,76.06021881103516,-0.002692401842725678,-0.0026960328754976584
2025-01-23,VGE.AX,76.2166519165039,0.002056700702602443,0.0020545885892066656
2025-01-24,VGE.AX,76.1482162475586,-0.0008979096722889768,-0.0008983130346521592
2025-01-27,VGE.AX,76.1482162475586,0.0,0.0
2025-01-28,VGE.AX,75.19979095458984,-0.01245499027692798,-0.012533203779170388
2025-01-29,VGE.AX,76.73487854003906,0.020413455489207477,0.020207893683493558
2025-01-30,VGE.AX,77.2433090209961,0.006625806812110113,0.00660395263540903
2025-01-31,VGE.AX,78.42639923095703,0.015316410249065715,0.015200298150262144
2025-02-03,VGE.AX,76.48065948486328,-0.024809754944425833,-0.0251227038844104
2025-02-04,VGE.AX,77.30197143554688,0.010738818888534007,0.010681567284664293
2025-02-05,VGE.AX,77.13574981689453,-0.0021502895148144408,-0.0021526047067972954
2025-02-06,VGE.AX,77.0086441040039,-0.0016478184653982986,-0.0016491776115350278
2025-02-07,VGE.AX,77.38020324707031,0.004824901767710665,0.004813299234930012
2025-02-10,VGE.AX,77.74197387695312,0.004675234939971684,0.0046643399735876
2025-02-11,VGE.AX,77.2433090209961,-0.006414358049955049,-0.006435018440701304
2025-02-12,VGE.AX,77.23352813720703,-0.00012662434990196036,-0.00012663236744177205
2025-02-13,VGE.AX,77.89840698242188,0.008608681504665538,0.008571838103778387
2025-02-14,VGE.AX,77.81040954589844,-0.001129643595193075,-0.0011302821234373448
2025-02-17,VGE.AX,78.1330795288086,0.004146874239491227,0.004138299653491558
2025-02-18,VGE.AX,78.78817749023438,0.008384386809996869,0.008349433080065909
2025-02-19,VGE.AX,78.47530364990234,-0.003971075995136575,-0.003978981653670734
2025-02-20,VGE.AX,77.85929870605469,-0.007849666266929067,-0.007880637077328721
2025-02-21,VGE.AX,78.57307434082031,0.009167506600083364,0.009125740080617905
2025-02-24,VGE.AX,78.42639923095703,-0.001866735024609878,-0.0018684795458132177
2025-02-25,VGE.AX,78.36773681640625,-0.0007479932156265745,-0.0007482731021293929
2025-02-26,VGE.AX,78.65129089355469,0.0036182501711479187,0.003611720050995984
2025-02-27,VGE.AX,78.61217498779297,-0.0004973332963429389,-0.000497457007565605
2025-02-28,VGE.AX,77.73219299316406,-0.011193965753594215,-0.01125708970185638
2025-03-03,VGE.AX,77.92774963378906,0.0025157741354626673,0.002512614873263057
2025-03-04,VGE.AX,77.25308990478516,-0.008657503035496061,-0.008695196929254224
2025-03-05,VGE.AX,77.89840698242188,0.008353285006879041,0.008318589402620966
2025-03-06,VGE.AX,78.61217498779297,0.009162806185910366,0.009121082355226547
2025-03-07,VGE.AX,79.14994812011719,0.006840837725297977,0.006817545360760361
2025-03-10,VGE.AX,78.0939712524414,-0.013341472644722963,-0.01343126966825045
2025-03-11,VGE.AX,77.49752807617188,-0.007637506029005814,-0.007666821136439099
2025-03-12,VGE.AX,77.69307708740234,0.002523293530579007,0.0025201153706225707
2025-03-13,VGE.AX,76.75442504882812,-0.012081540257676493,-0.012155115265287312
2025-03-14,VGE.AX,78.30906677246094,0.020254750428314816,0.020052351434388663
2025-03-17,VGE.AX,78.70018005371094,0.004994482725562799,0.004982051670659279
2025-03-18,VGE.AX,78.97394561767578,0.003478588788208725,0.003472552492706156
2025-03-19,VGE.AX,79.10106658935547,0.0016096570924175602,0.0016083629829688236
2025-03-20,VGE.AX,79.44327545166016,0.004326223110002081,0.00431689190969278
2025-03-21,VGE.AX,79.52149963378906,0.0009846545435616694,0.0009841700892639273
2025-03-24,VGE.AX,79.24773406982422,-0.003442660981314294,-0.0034486005745524104
2025-03-25,VGE.AX,79.33572387695312,0.0011103132242415992,0.0011096972823970597
2025-03-26,VGE.AX,79.05216979980469,-0.003574103358383929,-0.003580505725492294
2025-03-27,VGE.AX,78.87616729736328,-0.0022264095076343082,-0.0022288916421317312
2025-03-28,VGE.AX,78.70018005371094,-0.002231184015177523,-0.0022336768148524177
2025-03-31,VGE.AX,77.52686309814453,-0.01490869467853373,-0.015020946348200675
2025-04-01,VGE.AX,78.48966217041016,0.01241890918566857,0.012342427098039581
2025-04-02,VGE.AX,77.93125915527344,-0.007114351109377415,-0.007139778777911373
2025-04-03,VGE.AX,77.39244079589844,-0.006914020961748313,-0.006938033551049805
2025-04-04,VGE.AX,76.80464935302734,-0.007594946442136874,-0.007623934918424851
2025-04-07,VGE.AX,71.96517181396484,-0.06301021591568201,-0.06508289959470037
2025-04-08,VGE.AX,72.01416778564453,0.0006808289405095813,0.0006805972816272145
2025-04-09,VGE.AX,72.67052459716797,0.00911427336738968,0.009072989039376395
2025-04-10,VGE.AX,74.44369506835938,0.02440013308037292,0.024107205253780056
2025-04-11,VGE.AX,74.20858001708984,-0.003158293674885848,-0.0031632916104273796
2025-04-14,VGE.AX,74.45349884033203,0.0033004111274705927,0.003294976724558465
2025-04-15,VGE.AX,74.2281723022461,-0.0030264063018604626,-0.0030309951301905097
2025-04-16,VGE.AX,73.4934310913086,-0.009898414417988666,-0.009947729418720368
2025-04-17,VGE.AX,74.07142639160156,0.007864584517422557,0.00783381986812395
2025-04-18,VGE.AX,74.07142639160156,0.0,0.0
2025-04-21,VGE.AX,74.07142639160156,0.0,0.0
2025-04-22,VGE.AX,73.50322723388672,-0.007670962817846738,-0.0077005359866502586
2025-04-23,VGE.AX,75.12945556640625,0.022124584099483036,0.02188338660202059
2025-04-24,VGE.AX,75.12945556640625,0.0,0.0
2025-04-25,VGE.AX,75.12945556640625,0.0,0.0
2025-04-28,VGE.AX,75.78582000732422,0.008736446124487207,0.008698504203934136
2025-04-29,VGE.AX,75.5801010131836,-0.002714478699587075,-0.0027181695776119234
2025-04-30,VGE.AX,76.08950805664062,0.006739962458745197,0.006717350457602812
2025-05-01,VGE.AX,76.736083984375,0.008497570088809914,0.008461668978200365
2025-05-02,VGE.AX,77.57857513427734,0.010979074069949801,0.010919241574814833
2025-05-05,VGE.AX,77.41204071044922,-0.002146654840461837,-0.002148962206634431
2025-05-06,VGE.AX,77.55899047851562,0.001898280509307959,0.0018964810517522127
2025-05-07,VGE.AX,77.31407928466797,-0.003157740867133829,-0.003162737051368274
2025-05-08,VGE.AX,77.78430938720703,0.006082075954208621,0.006063654785150289
2025-05-09,VGE.AX,78.36229705810547,0.00743064604483723,0.007403174796661538
2025-05-12,VGE.AX,78.9109115600586,0.007001000768856125,0.00697660754810234
2025-05-13,VGE.AX,79.43012237548828,0.006579708752122659,0.0065581569532105425
2025-05-14,VGE.AX,80.23343658447266,0.010113470619960596,0.010062671691175673
2025-05-15,VGE.AX,79.988525390625,-0.0030524829082922977,-0.003057151236660532
2025-05-16,VGE.AX,80.3313980102539,0.004286522572512608,0.004277361604431123
2025-05-19,VGE.AX,80.43915557861328,0.0013414128351858512,0.0013405139447542978
2025-05-20,VGE.AX,80.26282501220703,-0.002192098675550147,-0.002194504840862789
2025-05-21,VGE.AX,80.47834777832031,0.002685212812787219,0.0026816140696834592
2025-05-22,VGE.AX,79.89055633544922,-0.007303721548685083,-0.00733052430925829
2025-05-23,VGE.AX,79.90035247802734,0.000122619531362389,0.0001226120142021474
2025-05-26,VGE.AX,79.41053009033203,-0.006130415855549742,-0.006149284007432962
2025-05-27,VGE.AX,79.62605285644531,0.0027140325831866985,0.0027103562470505134
2025-05-28,VGE.AX,79.59666442871094,-0.0003690805544179776,-0.00036914868140921646
2025-05-29,VGE.AX,80.45875549316406,0.010830743607670223,0.01077251119369908
2025-05-30,VGE.AX,79.48889923095703,-0.01205407983584128,-0.012127319408328466
2025-06-02,VGE.AX,78.08799743652344,-0.017623867080650335,-0.017781016551164996
2025-06-03,VGE.AX,79.00887298583984,0.01179279248472187,0.011723799391858511
2025-06-04,VGE.AX,80.05709838867188,0.013267185864300313,0.013179947511779153
2025-06-05,VGE.AX,79.988525390625,-0.0008565511294695849,-0.0008569181790010443
2025-06-06,VGE.AX,80.0277099609375,0.0004898773933028622,0.0004897574425451385
2025-06-09,VGE.AX,80.0277099609375,0.0,0.0
2025-06-10,VGE.AX,80.49794006347656,0.00587584104016714,0.005858645611725939
2025-06-11,VGE.AX,81.5461654663086,0.013021766793106293,0.012937712491870253
2025-06-12,VGE.AX,81.69310760498047,0.0018019503165060957,0.0018003287517283934
2025-06-13,VGE.AX,80.42936706542969,-0.015469365489944154,-0.015590264566297142
2025-06-16,VGE.AX,80.52732849121094,0.0012179808116798974,0.0012172396747837245
2025-06-17,VGE.AX,80.53712463378906,0.00012164991390717361,0.00012164251515642897
2025-06-18,VGE.AX,80.54692840576172,0.00012172984840508327,0.00012172243992830265
2025-06-19,VGE.AX,80.0962905883789,-0.005594723800176338,-0.005610432886775897
2025-06-20,VGE.AX,80.07669067382812,-0.00024470439775425845,-0.00024473434276061474
2025-06-23,VGE.AX,80.60570526123047,0.006606349275311008,0.006584622985084424
2025-06-24,VGE.AX,81.15430450439453,0.006805960463792671,0.006782904467888623
2025-06-25,VGE.AX,82.31028747558594,0.014244259478914056,0.014143763220435042
2025-06-26,VGE.AX,81.9968032836914,-0.0038085663591870267,-0.003815837415447969
2025-06-27,VGE.AX,82.31028747558594,0.003823126992035908,0.003815837415448082
2025-06-30,VGE.AX,81.8400650024414,-0.005712803193452576,-0.0057291836690288155
2025-07-01,VGE.AX,81.96888732910156,0.001574074099969458,0.0015728365438331942
2025-07-02,VGE.AX,81.7037353515625,-0.003234788054087945,-0.003240031291192509
2025-07-03,VGE.AX,82.01798248291016,0.0038461782682943646,0.0038388006357344836
2025-07-04,VGE.AX,82.47953033447266,0.005627398255726002,0.005611623602662277
2025-07-07,VGE.AX,83.04910278320312,0.006905621872732803,0.0068818872714794576
2025-07-08,VGE.AX,82.70539855957031,-0.00413856636753851,-0.004147153934995846
2025-07-09,VGE.AX,82.96072387695312,0.0030871662772884445,0.003082410764335644
2025-07-10,VGE.AX,82.53845977783203,-0.0050899278524545455,-0.0051029256592507
2025-07-11,VGE.AX,82.11127471923828,-0.005175587959159844,-0.005189027706975083
2025-07-14,VGE.AX,81.67427825927734,-0.005322003116565277,-0.005336215422871271
2025-07-15,VGE.AX,82.68576049804688,0.012384342541216675,0.012308283884938978
2025-07-16,VGE.AX,82.69557189941406,0.00011865889976814259,0.00011865186035774911
2025-07-17,VGE.AX,83.86418151855469,0.014131465473895544,0.014032547133842012
2025-07-18,VGE.AX,84.17842102050781,0.0037470049342054335,0.0037400023981240126
2025-07-21,VGE.AX,84.06057739257812,-0.001399926804293239,-0.0014009076173064146
2025-07-22,VGE.AX,84.15878295898438,0.0011682713758627283,0.0011675894779018046
2025-07-23,VGE.AX,84.07040405273438,-0.0010501447756566806,-0.0010506965640205371
2025-07-24,VGE.AX,84.09986114501953,0.00035038599632142287,0.0003503246254834501
2025-07-25,VGE.AX,83.62849426269531,-0.005604847331571738,-0.005620613427013661
2025-07-28,VGE.AX,84.09004211425781,0.005519026207893685,0.0055038521876932135
2025-07-29,VGE.AX,83.66777038574219,-0.005021661517803255,-0.005034312430173732
2025-07-30,VGE.AX,83.9623794555664,0.0035211774912364824,0.0035149926601139485
2025-07-31,VGE.AX,83.58921813964844,-0.004444387097383928,-0.00445429274630776
2025-08-01,VGE.AX,83.42227172851562,-0.0019972242215964275,-0.0019992213334552554
2025-08-04,VGE.AX,83.3731689453125,-0.0005886052032114675,-0.0005887784992593982
2025-08-05,VGE.AX,84.24716186523438,0.01048290392434481,0.01042833928630241
2025-08-06,VGE.AX,84.04093933105469,-0.002447827672931835,-0.002450828501097062
2025-08-07,VGE.AX,84.58104705810547,0.006426721682907255,0.006406158363243905
2025-08-08,VGE.AX,83.9623794555664,-0.007314494488511736,-0.007341376569426867
2025-08-11,VGE.AX,84.1195068359375,0.0018714021850017026,0.0018696532935123262
2025-08-12,VGE.AX,84.64978790283203,0.006303901280933166,0.006284114806371225
2025-08-13,VGE.AX,85.45503997802734,0.009512747700202606,0.009467786427729857
2025-08-14,VGE.AX,85.2193603515625,-0.0027579371155339594,-0.002761747231085713
2025-08-15,VGE.AX,85.8380355834961,0.007259796710293642,0.007233571237397621
2025-08-18,VGE.AX,86.08353424072266,0.0028600218487964124,0.0028559397676838705
2025-08-19,VGE.AX,85.95587158203125,-0.0014830090309072563,-0.0014841097772125406
2025-08-20,VGE.AX,85.8969497680664,-0.0006854891106375938,-0.000685724165722601
2025-08-21,VGE.AX,86.61382293701172,0.008345734870457866,0.00831110178414464
2025-08-22,VGE.AX,86.8200454711914,0.002380942523800833,0.002378112571229493
2025-08-25,VGE.AX,87.20303344726562,0.0044112851357731575,0.0044015839368717865
2025-08-26,VGE.AX,86.99681091308594,-0.0023648550517958444,-0.002367655737852823
2025-08-27,VGE.AX,86.54508209228516,-0.005192475632837645,-0.0052060033830980705
2025-08-28,VGE.AX,85.45503997802734,-0.012595078633069745,-0.012675069002355462
2025-08-29,VGE.AX,85.23899841308594,-0.002528131342480866,-0.0025313324628967095
2025-09-01,VGE.AX,85.17025756835938,-0.0008064482925225214,-0.0008067736468795152
2025-09-02,VGE.AX,85.857666015625,0.008070991762751278,0.008038595505280828
2025-09-03,VGE.AX,85.4354019165039,-0.0049181874923579505,-0.004930321577950409
2025-09-04,VGE.AX,85.07205200195312,-0.0042529198248038025,-0.00426198921170626
2025-09-05,VGE.AX,85.61216735839844,0.006348916521173198,0.006328847052140961
2025-09-08,VGE.AX,85.769287109375,0.0018352502433305329,0.0018335682292328027
2025-09-09,VGE.AX,86.03443908691406,0.00309145600337013,0.003086687278933148
2025-09-10,VGE.AX,86.87896728515625,0.009816164401200034,0.00976829884199038
2025-09-11,VGE.AX,87.09501647949219,0.0024867836380559893,0.00248369670824995
2025-09-12,VGE.AX,86.85932159423828,-0.0027061810741996206,-0.002709849401803263
2025-09-15,VGE.AX,87.02627563476562,0.0019221200150199014,0.0019202751060565099
2025-09-16,VGE.AX,87.64494323730469,0.007108974824287628,0.0070838251845207695
2025-09-17,VGE.AX,88.26360321044922,0.007058706986317054,0.007033910931169406
2025-09-18,VGE.AX,88.98048400878906,0.00812204320087151,0.008089236924277756
2025-09-19,VGE.AX,89.02958679199219,0.0005518376726101337,0.0005516854661945929
2025-09-22,VGE.AX,88.99030303955078,-0.00044124379160814797,-0.0004413411682955904
2025-09-23,VGE.AX,89.35364532470703,0.004082942441433923,0.0040746298508147274
2025-09-24,VGE.AX,89.1572494506836,-0.002197961519194269,-0.0022003805819354265
2025-09-25,VGE.AX,89.84465026855469,0.0077099823301673975,0.0076804123087101
2025-09-26,VGE.AX,89.01976776123047,-0.00918120895188046,-0.009223616015771185
2025-09-29,VGE.AX,89.461669921875,0.004964090243751329,0.004951809771923141
2025-09-30,VGE.AX,89.1572494506836,-0.003402803362124285,-0.003408606064862079
2025-10-01,VGE.AX,89.31310272216797,0.0017480717770526066,0.0017465456778122477
2025-10-02,VGE.AX,90.29835510253906,0.011031442759703358,0.010971040207244674
2025-10-03,VGE.AX,90.13086700439453,-0.001854830001657759,-0.0018565523289043033
2025-10-06,VGE.AX,90.25894165039062,0.0014209853988185195,0.001419976754466228
2025-10-07,VGE.AX,90.6431884765625,0.0042571607770476305,0.004248124704372167
2025-10-08,VGE.AX,90.5151138305664,-0.0014129538926050955,-0.0014139530532459245
2025-10-09,VGE.AX,90.5151138305664,0.0,0.0
2025-10-10,VGE.AX,90.268798828125,-0.0027212582740875346,-0.002724967628320201
2025-10-13,VGE.AX,88.96826934814453,-0.014407297946400277,-0.014512090802536242
2025-10-14,VGE.AX,89.88455200195312,0.010298982553241132,0.010246309377144701
2025-10-15,VGE.AX,90.10130310058594,0.0024114388268643427,0.002408535974021273
2025-10-16,VGE.AX,91.41168975830078,0.014543481754664134,0.014438739645852298
2025-10-17,VGE.AX,91.03729248046875,-0.0040957264746113164,-0.004104136934773536
2025-10-20,VGE.AX,91.11611938476562,0.0008658748755492329,0.0008655002221522236
2025-10-21,VGE.AX,92.1210708618164,0.011029348965215124,0.010968969256166642
2025-10-22,VGE.AX,91.6284408569336,-0.005347636542586076,-0.005361986332050806
2025-10-23,VGE.AX,91.13581848144531,-0.005376304244415264,-0.005390808577910955
2025-10-24,VGE.AX,91.13581848144531,0.0,0.0
2025-10-27,VGE.AX,92.71221923828125,0.017297268879599592,0.017149374138447804
2025-10-28,VGE.AX,91.49050903320312,-0.01317744538007648,-0.0132650382647449
2025-10-29,VGE.AX,91.6284408569336,0.001507608004240213,0.001506472704208025
2025-10-30,VGE.AX,91.7663803100586,0.0015054218082830584,0.0015042897968333684
2025-10-31,VGE.AX,91.66785430908203,-0.0010736611888108039,-0.0010742379758711966
2025-11-03,VGE.AX,91.3328628540039,-0.0036544048903840443,-0.00366109854044973
2025-11-04,VGE.AX,91.14567565917969,-0.002049505391322759,-0.002051608501545768
2025-11-05,VGE.AX,90.79097747802734,-0.003891552490966954,-0.003899144283669058
2025-11-06,VGE.AX,91.71710968017578,0.010200707469776749,0.010149031378016909
2025-11-07,VGE.AX,91.34272003173828,-0.004082004434538211,-0.00409035855676636
2025-11-10,VGE.AX,91.77622985839844,0.00474597019345957,0.004734743583678304
2025-11-11,VGE.AX,91.3624267578125,-0.004508826536287147,-0.004519021952438893
2025-11-12,VGE.AX,92.07180786132812,0.007764473084718837,0.007734484692925457
2025-11-13,VGE.AX,91.54962158203125,-0.00567151108929409,-0.005687655178168574
2025-11-14,VGE.AX,91.48065185546875,-0.0007533589475375857,-0.0007536428649929625
2025-11-17,VGE.AX,91.03729248046875,-0.00484648246385988,-0.004858264743819626
2025-11-18,VGE.AX,90.22938537597656,-0.008874463227973473,-0.008914075811184708
2025-11-19,VGE.AX,89.93380737304688,-0.003275850785174339,-0.0032812281311578777
2025-11-20,VGE.AX,91.19493103027344,0.014022798478834586,0.013925388623174132
2025-11-21,VGE.AX,89.4805908203125,-0.01879863486482425,-0.01897757530731555
2025-11-24,VGE.AX,89.18501281738281,-0.0033032638723099472,-0.0033087316928381055
2025-11-25,VGE.AX,90.08159637451172,0.010053074264448014,0.010002878249210687
2025-11-26,VGE.AX,90.3377685546875,0.0028437793121556254,0.002839743421412063
2025-11-27,VGE.AX,90.11115264892578,-0.002508539998135273,-0.00251169165640691
2025-11-28,VGE.AX,89.6579360961914,-0.00502952785988775,-0.005042218504985853
2025-12-01,VGE.AX,89.6579360961914,0.0,0.0
2025-12-02,VGE.AX,89.6579360961914,0.0,0.0
2025-12-03,VGE.AX,89.64808654785156,-0.0001098569604510713,-0.00010986299516892562
2025-12-04,VGE.AX,88.59386444091797,-0.011759560605578367,-0.01182925113048726
2025-12-05,VGE.AX,88.86973571777344,0.003113886933326482,0.003109048828349074
2025-12-08,VGE.AX,89.25398254394531,0.004323708437618645,0.00431438806634612
2025-12-09,VGE.AX,88.39682006835938,-0.009603632814523477,-0.009650045086120952
2025-12-10,VGE.AX,88.386962890625,-0.00011151054672275951,-0.0001115167644860098
2025-12-11,VGE.AX,87.99285888671875,-0.0044588476741070915,-0.004468817983831068
2025-12-12,VGE.AX,88.65298461914062,0.0075020375604766265,0.007474037229188594
2025-12-15,VGE.AX,88.50519561767578,-0.001667050490175348,-0.001668441565053412
2025-12-16,VGE.AX,87.24407196044922,-0.014249148294913194,-0.014351642207439943
2025-12-17,VGE.AX,87.51008605957031,0.003049079360276652,0.0030444403452285764
2025-12-18,VGE.AX,87.89434051513672,0.004390973347973004,0.004381361152160088
2025-12-19,VGE.AX,88.0125732421875,0.0013451688283663277,0.001344264899311911
2025-12-22,VGE.AX,88.67268371582031,0.007500183772793045,0.007472197243441724
2025-12-23,VGE.AX,88.58401489257812,-0.000999956463778151,-0.0010004567537828324
2025-12-24,VGE.AX,88.18006134033203,-0.00456011790316746,-0.004570546958037059
2025-12-25,VGE.AX,88.18006134033203,0.0,0.0
2025-12-26,VGE.AX,88.18006134033203,0.0,0.0
2025-12-29,VGE.AX,88.62342071533203,0.005027886897116751,0.005015289282401181
2025-12-30,VGE.AX,88.58401489257812,-0.000444643441156245,-0.0004447423243640595
2025-12-31,VGE.AX,88.77120971679688,0.002113189658944137,0.0021109600142323773
2026-01-01,VGE.AX,88.77120971679688,0.0,0.0
2026-01-02,VGE.AX,89.68000030517578,0.010237447380498477,0.010185399638671244
2026-01-05,VGE.AX,91.4000015258789,0.019179317739184354,0.018997712987775837
2026-01-06,VGE.AX,91.3499984741211,-0.0005470793317619016,-0.000547229034261441
2026-01-07,VGE.AX,90.5,-0.009304854825606723,-0.00934841541447989
2026-01-08,VGE.AX,91.01000213623047,0.005635382720778681,0.005619563355864337
2026-01-09,VGE.AX,91.0,-0.00010990150528178422,-0.00010990754489472825
2026-01-12,VGE.AX,91.0,0.0,0.0
2026-01-13,VGE.AX,91.97000122070312,0.01065935407366081,0.010602943670596526
2026-01-14,VGE.AX,92.54000091552734,0.006197669753818635,0.006178543184721681
2026-01-15,VGE.AX,92.72000122070312,0.0019451080980654734,0.0019432188248060067
2026-01-16,VGE.AX,92.77999877929688,0.0006470832377465374,0.0006468739696592991
2026-01-19,VGE.AX,92.80999755859375,0.0003233323958995449,0.00032328013524516403
2026-01-20,VGE.AX,91.88999938964844,-0.009912705453574588,-0.009962163431283094
2026-01-21,VGE.AX,91.2300033569336,-0.007182457689614452,-0.007208375716835112
2026-01-22,VGE.AX,91.18000030517578,-0.0005480987604722376,-0.0005482490215056191
2026-01-23,VGE.AX,91.29000091552734,0.0012064116032397543,0.0012056844735146076
2026-01-26,VGE.AX,91.29000091552734,0.0,0.0
2026-01-27,VGE.AX,91.1500015258789,-0.0015335676223509065,-0.0015347447407914783
2026-01-28,VGE.AX,91.5,0.0038398076605816733,0.0038324544164976488
2026-01-29,VGE.AX,90.4000015258789,-0.012021841247225051,-0.012094688004153503
2026-01-30,VGE.AX,90.2699966430664,-0.0014381070864836198,-0.0014391421549582739
2026-02-02,VGE.AX,88.80999755859375,-0.016173691578228233,-0.0163059133421693
2026-02-03,VGE.AX,89.30999755859375,0.005629996776771895,0.005614207579285372
2026-02-04,VGE.AX,89.48999786376953,0.002015455269245514,0.0020134269641226116
2026-02-05,VGE.AX,89.19999694824219,-0.003240595848139516,-0.0032458579501709727
2026-02-06,VGE.AX,89.0999984741211,-0.0011210591652723867,-0.0011216880221328388
2026-02-09,VGE.AX,89.81999969482422,0.008080821919567605,0.008048346910655852
2026-02-10,VGE.AX,89.91999816894531,0.0011133208022806595,0.0011127015202733396
2026-02-11,VGE.AX,90.80000305175781,0.00978653136935237,0.00973895343468641
2026-02-12,VGE.AX,90.26000213623047,-0.005947146446895313,-0.005964901150538491
2026-02-13,VGE.AX,89.97000122070312,-0.003212950461596975,-0.0032181230694581222
2026-02-16,VGE.AX,90.12000274658203,0.0016672393447116907,0.0016658510440675167
2026-02-17,VGE.AX,89.83000183105469,-0.0032179417076010353,-0.0032231304163160414
2026-02-18,VGE.AX,90.19999694824219,0.004118836798905567,0.0041103776106728475
2026-02-19,VGE.AX,90.5999984741211,0.004434606867098179,0.004424802971660779
2026-02-20,VGE.AX,90.4000015258789,-0.002207471872080813,-0.0022099119296808533
2026-02-23,VGE.AX,90.87000274658203,0.005199128459843827,0.005185659655332293
2026-02-24,VGE.AX,91.1500015258789,0.003081311443092316,0.0030765739323236107
2026-02-25,VGE.AX,91.69999694824219,0.006033959551905443,0.0060158281176387945
2026-02-26,VGE.AX,91.12000274658203,-0.006324909716055038,-0.006344996701218873
2026-02-27,VGE.AX,90.12999725341797,-0.010864853636115557,-0.010924307186640855
2026-03-02,VGE.AX,89.1500015258789,-0.010873136107877768,-0.010932680669748066
2026-03-03,VGE.AX,87.01000213623047,-0.02400447956276508,-0.02429728229552517
2026-03-04,VGE.AX,85.66999816894531,-0.01540057389249494,-0.015520394526879203
2026-03-05,VGE.AX,86.51000213623047,0.009805112469229105,0.00975735428312916
2026-03-06,VGE.AX,87.0,0.0056640602435533705,0.005648079768849931
2026-03-09,VGE.AX,84.30999755859375,-0.030919568292025912,-0.03140766567749309
2026-03-10,VGE.AX,85.61000061035156,0.015419322611821107,0.015301652906745903
2026-03-11,VGE.AX,86.73999786376953,0.01319936041772829,0.013113007895409182
2026-03-12,VGE.AX,85.0199966430664,-0.019829389705594558,-0.020028630332648577
2026-03-13,VGE.AX,85.5999984741211,0.006821946059227368,0.0067987818754108855
2024-03-14,VGS.AX,115.287109375,0.0003274865260181059,0.00032743291401023166
2024-03-15,VGS.AX,115.48519134521484,0.0017181623451980599,0.0017166879928187469
2024-03-18,VGS.AX,115.33425903320312,-0.0013069408315785624,-0.001307795623603424
2024-03-19,VGS.AX,116.02286529541016,0.005970526606572157,0.005952773640583014
2024-03-20,VGS.AX,116.51334381103516,0.004227429777537095,0.004218519299727766
2024-03-21,VGS.AX,116.7020263671875,0.0016194072711392948,0.0016180974450882711
2024-03-22,VGS.AX,118.11692810058594,0.012124054546804874,0.012051146896798683
2024-03-25,VGS.AX,117.76791381835938,-0.0029548201755581482,-0.0029591942752701657
2024-03-26,VGS.AX,117.4943618774414,-0.0023228053554543715,-0.0023255072526123816
2024-03-27,VGS.AX,117.8716812133789,0.0032113824860044993,0.0032062370103859536
2024-03-28,VGS.AX,118.19239044189453,0.002720833581181026,0.0027171388138734
2024-03-29,VGS.AX,118.19239044189453,0.0,0.0
2024-04-01,VGS.AX,118.19239044189453,0.0,0.0
2024-04-02,VGS.AX,118.39484405517578,0.0017129158021453872,0.001711450435001149
2024-04-03,VGS.AX,117.0635986328125,-0.011244116523713488,-0.011307809499482516
2024-04-04,VGS.AX,116.6737289428711,-0.003330409234763798,-0.0033359673916550313
2024-04-05,VGS.AX,115.33299255371094,-0.011491330578939918,-0.011557866130652418
2024-04-08,VGS.AX,116.1507568359375,0.007090462703859268,0.007065443568396798
2024-04-09,VGS.AX,115.96057891845703,-0.0016373368771853691,-0.0016386787781727467
2024-04-10,VGS.AX,115.83695983886719,-0.001066044001701405,-0.0010666126307665108
2024-04-11,VGS.AX,116.37896728515625,0.004679054483500034,0.004668141735724282
2024-04-12,VGS.AX,116.90196228027344,0.004493896167988121,0.0044838287665734215
2024-04-15,VGS.AX,116.34092712402344,-0.00479919366028192,-0.004810746768733891
2024-04-16,VGS.AX,115.43758392333984,-0.00776462095510555,-0.007794922580063439
2024-04-17,VGS.AX,115.19034576416016,-0.002141747520840953,-0.0021440443421226443
2024-04-18,VGS.AX,114.92411041259766,-0.0023112644535991933,-0.00231393954798168
2024-04-19,VGS.AX,114.05879974365234,-0.0075294093279355545,-0.007557898424485642
2024-04-22,VGS.AX,114.24897766113281,0.0016673673395466437,0.0016659788258514743
2024-04-23,VGS.AX,114.42964172363281,0.001581318854649627,0.0015800698864941595
2024-04-24,VGS.AX,115.19988250732422,0.0067311299073335995,0.006708577000218555
2024-04-25,VGS.AX,115.19988250732422,0.0,0.0
2024-04-26,VGS.AX,114.6958999633789,-0.004374852933667461,-0.004384450605259936
2024-04-29,VGS.AX,114.79097747802734,0.0008289530373692955,0.000828609645557567
2024-04-30,VGS.AX,115.53266906738281,0.006461235940755428,0.006440451635972608
2024-05-01,VGS.AX,114.42964172363281,-0.00954731984168633,-0.009593187676488622
2024-05-02,VGS.AX,113.92567443847656,-0.004404167290616989,-0.004413894205191218
2024-05-03,VGS.AX,113.99223327636719,0.0005842303608794008,0.0005840597647638337
2024-05-06,VGS.AX,114.40111541748047,0.0035869298228587976,0.0035805121320409755
2024-05-07,VGS.AX,115.90352630615234,0.013132834266424531,0.013047346251674571
2024-05-08,VGS.AX,116.12222290039062,0.001886884732571481,0.0018851068017235423
2024-05-09,VGS.AX,116.07469177246094,-0.00040931982477165896,-0.00040940361899767324
2024-05-10,VGS.AX,116.07469177246094,0.0,0.0
2024-05-13,VGS.AX,116.87342071533203,0.00688116359108526,0.0068575964360987765
2024-05-14,VGS.AX,116.57864379882812,-0.002522189516655726,-0.0025253755950245173
2024-05-15,VGS.AX,116.5311050415039,-0.0004077827273942791,-0.00040786589338052997
2024-05-16,VGS.AX,117.42493438720703,0.00767030695696902,0.007641039716436176
2024-05-17,VGS.AX,116.98751831054688,-0.003725069798359737,-0.0037320251490113657
2024-05-20,VGS.AX,116.93047332763672,-0.00048761597590885053,-0.00048773489923968
2024-05-21,VGS.AX,117.58660125732422,0.00561126548978419,0.005595580985510005
2024-05-22,VGS.AX,117.40592956542969,-0.0015364989715039856,-0.0015376805965809513
2024-05-23,VGS.AX,118.4233627319336,0.008665943622011785,0.008628609865687632
2024-05-24,VGS.AX,117.51052856445312,-0.007708227045931659,-0.007738088982062761
2024-05-27,VGS.AX,117.6151123046875,0.0008899946371785372,0.0008895988267801125
2024-05-28,VGS.AX,117.38690185546875,-0.0019403157021825601,-0.0019422005532266512
2024-05-29,VGS.AX,116.91145324707031,-0.0040502696713456965,-0.0040584942288467395
2024-05-30,VGS.AX,116.57864379882812,-0.0028466795938192346,-0.0028507390920650758
2024-05-31,VGS.AX,116.18879699707031,-0.003344067052543087,-0.003349670941443592
2024-06-03,VGS.AX,117.5390396118164,0.0116211084858735,0.01155410203119689
2024-06-04,VGS.AX,116.74029541015625,-0.006795565152634242,-0.00681876014729534
2024-06-05,VGS.AX,117.1777114868164,0.003746915965248565,0.003739913761285871
2024-06-06,VGS.AX,118.2426986694336,0.00908864978760926,0.009047596568195409
2024-06-07,VGS.AX,118.10957336425781,-0.0011258649089864736,-0.0011264991709900312
2024-06-10,VGS.AX,118.10957336425781,0.0,0.0
2024-06-11,VGS.AX,119.00341033935547,0.007567862194718167,0.007539369587408972
2024-06-12,VGS.AX,118.84176635742188,-0.0013583138623728397,-0.0013592372068696624
2024-06-13,VGS.AX,119.26966094970703,0.0036005404951509057,0.003594074066333202
2024-06-14,VGS.AX,119.43130493164062,0.0013552816420074887,0.001354364076788874
2024-06-17,VGS.AX,119.45983123779297,0.00023885116359290137,0.0002388226431950563
2024-06-18,VGS.AX,119.83067321777344,0.003104323655390706,0.003099515191494046
2024-06-19,VGS.AX,119.36473846435547,-0.0038882761892792272,-0.003895855187679673
2024-06-20,VGS.AX,119.69755554199219,0.002788236140073286,0.0027843562201023395
2024-06-21,VGS.AX,119.36473846435547,-0.0027804834955043045,-0.0027843562201024007
2024-06-24,VGS.AX,119.2886734008789,-0.0006372490272684717,-0.000637452156730468
2024-06-25,VGS.AX,119.14604949951172,-0.0011956198128542095,-0.0011963351364495415
2024-06-26,VGS.AX,119.09850311279297,-0.0003990596995744333,-0.00039913934508592627
2024-06-27,VGS.AX,118.9843978881836,-0.0009580743806771874,-0.0009585336272883487
2024-06-28,VGS.AX,120.24906921386719,0.010628883686683688,0.010572794198185614
2024-07-01,VGS.AX,119.49559783935547,-0.0062659227172199294,-0.006285636002058317
2024-07-02,VGS.AX,119.55363464355469,0.0004856815250822155,0.000485563619984986
2024-07-03,VGS.AX,119.83424377441406,0.0023471401074171006,0.0023443898766857324
2024-07-04,VGS.AX,119.7568359375,-0.0006459575700229481,-0.0006461662905019721
2024-07-05,VGS.AX,119.77618408203125,0.0001615619215369346,0.00016154887181522908
2024-07-08,VGS.AX,119.6213607788086,-0.0012926050734478611,-0.0012934412079913147
2024-07-09,VGS.AX,120.10516357421875,0.004044451528224524,0.004036294719956297
2024-07-10,VGS.AX,119.8729476928711,-0.0019334379508517685,-0.0019353094546867612
2024-07-11,VGS.AX,120.8211669921875,0.00791020257336017,0.00787908093224435
2024-07-12,VGS.AX,120.20191955566406,-0.0051253224243685835,-0.005138501941481927
2024-07-15,VGS.AX,121.01467895507812,0.006761617471821468,0.0067388602625048305
2024-07-16,VGS.AX,121.64360809326172,0.005197130989514465,0.0051836725144191785
2024-07-17,VGS.AX,122.0403060913086,0.0032611495520811218,0.003255843536557809
2024-07-18,VGS.AX,121.08241271972656,-0.007848991880316625,-0.007879957355354827
2024-07-19,VGS.AX,120.7534408569336,-0.002716925236321943,-0.0027206227765038515
2024-07-22,VGS.AX,120.65667724609375,-0.0008013321206680191,-0.0008016533588756205
2024-07-23,VGS.AX,121.94355010986328,0.010665575193528731,0.01060909915779986
2024-07-24,VGS.AX,121.94355010986328,0.0,0.0
2024-07-25,VGS.AX,120.81149291992188,-0.009283452785501911,-0.009326812594442182
2024-07-26,VGS.AX,120.72441101074219,-0.0007208081538848665,-0.000721068060985163
2024-07-29,VGS.AX,122.08869171142578,0.011300785725615992,0.01123740887181064
2024-07-30,VGS.AX,121.45977020263672,-0.0051513493999559845,-0.005164663343140467
2024-07-31,VGS.AX,123.17237854003906,0.014100210584501616,0.01400172729233639
2024-08-01,VGS.AX,123.65616607666016,0.003927727485296906,0.003920034102125987
2024-08-02,VGS.AX,120.49219512939453,-0.025586843322508712,-0.025919879780333357
2024-08-05,VGS.AX,117.64751434326172,-0.023608838589735726,-0.023891992726482812
2024-08-06,VGS.AX,117.52173614501953,-0.001069110545550478,-0.0010696824518868484
2024-08-07,VGS.AX,117.40562438964844,-0.0009880023830469709,-0.0009884907791189127
2024-08-08,VGS.AX,116.051025390625,-0.011537769217322746,-0.011604845717844708
2024-08-09,VGS.AX,117.4830322265625,0.012339458708937823,0.012263948126887938
2024-08-12,VGS.AX,118.3925552368164,0.007741739321980745,0.007711925831435361
2024-08-13,VGS.AX,118.5376968383789,0.0012259352057413242,0.0012251843607725226
2024-08-14,VGS.AX,119.52462768554688,0.008325881753157516,0.008291412790520354
2024-08-15,VGS.AX,120.36640930175781,0.0070427461897271115,0.007018061881892263
2024-08-16,VGS.AX,122.22415161132812,0.015434059388720112,0.015316165797759972
2024-08-19,VGS.AX,121.29528045654297,-0.007599734934049418,-0.007628760068647517
2024-08-20,VGS.AX,121.79841613769531,0.00414802356083932,0.004139444227776293
2024-08-21,VGS.AX,121.333984375,-0.003813118244249236,-0.00382040671338405
2024-08-22,VGS.AX,121.80809783935547,0.003907507585757308,0.003899893107300218
2024-08-23,VGS.AX,121.86614227294922,0.00047652360248084946,0.00047641010116492797
2024-08-26,VGS.AX,121.76939392089844,-0.0007938903311970336,-0.0007942056290116533
2024-08-27,VGS.AX,121.32430267333984,-0.0036551980200191236,-0.0036618945794493034
2024-08-28,VGS.AX,121.5274887084961,0.001674734827887825,0.0016733340232820515
2024-08-29,VGS.AX,120.47284698486328,-0.00867821539670377,-0.008716090392056796
2024-08-30,VGS.AX,121.0050048828125,0.004417243480732802,0.004407516095714399
2024-09-02,VGS.AX,122.01128387451172,0.008316011330884665,0.008281623821733402
2024-09-03,VGS.AX,122.63053131103516,0.005075329238894977,0.005062493168655572
2024-09-04,VGS.AX,120.39543914794922,-0.018226229138785466,-0.01839437307335312
2024-09-05,VGS.AX,120.32771301269531,-0.0005625307381509348,-0.0005626890179275603
2024-09-06,VGS.AX,119.73748016357422,-0.0049052112297590655,-0.004917281265255811
2024-09-09,VGS.AX,119.5826644897461,-0.0012929591771652094,-0.0012937957700801938
2024-09-10,VGS.AX,120.04711151123047,0.0038838992546799123,0.003876376390376287
2024-09-11,VGS.AX,120.25997924804688,0.0017732016550560115,0.0017716313889928176
2024-09-12,VGS.AX,121.55652618408203,0.010781200397190327,0.010723497622487515
2024-09-13,VGS.AX,121.71134948730469,0.0012736733113629661,0.001272862877589848
2024-09-16,VGS.AX,122.19512939453125,0.003974813435759561,0.003966934735510003
2024-09-17,VGS.AX,121.99193572998047,-0.0016628622233766377,-0.001664246313343693
2024-09-18,VGS.AX,121.9145278930664,-0.000634532409465205,-0.0006347338103559706
2024-09-19,VGS.AX,121.94355010986328,0.00023805380128560927,0.00023802547097545883
2024-09-20,VGS.AX,122.39832305908203,0.0037293727204843474,0.003722435851470907
2024-09-23,VGS.AX,122.17577362060547,-0.0018182392774216405,-0.0018198942808890892
2024-09-24,VGS.AX,122.15642547607422,-0.00015836318410666905,-0.00015837572487972456
2024-09-25,VGS.AX,121.5274887084961,-0.005148617971809544,-0.005161917775364772
2024-09-26,VGS.AX,122.78535461425781,0.01035046407302076,0.010297264796331064
2024-09-27,VGS.AX,122.5144271850586,-0.0022065125767675164,-0.0022089505125273746
2024-09-30,VGS.AX,121.38236236572266,-0.009240257211715508,-0.009283213209467268
2024-10-01,VGS.AX,121.58317565917969,0.001654386103081329,0.001653019113869923
2024-10-02,VGS.AX,121.12738037109375,-0.003748835195451883,-0.0037558796893888647
2024-10-03,VGS.AX,121.36982727050781,0.0020015862530113893,0.0019995857482576892
2024-10-04,VGS.AX,121.6801528930664,0.002556859719895055,0.0025535965152688514
2024-10-07,VGS.AX,123.16393280029297,0.012194099628807242,0.012120350526559982
2024-10-08,VGS.AX,123.47427368164062,0.002519738321858034,0.0025165691038696895
2024-10-09,VGS.AX,123.90098571777344,0.0034558780822069313,0.003449920257944472
2024-10-10,VGS.AX,124.91925811767578,0.00821843663311772,0.008184849181516754
2024-10-11,VGS.AX,124.72530364990234,-0.0015526386459222552,-0.0015538452384011318
2024-10-14,VGS.AX,125.40415954589844,0.005442808124176635,0.005428049571798356
2024-10-15,VGS.AX,126.91703796386719,0.012064021029661642,0.011991830751342449
2024-10-16,VGS.AX,126.12181091308594,-0.006265723369683784,-0.0062854353975699455
2024-10-17,VGS.AX,126.21878051757812,0.0007688567408774549,0.0007685613219469847
2024-10-18,VGS.AX,126.21878051757812,0.0,0.0
2024-10-21,VGS.AX,126.76189422607422,0.004302954808063975,0.004293723569617919
2024-10-22,VGS.AX,126.30607604980469,-0.0035958611935587026,-0.003602341842761318
2024-10-23,VGS.AX,126.49034118652344,0.0014588778503901167,0.0014578147219563465
2024-10-24,VGS.AX,126.33517456054688,-0.001226707308408237,-0.0012274603297059686
2024-10-25,VGS.AX,126.6843032836914,0.0027635116218343025,0.0027597001440197084
2024-10-28,VGS.AX,127.91593170166016,0.00972202858637261,0.009675073751994591
2024-10-29,VGS.AX,128.30386352539062,0.0030327092065063344,0.0030281198204484016
2024-10-30,VGS.AX,128.846923828125,0.004232610677595838,0.004223678376786207
2024-10-31,VGS.AX,127.33406066894531,-0.011741554351718642,-0.011811030777319861
2024-11-01,VGS.AX,125.83087158203125,-0.011805082465894068,-0.011875315738838018
2024-11-04,VGS.AX,125.90845489501953,0.0006165681919934052,0.0006163781919203724
2024-11-05,VGS.AX,125.62721252441406,-0.0022337052014494985,-0.0022362036421263182
2024-11-06,VGS.AX,128.68206787109375,0.024316828219729913,0.024025881320545225
2024-11-07,VGS.AX,128.6335906982422,-0.00037672049923942463,-0.0003767914762329169
2024-11-08,VGS.AX,129.00210571289062,0.0028648427883268823,0.002860746946988946
2024-11-11,VGS.AX,130.3695068359375,0.01059983568090117,0.010544051280072313
2024-11-12,VGS.AX,131.03866577148438,0.005132787196847843,0.005119659347121105
2024-11-13,VGS.AX,130.5537872314453,-0.0037002707344764296,-0.0037071336712775084
2024-11-14,VGS.AX,131.82418823242188,0.009730862872054491,0.009683822939182173
2024-11-15,VGS.AX,131.18414306640625,-0.0048552938166943616,-0.004867119047892783
2024-11-18,VGS.AX,130.388916015625,-0.006061914437164084,-0.006080362431712448
2024-11-19,VGS.AX,130.107666015625,-0.0021570084988381533,-0.002159338192385583
2024-11-20,VGS.AX,129.98158264160156,-0.0009690695243760317,-0.0009695393758179034
2024-11-21,VGS.AX,129.6712646484375,-0.0023873997135401837,-0.002390254096176137
2024-11-22,VGS.AX,130.88352966308594,0.009348756009553094,0.009305326852658604
2024-11-25,VGS.AX,131.7466278076172,0.0065943984453429305,0.006572750517838673
2024-11-26,VGS.AX,131.8533172607422,0.000809807847839572,0.0008094801303778745
2024-11-27,VGS.AX,132.6097412109375,0.005736859457994958,0.005720466346543431
2024-11-28,VGS.AX,132.47398376464844,-0.001023736605240133,-0.0010242609814712306
2024-11-29,VGS.AX,132.3866729736328,-0.000659078775578581,-0.000659296063473262
2024-12-02,VGS.AX,132.91036987304688,0.003955812829576688,0.0039480091750998
2024-12-03,VGS.AX,134.15171813964844,0.00933973976437863,0.009296394077549022
2024-12-04,VGS.AX,134.9954376220703,0.0062892931534697105,0.006269598084855809
2024-12-05,VGS.AX,135.67428588867188,0.005028675624594525,0.0050160740637774665
2024-12-06,VGS.AX,135.60641479492188,-0.0005002502375851536,-0.0005003754044801755
2024-12-09,VGS.AX,136.89622497558594,0.009511424534117019,0.0094664757291223
2024-12-10,VGS.AX,136.1882781982422,-0.005171411976261586,-0.00518483000727757
2024-12-11,VGS.AX,136.0040283203125,-0.0013529055537473411,-0.0013538215567362542
2024-12-12,VGS.AX,136.0622100830078,0.0004277944073707296,0.00042770292943147814
2024-12-13,VGS.AX,136.30465698242188,0.0017818827084032929,0.0017802970387821207
2024-12-16,VGS.AX,135.9264373779297,-0.0027748105814239254,-0.002778667504778735
2024-12-17,VGS.AX,136.6247100830078,0.0051371368112640425,0.005123986740536546
2024-12-18,VGS.AX,137.15806579589844,0.0039038012418586288,0.0038962011827828207
2024-12-19,VGS.AX,135.20880126953125,-0.014211811132331387,-0.014313766048948632
2024-12-20,VGS.AX,134.24868774414062,-0.007100969140882318,-0.00712630101405131
2024-12-23,VGS.AX,135.96524047851562,0.012786365090186269,0.012705309728474584
2024-12-24,VGS.AX,136.84776306152344,0.006490795587915432,0.00646982108611264
2024-12-25,VGS.AX,136.84776306152344,0.0,0.0
2024-12-26,VGS.AX,136.84776306152344,0.0,0.0
2024-12-27,VGS.AX,138.224853515625,0.0100629372617691,0.01001264303228739
2024-12-30,VGS.AX,136.40162658691406,-0.013190297420028307,-0.01327806200805384
2024-12-31,VGS.AX,135.8682403564453,-0.003910409602988718,-0.003918075245012789
2025-01-01,VGS.AX,135.8682403564453,0.0,0.0
2025-01-02,VGS.AX,136.0990447998047,0.0016987372674723833,0.0016972960452615103
2025-01-03,VGS.AX,135.3679656982422,-0.0053716696001642195,-0.0053861488925718275
2025-01-06,VGS.AX,136.5377197265625,0.008641291329795742,0.00860416907472615
2025-01-07,VGS.AX,136.5377197265625,0.0,0.0
2025-01-08,VGS.AX,136.2452850341797,-0.0021417868481211633,-0.002144083753813521
2025-01-09,VGS.AX,136.44021606445312,0.0014307359717038448,0.0014297134441885507
2025-01-10,VGS.AX,136.44021606445312,0.0,0.0
2025-01-13,VGS.AX,135.5044403076172,-0.006858503920822656,-0.006882131554289004
2025-01-14,VGS.AX,135.4849395751953,-0.0001439121284705358,-0.00014392248481451053
2025-01-15,VGS.AX,135.27049255371094,-0.001582810769645393,-0.0015840647379827169
2025-01-16,VGS.AX,137.27854919433594,0.0148447499725608,0.014735645102777504
2025-01-17,VGS.AX,137.46372985839844,0.0013489410046165773,0.001348032001069222
2025-01-20,VGS.AX,138.3995361328125,0.00680765955774687,0.006784592074624399
2025-01-21,VGS.AX,138.05838012695312,-0.002465008304160743,-0.002468051439061025
2025-01-22,VGS.AX,139.00392150878906,0.006848851775360876,0.006825504928815684
2025-01-23,VGS.AX,139.0331573486328,0.00021032384933050707,0.00021030173437052314
2025-01-24,VGS.AX,138.98440551757812,-0.00035064895298642096,-0.00035071044470562764
2025-01-27,VGS.AX,138.98440551757812,0.0,0.0
2025-01-28,VGS.AX,138.51651000976562,-0.003366532425490898,-0.003372211946219797
2025-01-29,VGS.AX,139.8812255859375,0.009852367606400625,0.009804149482460063
2025-01-30,VGS.AX,140.26136779785156,0.002717607100750863,0.0027139210831620365
2025-01-31,VGS.AX,140.85598754882812,0.004239369402368576,0.0042304085924325255
2025-02-03,VGS.AX,139.00392150878906,-0.013148649711444027,-0.01323585850149943
2025-02-04,VGS.AX,139.37432861328125,0.0026647241349142536,0.002661180052162444
2025-02-05,VGS.AX,138.7797088623047,-0.004266350603391533,-0.004275477445248768
2025-02-06,VGS.AX,139.8714599609375,0.007866791965358777,0.007836010088469752
2025-02-07,VGS.AX,139.66677856445312,-0.0014633535428996147,-0.00146442529038663
2025-02-10,VGS.AX,139.1988525390625,-0.0033503029868673373,-0.003355927818693664
2025-02-11,VGS.AX,139.37432861328125,0.0012606143730209407,0.0012598204658593492
2025-02-12,VGS.AX,139.2476043701172,-0.0009092366178543587,-0.0009096502241976763
2025-02-13,VGS.AX,139.70574951171875,0.0032901473865489805,0.003284746694442802
2025-02-14,VGS.AX,140.3588409423828,0.004674764159289468,0.004663871383563536
2025-02-17,VGS.AX,139.42306518554688,-0.006667023969085584,-0.00668934785128303
2025-02-18,VGS.AX,139.86170959472656,0.0031461394755303296,0.0031412007346643856
2025-02-19,VGS.AX,139.85195922851562,-6.971433596225651e-05,-6.971676611952103e-05
2025-02-20,VGS.AX,139.34507751464844,-0.0036244162517520273,-0.0036310003621873106
2025-02-21,VGS.AX,138.4970245361328,-0.006085991652101774,-0.00610458678423105
2025-02-24,VGS.AX,137.69769287109375,-0.005771471753391544,-0.005788191057521479
2025-02-25,VGS.AX,137.2882843017578,-0.0029732420405852444,-0.0029776709056048706
2025-02-26,VGS.AX,137.4929962158203,0.0014911098576522175,0.001489999257229507
2025-02-27,VGS.AX,138.2630615234375,0.005600760248241521,0.005585134308174821
2025-02-28,VGS.AX,137.61972045898438,-0.0046530219811751206,-0.004663880985839218
2025-03-03,VGS.AX,139.65701293945312,0.014803783016518635,0.014695276580462564
2025-03-04,VGS.AX,138.48728942871094,-0.008375687594358805,-0.008410960761807633
2025-03-05,VGS.AX,136.722900390625,-0.012740440262528185,-0.01282229566401062
2025-03-06,VGS.AX,135.8651123046875,-0.006273916684672032,-0.006293680407285277
2025-03-07,VGS.AX,134.72462463378906,-0.00839426436671109,-0.008429694617087001
2025-03-10,VGS.AX,134.5004119873047,-0.0016642291421767874,-0.0016656155098648045
2025-03-11,VGS.AX,132.57034301757812,-0.014349911210002397,-0.014453866887470425
2025-03-12,VGS.AX,131.4103546142578,-0.008749984173809566,-0.00878849006718745
2025-03-13,VGS.AX,130.99119567871094,-0.003189694881938876,-0.0031947928020850886
2025-03-14,VGS.AX,131.0789337158203,0.0006698010248304964,0.0006695768082388133
2025-03-17,VGS.AX,131.59556579589844,0.0039413814671256375,0.0039336345721646595
2025-03-18,VGS.AX,131.90750122070312,0.002370409845636301,0.0023676048559937053
2025-03-19,VGS.AX,131.8100128173828,-0.0007390664095531241,-0.0007393396537706991
2025-03-20,VGS.AX,133.69134521484375,0.014273061334630466,0.014172160173641035
2025-03-21,VGS.AX,133.65234375,-0.00029172767153384793,-0.0002917702323286595
2025-03-24,VGS.AX,134.62713623046875,0.007293493350869484,0.007267024450817418
2025-03-25,VGS.AX,135.10479736328125,0.0035480301088393063,0.0035417506986536703
2025-03-26,VGS.AX,135.44595336914062,0.002525121331865332,0.002521938569776044
2025-03-27,VGS.AX,133.9935302734375,-0.01072326680550384,-0.010781175382473723
2025-03-28,VGS.AX,133.91554260253906,-0.0005820256451135597,-0.0005821950877891895
2025-03-31,VGS.AX,130.93272399902344,-0.022273879084884318,-0.022525688129926863
2025-04-01,VGS.AX,132.01710510253906,0.008281971614091832,0.00824786427512674
2025-04-02,VGS.AX,131.8101348876953,-0.001567753017179041,-0.0015689832278862992
2025-04-03,VGS.AX,130.1938018798828,-0.012262585188837272,-0.012338391041194866
2025-04-04,VGS.AX,127.64118957519531,-0.019606250588200425,-0.019801002897463484
2025-04-07,VGS.AX,121.38282012939453,-0.0490309551848378,-0.05027376710829939
2025-04-08,VGS.AX,124.96043395996094,0.029473807139697827,0.029047804849950617
2025-04-09,VGS.AX,121.99385833740234,-0.023740119400586623,-0.024026456906947526
2025-04-10,VGS.AX,129.2673797607422,0.05962202952236528,0.0579122686133682
2025-04-11,VGS.AX,127.30608367919922,-0.015172397593059328,-0.015288676065465894
2025-04-14,VGS.AX,127.28636932373047,-0.00015485792115343955,-0.00015486991287933668
2025-04-15,VGS.AX,126.1628189086914,-0.008826949979078402,-0.008866138281267947
2025-04-16,VGS.AX,125.0589828491211,-0.008749297686263646,-0.008787797520103216
2025-04-17,VGS.AX,125.7390365600586,0.005437863761917461,0.005423131962983163
2025-04-18,VGS.AX,125.7390365600586,0.0,0.0
2025-04-21,VGS.AX,125.7390365600586,0.0,0.0
2025-04-22,VGS.AX,121.71791076660156,-0.03197993163830515,-0.03250246014185
2025-04-23,VGS.AX,125.86715698242188,0.03408903578518241,0.03352088048860768
2025-04-24,VGS.AX,126.74432373046875,0.006968988329254078,0.006944817164156173
2025-04-25,VGS.AX,126.74432373046875,0.0,0.0
2025-04-28,VGS.AX,128.77459716796875,0.016018653756972423,0.015891708984767567
2025-04-29,VGS.AX,129.23780822753906,0.003597068597047226,0.0035906146181075202
2025-04-30,VGS.AX,129.52362060546875,0.0022115229424695126,0.002209081125034472
2025-05-01,VGS.AX,131.2582244873047,0.013392181856308527,0.01330329926408402
2025-05-02,VGS.AX,131.31736755371094,0.0004505856043479639,0.00045048412113797906
2025-05-05,VGS.AX,130.60775756835938,-0.005403778636221324,-0.005418431860355857
2025-05-06,VGS.AX,130.8442840576172,0.0018109681512141762,0.001809330325460547
2025-05-07,VGS.AX,130.3514862060547,-0.0037662925446976248,-0.003773402883154837
2025-05-08,VGS.AX,131.79043579101562,0.0110389963846389,0.010978511386081325
2025-05-09,VGS.AX,132.55917358398438,0.0058330317246066965,0.005816085461848914
2025-05-12,VGS.AX,133.2786407470703,0.005427516961925782,0.005412841070225294
2025-05-13,VGS.AX,135.24977111816406,0.01478954437143809,0.014681245547852594
2025-05-14,VGS.AX,135.21035766601562,-0.0002914123389828882,-0.00029145480780937106
2025-05-15,VGS.AX,135.6341552734375,0.0031343575650373268,0.0031294557064786284
2025-05-16,VGS.AX,136.71827697753906,0.007992984524554103,0.007961209827888031
2025-05-19,VGS.AX,137.05335998535156,0.0024509013368239074,0.0024479027765933036
2025-05-20,VGS.AX,137.64471435546875,0.00431477469928776,0.004305492749039452
2025-05-21,VGS.AX,136.97451782226562,-0.004869032104439119,-0.004880924459800191
2025-05-22,VGS.AX,135.9002685546875,-0.0078426942810782,-0.007873609955412463
2025-05-23,VGS.AX,135.74256896972656,-0.001160406720590701,-0.001161080513769155
2025-05-26,VGS.AX,134.75698852539062,-0.007260658552555754,-0.007287145419805026
2025-05-27,VGS.AX,135.7721405029297,0.007533204686803963,0.007504971801126961
2025-05-28,VGS.AX,137.39833068847656,0.011977348073935579,0.011906187288612804
2025-05-29,VGS.AX,138.8668212890625,0.010687834366164495,0.010631123186385254
2025-05-30,VGS.AX,137.39833068847656,-0.010574812521481736,-0.010631123186385335
2025-06-02,VGS.AX,136.24520874023438,-0.008392547001583761,-0.008427962715406261
2025-06-03,VGS.AX,137.171630859375,0.006799667509093332,0.006776654033730178
2025-06-04,VGS.AX,138.08822631835938,0.006682106593338233,0.006659880276549192
2025-06-05,VGS.AX,137.37863159179688,-0.005138705489101891,-0.00515195404258605
2025-06-06,VGS.AX,137.28004455566406,-0.000717630063645891,-0.0007178876833578222
2025-06-09,VGS.AX,137.28004455566406,0.0,0.0
2025-06-10,VGS.AX,137.8319854736328,0.004020547339966374,0.004012486538176571
2025-06-11,VGS.AX,137.82212829589844,-7.151589451825924e-05,-7.151845190177338e-05
2025-06-12,VGS.AX,138.078369140625,0.001859214103677287,0.0018574879043871744
2025-06-13,VGS.AX,137.43775939941406,-0.0046394648575152075,-0.004650260578450898
2025-06-16,VGS.AX,137.81227111816406,0.002724955066108148,0.0027212491069069583
2025-06-17,VGS.AX,137.41802978515625,-0.002860712836448176,-0.002864812495913545
2025-06-18,VGS.AX,137.4968719482422,0.0005737395828568914,0.0005735750572293251
2025-06-19,VGS.AX,137.52645874023438,0.00021518156430011537,0.0002151584160679637
2025-06-20,VGS.AX,137.3884735107422,-0.0010033358726470043,-0.001003839551017577
2025-06-23,VGS.AX,138.2163543701172,0.006025839273265277,0.006007756509980858
2025-06-24,VGS.AX,139.14279174804688,0.006702805772527132,0.006680441848320688
2025-06-25,VGS.AX,139.62571716308594,0.003470718166367792,0.0034647091238540384
2025-06-26,VGS.AX,139.30047607421875,-0.0023293781079548603,-0.0023320953295842663
2025-06-27,VGS.AX,139.90167236328125,0.004315823649749584,0.004306537192415637
2025-06-30,VGS.AX,140.78868103027344,0.0063402291910341635,0.006320214491909198
2025-07-01,VGS.AX,140.20065307617188,-0.004176670665556714,-0.004185417317566582
2025-07-02,VGS.AX,140.53878784179688,0.002411791658640139,0.002408887956949674
2025-07-03,VGS.AX,140.91668701171875,0.00268893147383098,0.002685322765194828
2025-07-04,VGS.AX,141.3641815185547,0.003175596278379267,0.003170564721831663
2025-07-07,VGS.AX,142.43821716308594,0.007597650500952957,0.007568933716061722
2025-07-08,VGS.AX,141.61280822753906,-0.0057948558468814415,-0.005811711171685261
2025-07-09,VGS.AX,141.37413024902344,-0.0016854264914520911,-0.0016868484206104535
2025-07-10,VGS.AX,141.74209594726562,0.0026027795721468294,0.0025993982074234124
2025-07-11,VGS.AX,141.1851806640625,-0.003929074700647295,-0.003936813792948117
2025-07-14,VGS.AX,140.47909545898438,-0.005001128317838055,-0.005013675811964186
2025-07-15,VGS.AX,142.10009765625,0.011539099052206625,0.0114730314037634
2025-07-16,VGS.AX,141.3244171142578,-0.005458691125382664,-0.005473644220829202
2025-07-17,VGS.AX,143.0448455810547,0.012173610915415578,0.01210010843982283
2025-07-18,VGS.AX,143.6216278076172,0.0040321776308651636,0.004024070189097977
2025-07-21,VGS.AX,143.11447143554688,-0.003531197771617367,-0.0035374471667059025
2025-07-22,VGS.AX,143.19403076171875,0.0005559139154400761,0.0005557594525421179
2025-07-23,VGS.AX,143.00506591796875,-0.0013196419064733789,-0.0013205134006452337
2025-07-24,VGS.AX,143.12440490722656,0.0008345088231089814,0.000834160814218593
2025-07-25,VGS.AX,143.8304901123047,0.004933366923242755,0.004921237744080215
2025-07-28,VGS.AX,145.013916015625,0.008227920953312928,0.008194256146556608
2025-07-29,VGS.AX,144.86473083496094,-0.001028764581793573,-0.0010292941232894594
2025-07-30,VGS.AX,144.84483337402344,-0.0001373520029535058,-0.00013736143660369386
2025-07-31,VGS.AX,146.24703979492188,0.009680748620681578,0.009634190411471632
2025-08-01,VGS.AX,144.83489990234375,-0.00965585282654835,-0.009702772852992396
2025-08-04,VGS.AX,142.73655700683594,-0.014487826462562858,-0.014593799814780695
2025-08-05,VGS.AX,144.88462829589844,0.015049202069233214,0.014937086263935827
2025-08-06,VGS.AX,144.1984405517578,-0.004736097626169333,-0.004747348473996478
2025-08-07,VGS.AX,144.44705200195312,0.0017240925022770082,0.0017226079608783375
2025-08-08,VGS.AX,144.42715454101562,-0.0001377491659519947,-0.00013775865423970075
2025-08-11,VGS.AX,145.36196899414062,0.0064725671297465315,0.00645171001811507
2025-08-12,VGS.AX,145.50119018554688,0.0009577552668667,0.0009572969119289854
2025-08-13,VGS.AX,146.16748046875,0.004579277202842569,0.004568824212271993
2025-08-14,VGS.AX,146.12771606445312,-0.000272046861376829,-0.0002720838728369414
2025-08-15,VGS.AX,147.76858520507812,0.01122900695923601,0.011166429678653902
2025-08-18,VGS.AX,147.1719207763672,-0.0040378300156482805,-0.0040460040622930646
2025-08-19,VGS.AX,147.47023010253906,0.002026944573382039,0.002024893092920638
2025-08-20,VGS.AX,147.61941528320312,0.0010116291305732883,0.001011117778660979
2025-08-21,VGS.AX,148.15643310546875,0.003637853606420105,0.0036312526210909675
2025-08-22,VGS.AX,147.60946655273438,-0.0036918177717264467,-0.0036986493501009487
2025-08-25,VGS.AX,148.05699157714844,0.0030318179102299947,0.003027231218646922
2025-08-26,VGS.AX,147.51002502441406,-0.003694297357442644,-0.003701138127013551
2025-08-27,VGS.AX,147.8183135986328,0.00208994998250267,0.002087769075167522
2025-08-28,VGS.AX,147.5000762939453,-0.0021528949758661264,-0.0021552157858263734
2025-08-29,VGS.AX,147.34097290039062,-0.0010786665170099408,-0.001079248696426683
2025-09-01,VGS.AX,146.3862762451172,-0.006479505574588984,-0.006500588692299548
2025-09-02,VGS.AX,146.51556396484375,0.0008831956317412182,0.0008828058439682767
2025-09-03,VGS.AX,145.87908935546875,-0.004344075074015463,-0.0043535379831421
2025-09-04,VGS.AX,146.54539489746094,0.0045675192033081125,0.004557119741940983
2025-09-05,VGS.AX,147.68902587890625,0.0078039366726299075,0.007773643460968329
2025-09-08,VGS.AX,146.83377075195312,-0.005790918599831274,-0.005807750983712781
2025-09-09,VGS.AX,146.31666564941406,-0.003521704168536366,-0.00352791996642014
2025-09-10,VGS.AX,146.72438049316406,0.002786523612606784,0.0027826484528319603
2025-09-11,VGS.AX,146.77410888671875,0.0003389238611029022,0.0003388664393851169
2025-09-12,VGS.AX,146.8834991455078,0.0007452966985717069,0.000745019102906115
2025-09-15,VGS.AX,146.82383728027344,-0.00040618493963895386,-0.00040626745508665985
2025-09-16,VGS.AX,147.57962036132812,0.005147550255153455,0.0051343469088813605
2025-09-17,VGS.AX,146.82383728027344,-0.005121188679061861,-0.0051343469088813605
2025-09-18,VGS.AX,148.27577209472656,0.009888958369079548,0.009840382600248306
2025-09-19,VGS.AX,149.0912322998047,0.005499618673758588,0.005484550990078667
2025-09-22,VGS.AX,149.4989776611328,0.0027348714947112995,0.002731138538220313
2025-09-23,VGS.AX,150.4536590576172,0.006385872408093185,0.006365569115204023
2025-09-24,VGS.AX,149.13101196289062,-0.008791059672533796,-0.00882992900704808
2025-09-25,VGS.AX,149.31996154785156,0.001267003975054859,0.0012662020028482981
2025-09-26,VGS.AX,149.5487060546875,0.0015319084231255609,0.0015307362483740258
2025-09-29,VGS.AX,150.13543701171875,0.003923343588253303,0.003915667346935059
2025-09-30,VGS.AX,149.44924926757812,-0.0045704582329024745,-0.004580934710856166
2025-10-01,VGS.AX,149.37876892089844,-0.00047160054015060737,-0.0004717117786601448
2025-10-02,VGS.AX,150.4853515625,0.007407897719303946,0.007380594004166124
2025-10-03,VGS.AX,151.44241333007812,0.006359833416614169,0.006339695015554859
2025-10-06,VGS.AX,151.53213500976562,0.0005924475034080334,0.0005922720756702833
2025-10-07,VGS.AX,151.37261962890625,-0.001052683517255848,-0.0010532379776979984
2025-10-08,VGS.AX,151.74148559570312,0.002436807711336142,0.0024338435099078006
2025-10-09,VGS.AX,151.53213500976562,-0.001379652934829445,-0.001380605532209726
2025-10-10,VGS.AX,151.90098571777344,0.00243414182730306,0.002431184102793645
2025-10-13,VGS.AX,150.74456787109375,-0.007612971312959571,-0.0076420978998116024
2025-10-14,VGS.AX,151.54209899902344,0.005290612717877119,0.005276666593813703
2025-10-15,VGS.AX,151.95083618164062,0.0026971857016433454,0.00269355482359168
2025-10-16,VGS.AX,152.6088104248047,0.0043301784952174405,0.00432083024898486
2025-10-17,VGS.AX,151.73150634765625,-0.005748711851605193,-0.005765299297092542
2025-10-20,VGS.AX,152.828125,0.007227362851266461,0.007201370626064817
2025-10-21,VGS.AX,153.83502197265625,0.006588427180247436,0.0065668183540833445
2025-10-22,VGS.AX,153.87490844726562,0.0002592808457910767,0.0002592472383216362
2025-10-23,VGS.AX,153.3265838623047,-0.003563443777117481,-0.003569807966345668
2025-10-24,VGS.AX,153.3265838623047,0.0,0.0
2025-10-27,VGS.AX,155.13101196289062,0.011768527382090666,0.011699816819752453
2025-10-28,VGS.AX,154.931640625,-0.0012851804121429833,-0.0012860069647442334
2025-10-29,VGS.AX,154.61260986328125,-0.0020591711314214,-0.0020612941392205457
2025-10-30,VGS.AX,154.3733673095703,-0.0015473676689274907,-0.0015485660786921376
2025-10-31,VGS.AX,154.9416046142578,0.0036809283530623294,0.003674170315117412
2025-11-03,VGS.AX,154.49298095703125,-0.002895437015406288,-0.002899636902125495
2025-11-04,VGS.AX,154.16400146484375,-0.002129413842296146,-0.0021316842676413956
2025-11-05,VGS.AX,153.62567138671875,-0.0034919311448189383,-0.0034980421667049136
2025-11-06,VGS.AX,154.22381591796875,0.0038935193958846703,0.003885959266561135
2025-11-07,VGS.AX,153.64559936523438,-0.0037492040337137045,-0.0037562499156361495
2025-11-10,VGS.AX,153.68548583984375,0.000259600501245405,0.0002595668108658484
2025-11-11,VGS.AX,154.83193969726562,0.007459740593959596,0.007432054332061896
2025-11-12,VGS.AX,155.7191925048828,0.005730424932685052,0.005714068504172479
2025-11-13,VGS.AX,155.4001922607422,-0.0020485608678623146,-0.0020506620387517028
2025-11-14,VGS.AX,153.3265838623047,-0.013343666878855909,-0.01343349357501454
2025-11-17,VGS.AX,153.84500122070312,0.0033811316037928307,0.003375428430169819
2025-11-18,VGS.AX,152.04055786132812,-0.011728969710146031,-0.011798296697989416
2025-11-19,VGS.AX,151.14332580566406,-0.005901267847769898,-0.00591874913731835
2025-11-20,VGS.AX,153.42626953125,0.01510449577192241,0.014991558694039684
2025-11-21,VGS.AX,150.79440307617188,-0.017153949340742214,-0.01730278284019746
2025-11-24,VGS.AX,152.1203155517578,0.008792849393197688,0.008754417413076115
2025-11-25,VGS.AX,153.29669189453125,0.007733196835061573,0.007703448934237611
2025-11-26,VGS.AX,154.31353759765625,0.00663318751734443,0.006611284732526329
2025-11-27,VGS.AX,154.38333129882812,0.0004522850182713256,0.00045218276823206144
2025-11-28,VGS.AX,154.56275939941406,0.001162224568393544,0.0011615497082619268
2025-12-01,VGS.AX,153.90480041503906,-0.004256905006947531,-0.004265991422908128
2025-12-02,VGS.AX,153.90480041503906,0.0,0.0
2025-12-03,VGS.AX,154.10418701171875,0.0012955190230714564,0.0012946805623849397
2025-12-04,VGS.AX,153.76524353027344,-0.0021994436881818125,-0.0022018660169528105
2025-12-05,VGS.AX,153.9546356201172,0.0012316963541014747,0.001230938438431263
2025-12-08,VGS.AX,153.62567138671875,-0.002136760819662187,-0.002139046950252469
2025-12-09,VGS.AX,152.9676971435547,-0.004282970659947538,-0.004292168851904075
2025-12-10,VGS.AX,152.78823852539062,-0.001173179838065086,-0.0011738685522410589
2025-12-11,VGS.AX,152.72842407226562,-0.00039148597890970027,-0.00039156262955129546
2025-12-12,VGS.AX,154.00448608398438,0.008355104948342573,0.008320394265904718
2025-12-15,VGS.AX,153.3166046142578,-0.004466632675566573,-0.004476637883470875
2025-12-16,VGS.AX,152.3894805908203,-0.006047120765360847,-0.006065478645764945
2025-12-17,VGS.AX,152.78823852539062,0.0026167024982584053,0.002613284892882327
2025-12-18,VGS.AX,152.1402587890625,-0.004241031525606842,-0.004250050207850195
2025-12-19,VGS.AX,152.9377899169922,0.005242078160491603,0.005228386297138956
2025-12-22,VGS.AX,154.01446533203125,0.007039956675347847,0.007015291872125238
2025-12-23,VGS.AX,153.76524353027344,-0.0016181713920216945,-0.0016194820454474188
2025-12-24,VGS.AX,153.4462127685547,-0.0020747911192033897,-0.0020769464800960108
2025-12-25,VGS.AX,153.4462127685547,0.0,0.0
2025-12-26,VGS.AX,153.4462127685547,0.0,0.0
2025-12-29,VGS.AX,153.48609924316406,0.00025993782374755803,0.00025990404576477417
2025-12-30,VGS.AX,153.3963623046875,-0.0005846584082797035,-0.0005848293876531565
2025-12-31,VGS.AX,153.37643432617188,-0.00012991167597597997,-0.0001299201152286703
2026-01-01,VGS.AX,153.37643432617188,0.0,0.0
2026-01-02,VGS.AX,153.2100067138672,-0.0010850924591894184,-0.0010856815982306935
2026-01-05,VGS.AX,154.0,0.0051562773416502505,0.005143029264629828
2026-01-06,VGS.AX,154.0,0.0,0.0
2026-01-07,VGS.AX,153.74000549316406,-0.0016882760184151469,-0.0016897027624235806
2026-01-08,VGS.AX,154.25999450683594,0.00338226222903959,0.0033765552448707784
2026-01-09,VGS.AX,154.58999633789062,0.0021392573758975963,0.002136972422992057
2026-01-12,VGS.AX,155.0500030517578,0.0029756564122154217,0.0029712379098002385
2026-01-13,VGS.AX,155.5399932861328,0.003160207834445705,0.003155224873036343
2026-01-14,VGS.AX,155.57000732421875,0.00019296669269319722,0.00019294807701571805
2026-01-15,VGS.AX,155.77000427246094,0.001285575231897873,0.0012847495876022535
2026-01-16,VGS.AX,155.80999755859375,0.0002567457471649437,0.0002567127936159351
2026-01-19,VGS.AX,154.42999267578125,-0.008856972623297432,-0.008896428752665162
2026-01-20,VGS.AX,153.10000610351562,-0.008612229717952946,-0.00864952927763376
2026-01-21,VGS.AX,152.19000244140625,-0.005943851246446696,-0.005961586241300822
2026-01-22,VGS.AX,152.19000244140625,0.0,0.0
2026-01-23,VGS.AX,151.74000549316406,-0.0029568101782206924,-0.0029611901774506673
2026-01-26,VGS.AX,151.74000549316406,0.0,0.0
2026-01-27,VGS.AX,151.60000610351562,-0.000922626760117895,-0.0009230526421607345
2026-01-28,VGS.AX,150.77999877929688,-0.005409019071271226,-0.005423700781293892
2026-01-29,VGS.AX,148.42999267578125,-0.015585662040994097,-0.01570839539555983
2026-01-30,VGS.AX,149.27999877929688,0.005726646536810875,0.0057103116296880335
2026-02-02,VGS.AX,148.83999633789062,-0.002947497621947126,-0.002951850047676493
2026-02-03,VGS.AX,150.0800018310547,0.00833113090347748,0.008296618584353446
2026-02-04,VGS.AX,148.4199981689453,-0.011060791856719487,-0.01112241725343214
2026-02-05,VGS.AX,148.8000030517578,0.0025603347763145656,0.0025570627031096947
2026-02-06,VGS.AX,147.1999969482422,-0.010752728969764092,-0.010810957345391049
2026-02-09,VGS.AX,149.08999633789062,0.012839670032826156,0.012757940314503712
2026-02-10,VGS.AX,149.08999633789062,0.0,0.0
2026-02-11,VGS.AX,148.6199951171875,-0.0031524665118237705,-0.0031574460022496076
2026-02-12,VGS.AX,148.5500030517578,-0.0004709464925933826,-0.0004710574227222962
2026-02-13,VGS.AX,146.74000549316406,-0.012184432995017258,-0.012259271731735561
2026-02-16,VGS.AX,146.8699951171875,0.0008858499329242875,0.0008854577994363184
2026-02-17,VGS.AX,146.33999633789062,-0.003608625293913814,-0.0036151520887386266
2026-02-18,VGS.AX,147.42999267578125,0.007448382979140522,0.007420780751210921
2026-02-19,VGS.AX,148.49000549316406,0.007189940107464654,0.0071642157190342365
2026-02-20,VGS.AX,148.52000427246094,0.00020202557874005045,0.0002020051743209146
2026-02-23,VGS.AX,147.6199951171875,-0.00605985139633014,-0.0060782868107830705
2026-02-24,VGS.AX,147.7899932861328,0.0011515931077654695,0.0011509305330514067
2026-02-25,VGS.AX,147.64999389648438,-0.0009472859869300576,-0.0009477349458512977
2026-02-26,VGS.AX,148.08999633789062,0.0029800369765997647,0.0029756054682650514
2026-02-27,VGS.AX,147.61000061035156,-0.003241243429055629,-0.0032465076366688162
2026-03-02,VGS.AX,146.72999572753906,-0.005961688768875928,-0.005979530582265233
2026-03-03,VGS.AX,145.8000030517578,-0.006338122421186032,-0.006358293595852094
2026-03-04,VGS.AX,145.89999389648438,0.0006858082485161621,0.0006855731895034291
2026-03-05,VGS.AX,146.7899932861328,0.006100064611927802,0.006081534536050572
2026-03-06,VGS.AX,146.6699981689453,-0.0008174611531835962,-0.0008177954567512813
2026-03-09,VGS.AX,142.0,-0.03184017336364908,-0.03235809517322302
2026-03-10,VGS.AX,144.50999450683594,0.017676017653774245,0.017521613696632098
2026-03-11,VGS.AX,143.0800018310547,-0.009895458654339717,-0.009944744109657077
2026-03-12,VGS.AX,141.72000122070312,-0.009505176075951027,-0.009550638577479374
2026-03-13,VGS.AX,142.64999389648438,0.0065621836562994584,0.006540746262101555
2024-03-14,VLUE.AX,24.36522102355957,-0.001520808826115716,-0.0015219664296698438
2024-03-15,VLUE.AX,24.476560592651367,0.004569610469945529,0.004559201497941139
2024-03-18,VLUE.AX,24.606460571289062,0.005307117319281129,0.0052930842005361346
2024-03-19,VLUE.AX,24.66213035583496,0.0022624052079580625,0.0022598498227809466
2024-03-20,VLUE.AX,24.77347183227539,0.004514673908293743,0.004504513337675648
2024-03-21,VLUE.AX,24.856979370117188,0.0033708451688632124,0.0033651766052818707
2024-03-22,VLUE.AX,25.05182456970215,0.007838651538617736,0.007808088918902484
2024-03-25,VLUE.AX,24.996156692504883,-0.0022221086948129853,-0.0022245812418633746
2024-03-26,VLUE.AX,24.977598190307617,-0.0007424542270864087,-0.0007427299827251426
2024-03-27,VLUE.AX,25.17244529724121,0.0078008744255162465,0.007770604921769769
2024-03-28,VLUE.AX,25.302343368530273,0.005160327880553428,0.005147059016851603
2024-03-29,VLUE.AX,25.302343368530273,0.0,0.0
2024-04-01,VLUE.AX,25.302343368530273,0.0,0.0
2024-04-02,VLUE.AX,25.255950927734375,-0.0018335234851645232,-0.0018352064468309711
2024-04-03,VLUE.AX,24.996156692504883,-0.010286456287979417,-0.010339727509065378
2024-04-04,VLUE.AX,25.070384979248047,0.002969587991317857,0.0029651874745607785
2024-04-05,VLUE.AX,24.78274917602539,-0.01147313068629563,-0.011539454835267764
2024-04-08,VLUE.AX,24.875534057617188,0.0037439301399844194,0.0037369390774710572
2024-04-09,VLUE.AX,24.94976234436035,0.0029839876631889695,0.002979544408884806
2024-04-10,VLUE.AX,24.959041595458984,0.0003719174143048676,0.0003718482701667441
2024-04-11,VLUE.AX,24.996156692504883,0.0014870401535229671,0.001485935604184432
2024-04-12,VLUE.AX,24.92192840576172,-0.002969587991317968,-0.0029740059662818528
2024-04-15,VLUE.AX,24.78274917602539,-0.00558460916307546,-0.00560026139442507
2024-04-16,VLUE.AX,24.652851104736328,-0.005241471410876608,-0.005255256111325982
2024-04-17,VLUE.AX,24.569347381591797,-0.003387183202047117,-0.0033929326937951116
2024-04-18,VLUE.AX,24.476560592651367,-0.0037765263968692064,-0.0037836754774860587
2024-04-19,VLUE.AX,24.30027198791504,-0.007202343812523049,-0.00722840590488394
2024-04-22,VLUE.AX,24.55078887939453,0.010309221707645033,0.010256444102305569
2024-04-23,VLUE.AX,24.643573760986328,0.0037793034695381422,0.0037721798447659717
2024-04-24,VLUE.AX,24.58790397644043,-0.0022589980286881195,-0.002261553413866985
2024-04-25,VLUE.AX,24.58790397644043,0.0,0.0
2024-04-26,VLUE.AX,24.26315689086914,-0.013207595323393773,-0.013295591279331276
2024-04-29,VLUE.AX,24.439449310302734,0.0072658483900722715,0.007239579281815786
2024-04-30,VLUE.AX,24.671409606933594,0.009491224359669648,0.009446465676674757
2024-05-01,VLUE.AX,24.513675689697266,-0.006393388936803968,-0.006413914178524292
2024-05-02,VLUE.AX,24.328105926513672,-0.007570050511094384,-0.0075988487717118195
2024-05-03,VLUE.AX,24.244600296020508,-0.0034324756208068408,-0.0034383800803981426
2024-05-06,VLUE.AX,24.26315689086914,0.0007653908343325799,0.000765098072143413
2024-05-07,VLUE.AX,24.383777618408203,0.004971353401438616,0.004959037026619586
2024-05-08,VLUE.AX,24.402332305908203,0.0007609439271620833,0.0007606545561193944
2024-05-09,VLUE.AX,24.411611557006836,0.0003802608284448894,0.00038018854761919516
2024-05-10,VLUE.AX,24.448726654052734,0.001520387007601931,0.0015192323894383014
2024-05-13,VLUE.AX,24.560068130493164,0.004554080791850712,0.004543742342128415
2024-05-14,VLUE.AX,24.652851104736328,0.00377779791774957,0.0037706799603666368
2024-05-15,VLUE.AX,24.606460571289062,-0.0018817512526311253,-0.0018835239707449512
2024-05-16,VLUE.AX,24.736358642578125,0.005279022999375549,0.0052651378028722605
2024-05-17,VLUE.AX,24.58790397644043,-0.006001476138131512,-0.006019557375087746
2024-05-20,VLUE.AX,24.652851104736328,0.00264142597751027,0.0026379435429603696
2024-05-21,VLUE.AX,24.70852279663086,0.0022582252924017165,0.0022556793338443385
2024-05-22,VLUE.AX,24.569347381591797,-0.005632688614555237,-0.005648612027639465
2024-05-23,VLUE.AX,24.76419448852539,0.007930495829106876,0.00789921472135127
2024-05-24,VLUE.AX,24.615739822387695,-0.005994730262940062,-0.006012770793278198
2024-05-27,VLUE.AX,24.69924545288086,0.0033923672859597076,0.0033866261883355613
2024-05-28,VLUE.AX,24.652851104736328,-0.0018783710714175283,-0.0018801374226137361
2024-05-29,VLUE.AX,24.448726654052734,-0.008279953090065795,-0.008314422302495001
2024-05-30,VLUE.AX,24.37449836730957,-0.003036079865977759,-0.003040698106387372
2024-05-31,VLUE.AX,24.54151153564453,0.006851963302717756,0.006828595285966642
2024-06-03,VLUE.AX,24.77347183227539,0.009451752647507305,0.009407364312627434
2024-06-04,VLUE.AX,24.625017166137695,-0.005992485314241902,-0.006010512308105716
2024-06-05,VLUE.AX,24.569347381591797,-0.0022607003345544996,-0.0022632595754011123
2024-06-06,VLUE.AX,24.569347381591797,0.0,0.0
2024-06-07,VLUE.AX,24.5229549407959,-0.0018882243828201029,-0.001890009325749128
2024-06-10,VLUE.AX,24.5229549407959,0.0,0.0
2024-06-11,VLUE.AX,24.597183227539062,0.003026889986234016,0.0030223181779900454
2024-06-12,VLUE.AX,24.346664428710938,-0.010184857205423614,-0.0102370777386048
2024-06-13,VLUE.AX,24.26315689086914,-0.0034299375212696326,-0.0034358332421327415
2024-06-14,VLUE.AX,24.179651260375977,-0.003441663872049139,-0.003447600021220169
2024-06-17,VLUE.AX,24.012638092041016,-0.006907178541844861,-0.0069311435168778876
2024-06-18,VLUE.AX,24.06831169128418,0.002318512402917472,0.0023158288002132284
2024-06-19,VLUE.AX,24.003360748291016,-0.002698608187656326,-0.002702255994877826
2024-06-20,VLUE.AX,23.97552490234375,-0.0011596645252789362,-0.00116033745648447
2024-06-21,VLUE.AX,24.03119468688965,0.002321942262897281,0.0023192507205599213
2024-06-24,VLUE.AX,23.956968307495117,-0.0030887511154418235,-0.0030935311526028406
2024-06-25,VLUE.AX,24.133258819580078,0.007358631936320803,0.007331689297573263
2024-06-26,VLUE.AX,23.998722076416016,-0.005574744139192234,-0.005590341018049329
2024-06-27,VLUE.AX,23.808513641357422,-0.007925773482977072,-0.007957349378557101
2024-06-28,VLUE.AX,23.97552490234375,0.007014770577538965,0.006990281531076017
2024-07-01,VLUE.AX,24.158987045288086,0.007652059493654884,0.007622930987412568
2024-07-02,VLUE.AX,24.14933204650879,-0.0003996441887732516,-0.00039972406779489514
2024-07-03,VLUE.AX,24.13967514038086,-0.00039988294952963965,-0.0003999629240373072
2024-07-04,VLUE.AX,24.178298950195312,0.00160001365344975,0.0015987349953360621
2024-07-05,VLUE.AX,24.110706329345703,-0.0027955904172102253,-0.0027995053782213035
2024-07-08,VLUE.AX,24.043115615844727,-0.0028033485447379602,-0.0028072852853616823
2024-07-09,VLUE.AX,24.158987045288086,0.004819318398444183,0.004807742660079131
2024-07-10,VLUE.AX,24.014150619506836,-0.0059951365307552296,-0.006013179511330869
2024-07-11,VLUE.AX,24.207265853881836,0.008041726623390533,0.008009564252121305
2024-07-12,VLUE.AX,24.30382537841797,0.0039888653728585854,0.003980930941962891
2024-07-15,VLUE.AX,24.477630615234375,0.007151353094017265,0.00712590342947105
2024-07-16,VLUE.AX,24.622468948364258,0.005917171290253043,0.005899733586322134
2024-07-17,VLUE.AX,24.844552993774414,0.009019568503706443,0.008979135141495221
2024-07-18,VLUE.AX,24.950769424438477,0.00427524015790004,0.00426612728261734
2024-07-19,VLUE.AX,24.815587997436523,-0.005417926185055766,-0.0054326563759450035
2024-07-22,VLUE.AX,24.76730728149414,-0.0019455801711154574,-0.001947475270660916
2024-07-23,VLUE.AX,24.970081329345703,0.00818716566750366,0.008153832638435452
2024-07-24,VLUE.AX,24.950769424438477,-0.0007734017623935996,-0.0007737009918296329
2024-07-25,VLUE.AX,24.87352180480957,-0.0030960015025927046,-0.0031008040302282205
2024-07-26,VLUE.AX,24.92180061340332,0.0019409719690122174,0.0019390907168318015
2024-07-29,VLUE.AX,25.221134185791016,0.012010912735844093,0.011939354142948375
2024-07-30,VLUE.AX,24.989391326904297,-0.009188439234317891,-0.009230913322689042
2024-07-31,VLUE.AX,25.530120849609375,0.0216383630810133,0.0214075769898406
2024-08-01,VLUE.AX,25.211477279663086,-0.012481083494407574,-0.012559626435302777
2024-08-02,VLUE.AX,24.29416847229004,-0.03638457188357613,-0.037062997455912176
2024-08-05,VLUE.AX,23.25133514404297,-0.042925253006149466,-0.04387378504754677
2024-08-06,VLUE.AX,23.5410099029541,0.012458413984254513,0.012381446546910795
2024-08-07,VLUE.AX,23.618257522583008,0.003281406360532202,0.0032760342954251736
2024-08-08,VLUE.AX,23.3478946685791,-0.011447197311037605,-0.011513220813820117
2024-08-09,VLUE.AX,23.51204490661621,0.007030622690705313,0.007006023096007632
2024-08-12,VLUE.AX,23.65688133239746,0.006160094809128713,0.006141198985438658
2024-08-13,VLUE.AX,23.589290618896484,-0.002857126962395151,-0.0028612163407409318
2024-08-14,VLUE.AX,23.840343475341797,0.010642662405634384,0.010586427912050085
2024-08-15,VLUE.AX,24.03346061706543,0.008100434539601853,0.00806780212577804
2024-08-16,VLUE.AX,24.29416847229004,0.010847703515468377,0.010789289240497456
2024-08-19,VLUE.AX,24.25554656982422,-0.0015897602138501554,-0.0015910252235047063
2024-08-20,VLUE.AX,24.371416091918945,0.004777031998070003,0.00476565818836711
2024-08-21,VLUE.AX,24.120363235473633,-0.010301118962412592,-0.010354542687802368
2024-08-22,VLUE.AX,24.29416847229004,0.007205747074355617,0.007179909722940094
2024-08-23,VLUE.AX,24.4100399017334,0.004769516173213528,0.004758178068174474
2024-08-26,VLUE.AX,24.4100399017334,0.0,0.0
2024-08-27,VLUE.AX,24.429351806640625,0.0007911459786615893,0.0007908331876465102
2024-08-28,VLUE.AX,24.477630615234375,0.001976262365693593,0.001974312128255752
2024-08-29,VLUE.AX,24.3134822845459,-0.006706054734983757,-0.006728641354743392
2024-08-30,VLUE.AX,24.40521240234375,0.0037728087126440712,0.0037657095201804407
2024-09-02,VLUE.AX,24.632125854492188,0.00929774543271944,0.009254787467176236
2024-09-03,VLUE.AX,24.786619186401367,0.0062720259234549935,0.006252438627549872
2024-09-04,VLUE.AX,24.361759185791016,-0.017140699883889,-0.017289302226891717
2024-09-05,VLUE.AX,24.361759185791016,0.0,0.0
2024-09-06,VLUE.AX,24.34244728088379,-0.000792713890649166,-0.0007930282544500605
2024-09-09,VLUE.AX,24.274856567382812,-0.002776660568309275,-0.002780522641031779
2024-09-10,VLUE.AX,24.29416847229004,0.0007955517617013186,0.0007952354781340621
2024-09-11,VLUE.AX,24.110706329345703,-0.007551694685644095,-0.007580353102865236
2024-09-12,VLUE.AX,24.236234664916992,0.005206331737303893,0.005192825650055956
2024-09-13,VLUE.AX,24.265201568603516,0.0011951899330491234,0.0011944762621526723
2024-09-16,VLUE.AX,24.44866371154785,0.007560709620550332,0.007532270711170597
2024-09-17,VLUE.AX,24.429351806640625,-0.0007898961323642428,-0.0007902082646931084
2024-09-18,VLUE.AX,24.44866371154785,0.0007905205614984201,0.0007902082646932037
2024-09-19,VLUE.AX,24.574190139770508,0.0051342858531513436,0.0051211503493104075
2024-09-20,VLUE.AX,24.574190139770508,0.0,0.0
2024-09-23,VLUE.AX,24.56453514099121,-0.0003928918399500603,-0.00039296904217108727
2024-09-24,VLUE.AX,24.429351806640625,-0.005503191229741744,-0.005518389571832524
2024-09-25,VLUE.AX,24.35210418701172,-0.0031620822459934583,-0.0031670921920873988
2024-09-26,VLUE.AX,24.55487823486328,0.008326756747357944,0.008292280559400053
2024-09-27,VLUE.AX,24.690059661865234,0.005505277839660483,0.005490179187117591
2024-09-30,VLUE.AX,24.467975616455078,-0.008994876822965847,-0.009035574961138423
2024-10-01,VLUE.AX,24.487287521362305,0.0007892726889198176,0.0007889613770269606
2024-10-02,VLUE.AX,24.34244728088379,-0.005914915661939246,-0.005932478063241965
2024-10-03,VLUE.AX,24.323137283325195,-0.0007932644296515523,-0.0007935792303703792
2024-10-04,VLUE.AX,24.332794189453125,0.0003970255158880498,0.00039694672211265306
2024-10-07,VLUE.AX,24.632125854492188,0.01230157386399977,0.012226524362049655
2024-10-08,VLUE.AX,24.733510971069336,0.004115971036201094,0.0041075235990868575
2024-10-09,VLUE.AX,24.71902847290039,-0.0005855415426416766,-0.000585713039039534
2024-10-10,VLUE.AX,24.8831787109375,0.006640642783233508,0.006618690844677501
2024-10-11,VLUE.AX,24.834897994995117,-0.0019402953498526276,-0.0019421801613302093
2024-10-14,VLUE.AX,24.892833709716797,0.00233283481709301,0.002330117982415055
2024-10-15,VLUE.AX,25.114917755126953,0.008921605631562413,0.008882043240624556
2024-10-16,VLUE.AX,24.979736328125,-0.005382515217449035,-0.005397053143019055
2024-10-17,VLUE.AX,25.105262756347656,0.005025130232512609,0.005012546404894317
2024-10-18,VLUE.AX,24.979736328125,-0.005000004558443294,-0.0050125464048943365
2024-10-21,VLUE.AX,24.970081329345703,-0.00038651323826932593,-0.00038658795376397674
2024-10-22,VLUE.AX,24.805931091308594,-0.0065738767876656334,-0.006595579883617822
2024-10-23,VLUE.AX,24.815587997436523,0.0003892982727551342,0.00038922251584326805
2024-10-24,VLUE.AX,24.728683471679688,-0.003502013563644435,-0.00350815996719911
2024-10-25,VLUE.AX,24.796274185180664,0.0027332920322420406,0.002729563382355977
2024-10-28,VLUE.AX,25.018360137939453,0.008956424303918853,0.008916553425921543
2024-10-29,VLUE.AX,25.20182228088379,0.007333100248489988,0.007306343794413338
2024-10-30,VLUE.AX,25.172853469848633,-0.0011494728719331215,-0.0011501340225731546
2024-10-31,VLUE.AX,24.970081329345703,-0.00805519091213891,-0.008087809245143952
2024-11-01,VLUE.AX,24.805931091308594,-0.0065738767876656334,-0.006595579883617822
2024-11-04,VLUE.AX,24.86386489868164,0.0023354820732104375,0.002332759073806708
2024-11-05,VLUE.AX,24.86386489868164,0.0,0.0
2024-11-06,VLUE.AX,25.279067993164062,0.01669905689137008,0.01656116068112903
2024-11-07,VLUE.AX,25.24044418334961,-0.0015278969076272242,-0.0015290653324141316
2024-11-08,VLUE.AX,25.114917755126953,-0.004973225800259939,-0.0049856334421206775
2024-11-11,VLUE.AX,25.153541564941406,0.0015378831892278733,0.0015367018578873325
2024-11-12,VLUE.AX,25.40459442138672,0.009980815456827274,0.00993133607556772
2024-11-13,VLUE.AX,25.095605850219727,-0.012162704353464227,-0.012237275315295533
2024-11-14,VLUE.AX,25.221134185791016,0.0050020045867986695,0.004989536122779854
2024-11-15,VLUE.AX,25.23078727722168,0.00038273819724188307,0.0003826649716616243
2024-11-18,VLUE.AX,25.19216537475586,-0.0015307450394418387,-0.0015319178266079455
2024-11-19,VLUE.AX,25.24044418334961,0.0019164215491427328,0.0019145875561277258
2024-11-20,VLUE.AX,25.02801513671875,-0.00841621665164638,-0.008451832980290392
2024-11-21,VLUE.AX,24.902490615844727,-0.005015360594451068,-0.005027979726075994
2024-11-22,VLUE.AX,25.153541564941406,0.010081359048357275,0.010030881122133083
2024-11-25,VLUE.AX,25.317691802978516,0.006525929464576752,0.006504727777376192
2024-11-26,VLUE.AX,25.317691802978516,0.0,0.0
2024-11-27,VLUE.AX,25.29837989807129,-0.0007627830000266345,-0.0007630740670025724
2024-11-28,VLUE.AX,25.423906326293945,0.004961836636512285,0.004949567294019944
2024-11-29,VLUE.AX,25.423906326293945,0.0,0.0
2024-12-02,VLUE.AX,25.472185134887695,0.0018989532125446296,0.0018971524802035048
2024-12-03,VLUE.AX,25.781173706054688,0.012130430488422883,0.012057446442300659
2024-12-04,VLUE.AX,25.829452514648438,0.001872638117418779,0.0018708869165621944
2024-12-05,VLUE.AX,25.703927993774414,-0.004859743767423486,-0.004871590719852491
2024-12-06,VLUE.AX,25.829452514648438,0.004883476210500781,0.0048715907198524444
2024-12-09,VLUE.AX,26.022571563720703,0.007476699282059629,0.007448887307797326
2024-12-10,VLUE.AX,25.96463394165039,-0.002226437226945155,-0.0022289194232952094
2024-12-11,VLUE.AX,25.897043228149414,-0.0026031837634558075,-0.002606577938028662
2024-12-12,VLUE.AX,25.742549896240234,-0.00596567455782937,-0.005983540283802212
2024-12-13,VLUE.AX,25.81979751586914,0.0030007757561028026,0.0029962824152947936
2024-12-16,VLUE.AX,25.684614181518555,-0.005235646571879582,-0.005249400597876308
2024-12-17,VLUE.AX,25.50115394592285,-0.007142806751900266,-0.007168438725132083
2024-12-18,VLUE.AX,25.694271087646484,0.007572878550247353,0.007544348252598721
2024-12-19,VLUE.AX,25.385284423828125,-0.012025508050583222,-0.012098399432518826
2024-12-20,VLUE.AX,25.259756088256836,-0.004944925314819826,-0.0049571919129867085
2024-12-23,VLUE.AX,25.491497039794922,0.009174314697592001,0.009132486309068233
2024-12-24,VLUE.AX,25.60736846923828,0.004545493317339222,0.004535193761836818
2024-12-25,VLUE.AX,25.60736846923828,0.0,0.0
2024-12-26,VLUE.AX,25.60736846923828,0.0,0.0
2024-12-27,VLUE.AX,25.983945846557617,0.014705821012874098,0.014598738970070257
2024-12-30,VLUE.AX,25.858421325683594,-0.004830849079477062,-0.0048425553469153915
2024-12-31,VLUE.AX,25.76186180114746,-0.00373416162262874,-0.003741151009232083
2025-01-01,VLUE.AX,25.76186180114746,0.0,0.0
2025-01-02,VLUE.AX,25.91635513305664,0.0059969785220375105,0.005979068215817902
2025-01-03,VLUE.AX,25.781173706054688,-0.005216066314414958,-0.005229717479258803
2025-01-06,VLUE.AX,25.848764419555664,0.002621708160831515,0.0026182774788476785
2025-01-07,VLUE.AX,25.92601203918457,0.0029884453421094026,0.0029839888158438408
2025-01-08,VLUE.AX,25.983945846557617,0.002234582290769893,0.002232089324896962
2025-01-09,VLUE.AX,25.906700134277344,-0.002972824556225273,-0.002977252176348878
2025-01-10,VLUE.AX,25.790828704833984,-0.004472643325579284,-0.004482675519531173
2025-01-13,VLUE.AX,25.65564727783203,-0.005241453407684227,-0.005255238013273338
2025-01-14,VLUE.AX,25.703927993774414,0.0018818747942523917,0.0018801062862745612
2025-01-15,VLUE.AX,25.790828704833984,0.0033808338974734564,0.003375131726998748
2025-01-16,VLUE.AX,26.041881561279297,0.00973419114672569,0.009687119133552635
2025-01-17,VLUE.AX,26.11912727355957,0.002966210874529418,0.002961820351056276
2025-01-20,VLUE.AX,26.389493942260742,0.010351290296550797,0.010298082555338053
2025-01-21,VLUE.AX,26.331558227539062,-0.0021954083260725676,-0.0021978217679055243
2025-01-22,VLUE.AX,26.379837036132812,0.0018334960725285843,0.001831817270342842
2025-01-23,VLUE.AX,26.312246322631836,-0.002562211184564789,-0.0025654992653477127
2025-01-24,VLUE.AX,26.341215133666992,0.0011009630527150094,0.0011003574373592833
2025-01-27,VLUE.AX,26.341215133666992,0.0,0.0
2025-01-28,VLUE.AX,26.55364227294922,0.008064439632123221,0.008032095812327616
2025-01-29,VLUE.AX,26.630889892578125,0.0029091157753375896,0.002904892486748173
2025-01-30,VLUE.AX,26.843318939208984,0.007976791143207818,0.007945144724589279
2025-01-31,VLUE.AX,26.833663940429688,-0.0003596797698959264,-0.000359744470179083
2025-02-03,VLUE.AX,26.630889892578125,-0.007556703710000945,-0.00758540025441025
2025-02-04,VLUE.AX,26.428117752075195,-0.0076141706612455895,-0.007643306449476284
2025-02-05,VLUE.AX,26.515018463134766,0.003288191458612255,0.003282797178793339
2025-02-06,VLUE.AX,26.70813751220703,0.007283383541322852,0.0072569877928346125
2025-02-07,VLUE.AX,26.6115779876709,-0.003615359719186695,-0.003621910926884268
2025-02-10,VLUE.AX,26.65985870361328,0.001814274822964368,0.0018126310143112088
2025-02-11,VLUE.AX,26.717792510986328,0.0021730725589028665,0.0021707148517577162
2025-02-12,VLUE.AX,26.6984806060791,-0.0007228106475969387,-0.0007230720011600927
2025-02-13,VLUE.AX,27.104026794433594,0.015189860214822604,0.015075649400097927
2025-02-14,VLUE.AX,27.084714889526367,-0.0007125105451560865,-0.0007127645014327478
2025-02-17,VLUE.AX,27.046092987060547,-0.001425966735236206,-0.0014269843933473302
2025-02-18,VLUE.AX,27.152307510375977,0.003927166979949659,0.003919475789522031
2025-02-19,VLUE.AX,27.393705368041992,0.008890509860856932,0.008851221965968513
2025-02-20,VLUE.AX,27.152307510375977,-0.008812165219081125,-0.008851221965968447
2025-02-21,VLUE.AX,27.094371795654297,-0.0021337307961594165,-0.002136010443060444
2025-02-24,VLUE.AX,27.094371795654297,0.0,0.0
2025-02-25,VLUE.AX,27.248865127563477,0.005702045172863546,0.005685850047679231
2025-02-26,VLUE.AX,27.393705368041992,0.00531545955402013,0.0053013823613496085
2025-02-27,VLUE.AX,27.65441131591797,0.009517001967178862,0.009472000597409094
2025-02-28,VLUE.AX,27.577165603637695,-0.0027932510078712003,-0.002797159413269225
2025-03-03,VLUE.AX,27.934432983398438,0.012955188538796625,0.012871987899931124
2025-03-04,VLUE.AX,27.91512107849121,-0.0006913297620432246,-0.0006915688406576261
2025-03-05,VLUE.AX,27.374391555786133,-0.01937048817322573,-0.019560554534845204
2025-03-06,VLUE.AX,27.65441131591797,0.01022925969189803,0.010177294888841086
2025-03-07,VLUE.AX,27.7509708404541,0.0034916499734185535,0.0034855683162173926
2025-03-10,VLUE.AX,27.934432983398438,0.006611017106359807,0.00658926017044429
2025-03-11,VLUE.AX,27.741313934326172,-0.00691329762043269,-0.006937305173983309
2025-03-12,VLUE.AX,27.46129608154297,-0.010093892936942628,-0.0101451817016738
2025-03-13,VLUE.AX,27.306800842285156,-0.005625926715150609,-0.005641811847931056
2025-03-14,VLUE.AX,27.45163917541504,0.005304112113550863,0.005290094855120893
2025-03-17,VLUE.AX,27.538541793823242,0.003165662270762759,0.003160662111720587
2025-03-18,VLUE.AX,27.731658935546875,0.007012613201144546,0.0069881391804686764
2025-03-19,VLUE.AX,27.982711791992188,0.009052933220792925,0.009012201066590588
2025-03-20,VLUE.AX,28.117895126342773,0.004830959034830551,0.004819327398495773
2025-03-21,VLUE.AX,28.03099250793457,-0.0030906516301352216,-0.0030954375575181227
2025-03-24,VLUE.AX,28.03099250793457,0.0,0.0
2025-03-25,VLUE.AX,27.934432983398438,-0.0034447415484414323,-0.003450688331290068
2025-03-26,VLUE.AX,28.050302505493164,0.004147910292777057,0.004139331427605409
2025-03-27,VLUE.AX,27.837873458862305,-0.0075731463712114255,-0.007601968251275465
2025-03-28,VLUE.AX,27.789594650268555,-0.001734285079824649,-0.0017357906932207491
2025-03-31,VLUE.AX,27.34542465209961,-0.015983320511105514,-0.0161124313734491
2025-04-01,VLUE.AX,27.46129608154297,0.00423732419289613,0.004228372014682863
2025-04-02,VLUE.AX,27.248865127563477,-0.0077356492333320315,-0.007765724569763556
2025-04-03,VLUE.AX,27.007469177246094,-0.008858935929526135,-0.008898409605195003
2025-04-04,VLUE.AX,26.515018463134766,-0.01823387118872355,-0.018402157025122472
2025-04-07,VLUE.AX,25.308034896850586,-0.04552075149267998,-0.04658937674693629
2025-04-08,VLUE.AX,25.76186180114746,0.017932127332152215,0.017773243343880432
2025-04-09,VLUE.AX,25.259756088256836,-0.019490272743729276,-0.019682712684827977
2025-04-10,VLUE.AX,26.196374893188477,0.037079487294300106,0.03640857750974084
2025-04-11,VLUE.AX,25.839109420776367,-0.013637973722272712,-0.013731825158395538
2025-04-14,VLUE.AX,25.790828704833984,-0.0018685131579481151,-0.0018702610062498845
2025-04-15,VLUE.AX,25.781173706054688,-0.0003743578343214926,-0.0003744279237084381
2025-04-16,VLUE.AX,25.77151870727539,-0.0003744980305930845,-0.00037456817249309244
2025-04-17,VLUE.AX,25.993602752685547,0.008617421733374986,0.008580503695300798
2025-04-18,VLUE.AX,25.993602752685547,0.0,0.0
2025-04-21,VLUE.AX,25.993602752685547,0.0,0.0
2025-04-22,VLUE.AX,25.60736846923828,-0.014858820730703104,-0.014970318873289624
2025-04-23,VLUE.AX,26.302589416503906,0.027149253860301314,0.02678725033865471
2025-04-24,VLUE.AX,26.379837036132812,0.002936882692638365,0.0029325784779197354
2025-04-25,VLUE.AX,26.379837036132812,0.0,0.0
2025-04-28,VLUE.AX,26.65020179748535,0.010248917041534966,0.010196753005106748
2025-04-29,VLUE.AX,26.901254653930664,0.009420298516050973,0.009376204208706287
2025-04-30,VLUE.AX,26.939876556396484,0.0014356914933026932,0.001434661873630379
2025-05-01,VLUE.AX,26.939876556396484,0.0,0.0
2025-05-02,VLUE.AX,26.881942749023438,-0.002150485257486845,-0.0021528008712993706
2025-05-05,VLUE.AX,26.775728225708008,-0.003951147590301574,-0.003958973996267384
2025-05-06,VLUE.AX,26.949533462524414,0.006491148825208404,0.006470172045339027
2025-05-07,VLUE.AX,26.82400894165039,-0.004657762296648826,-0.004668643472556156
2025-05-08,VLUE.AX,27.12333869934082,0.011159023930447987,0.011097221368728165
2025-05-09,VLUE.AX,27.326112747192383,0.007475998810444695,0.007448192034289817
2025-05-12,VLUE.AX,27.422670364379883,0.0035335291953453307,0.0035273009485406208
2025-05-13,VLUE.AX,27.76062774658203,0.012324014317771637,0.012248691871838897
2025-05-14,VLUE.AX,27.55785369873047,-0.0073043754522635895,-0.00733118302412211
2025-05-15,VLUE.AX,27.625444412231445,0.00245268424166456,0.0024496813208120657
2025-05-16,VLUE.AX,27.96339988708496,0.01223348554363457,0.012159261194563889
2025-05-19,VLUE.AX,28.040647506713867,0.0027624544919726546,0.0027586459269419846
2025-05-20,VLUE.AX,28.117895126342773,0.002754844359796227,0.0027510567306973832
2025-05-21,VLUE.AX,28.253076553344727,0.004807665239326742,0.004796145324640812
2025-05-22,VLUE.AX,27.944087982177734,-0.010936457506975916,-0.010996700188713874
2025-05-23,VLUE.AX,27.973054885864258,0.0010366022217291881,0.0010360653206493424
2025-05-26,VLUE.AX,27.71234893798828,-0.009319895482982066,-0.009363597452690949
2025-05-27,VLUE.AX,27.944087982177734,0.008362302477787464,0.00832753213204146
2025-05-28,VLUE.AX,28.117895126342773,0.006219818098049501,0.006200554864072969
2025-05-29,VLUE.AX,28.195140838623047,0.0027472082079111892,0.0027434415284338927
2025-05-30,VLUE.AX,28.166173934936523,-0.0010273721933973246,-0.0010279003019495532
2025-06-02,VLUE.AX,27.886152267456055,-0.009941771577755443,-0.009991520995003325
2025-06-03,VLUE.AX,27.982711791992188,0.0034626334823832927,0.0034566523700232236
2025-06-04,VLUE.AX,28.088926315307617,0.003795719446527235,0.0037885338806571073
2025-06-05,VLUE.AX,27.90546417236328,-0.006531475816658583,-0.00655289924016341
2025-06-06,VLUE.AX,27.944087982177734,0.0013840948703052192,0.0013831378939291705
2025-06-09,VLUE.AX,27.944087982177734,0.0,0.0
2025-06-10,VLUE.AX,28.07927131652832,0.004837636298482995,0.00482597253756793
2025-06-11,VLUE.AX,28.22410774230957,0.0051581262258753036,0.0051448686627078325
2025-06-12,VLUE.AX,28.195140838623047,-0.0010263177830455161,-0.0010268448077688352
2025-06-13,VLUE.AX,28.108238220214844,-0.003082184228324847,-0.00308694394085695
2025-06-16,VLUE.AX,28.18548583984375,0.0027482198999349006,0.0027444504482344884
2025-06-17,VLUE.AX,28.156517028808594,-0.0010277917932570713,-0.0010283203334260818
2025-06-18,VLUE.AX,28.098583221435547,-0.002057562990258055,-0.002059682681084854
2025-06-19,VLUE.AX,28.011680603027344,-0.003092775807354897,-0.00309756832245298
2025-06-20,VLUE.AX,28.011680603027344,0.0,0.0
2025-06-23,VLUE.AX,28.088926315307617,0.002757625055596513,0.0027538297833138038
2025-06-24,VLUE.AX,28.272388458251953,0.006531475816658583,0.006510238153848612
2025-06-25,VLUE.AX,28.33997917175293,0.0023906969728002547,0.00238784380326343
2025-06-26,VLUE.AX,28.253076553344727,-0.0030664319787087058,-0.003071143114632377
2025-06-27,VLUE.AX,28.446191787719727,0.006835193116416116,0.006811939087660397
2025-06-30,VLUE.AX,28.619998931884766,0.006110032072555782,0.006091441514098724
2025-07-01,VLUE.AX,28.469999313354492,-0.005241077013569129,-0.005254859635982509
2025-07-02,VLUE.AX,28.719999313354492,0.008781173376521068,0.008742843100019961
2025-07-03,VLUE.AX,28.860000610351562,0.0048746970871955675,0.004862854222673916
2025-07-04,VLUE.AX,28.700000762939453,-0.005544000139581451,-0.0055594251455961165
2025-07-07,VLUE.AX,28.8799991607666,0.006271721011923415,0.006252135616465474
2025-07-08,VLUE.AX,28.610000610351562,-0.009348980549204189,-0.009392956569773778
2025-07-09,VLUE.AX,28.610000610351562,0.0,0.0
2025-07-10,VLUE.AX,28.729999542236328,0.004194300221068481,0.0041855286623762745
2025-07-11,VLUE.AX,28.649999618530273,-0.0027845431597882664,-0.002788427211975512
2025-07-14,VLUE.AX,28.219999313354492,-0.015008736855188776,-0.01512250775313095
2025-07-15,VLUE.AX,28.540000915527344,0.011339532599542457,0.01127572203464059
2025-07-16,VLUE.AX,28.239999771118164,-0.010511602480221427,-0.01056723960727305
2025-07-17,VLUE.AX,28.549999237060547,0.01097731828806281,0.010917504858935471
2025-07-18,VLUE.AX,28.610000610351562,0.002101624339559738,0.0020994190164274028
2025-07-21,VLUE.AX,28.459999084472656,-0.005242975277135575,-0.0052567679027331555
2025-07-22,VLUE.AX,28.610000610351562,0.005270608949553557,0.005256767902733178
2025-07-23,VLUE.AX,29.010000228881836,0.013981111848894834,0.013884277627546035
2025-07-24,VLUE.AX,29.100000381469727,0.003102383725536395,0.0030975812633029236
2025-07-25,VLUE.AX,28.959999084472656,-0.004811041070852395,-0.004822651382370221
2025-07-28,VLUE.AX,29.040000915527344,0.0027624942535851016,0.0027586855790165915
2025-07-29,VLUE.AX,28.790000915527344,-0.008608815155592087,-0.008646085058748912
2025-07-30,VLUE.AX,28.979999542236328,0.006599465809899119,0.006577784672418787
2025-07-31,VLUE.AX,28.920000076293945,-0.002070374978955347,-0.0020725211680211676
2025-08-01,VLUE.AX,28.809999465942383,-0.003803617222039035,-0.0038108693694609203
2025-08-04,VLUE.AX,28.530000686645508,-0.009718805431700006,-0.009766341266307248
2025-08-05,VLUE.AX,28.829999923706055,0.010515220113575863,0.010460319711073156
2025-08-06,VLUE.AX,28.969999313354492,0.0048560315649990304,0.0048442790753360524
2025-08-07,VLUE.AX,28.860000610351562,-0.003796986731450236,-0.0038042135848808
2025-08-08,VLUE.AX,29.149999618530273,0.010048475469355722,0.009998325215633829
2025-08-11,VLUE.AX,29.40999984741211,0.008919390472875266,0.008879847667542807
2025-08-12,VLUE.AX,29.530000686645508,0.004080273371506182,0.004071971630699226
2025-08-13,VLUE.AX,29.729999542236328,0.006772734539124636,0.006749902604337417
2025-08-14,VLUE.AX,29.75,0.000672736564804044,0.000672510378997855
2025-08-15,VLUE.AX,30.260000228881836,0.01714286483636429,0.016997583932412363
2025-08-18,VLUE.AX,30.100000381469727,-0.005287503179177033,-0.0053015314958083015
2025-08-19,VLUE.AX,30.260000228881836,0.005315609481208128,0.005301531495808244
2025-08-20,VLUE.AX,30.549999237060547,0.009583575875254713,0.009537944720084861
2025-08-21,VLUE.AX,30.559999465942383,0.00032733974244103514,0.0003272861784763019
2025-08-22,VLUE.AX,30.34000015258789,-0.007198930536620907,-0.007224967872961324
2025-08-25,VLUE.AX,30.65999984741211,0.010547122386778351,0.010491889517243183
2025-08-26,VLUE.AX,30.450000762939453,-0.006849285241936509,-0.006872849255505456
2025-08-27,VLUE.AX,30.260000228881836,-0.0062397546567179996,-0.006259303287337536
2025-08-28,VLUE.AX,30.350000381469727,0.002974228417288227,0.002969814150475049
2025-08-29,VLUE.AX,30.209999084472656,-0.004612892759057408,-0.0046235649813861045
2025-09-01,VLUE.AX,30.15999984741211,-0.00165505589459769,-0.00165642701266501
2025-09-02,VLUE.AX,30.18000030517578,0.0006631451546703637,0.0006629253710825289
2025-09-03,VLUE.AX,29.8700008392334,-0.01027168531503353,-0.01032480312734282
2025-09-04,VLUE.AX,30.030000686645508,0.0053565397695587436,0.005342244536341999
2025-09-05,VLUE.AX,30.329999923706055,0.009989984355676551,0.009940414324471307
2025-09-08,VLUE.AX,30.280000686645508,-0.0016485076553351963,-0.001649867939244556
2025-09-09,VLUE.AX,30.100000381469727,-0.00594452777721266,-0.005962266817540935
2025-09-10,VLUE.AX,30.309999465942383,0.00697671368143693,0.006952489021620033
2025-09-11,VLUE.AX,30.209999084472656,-0.003299253818268455,-0.003304708356722669
2025-09-12,VLUE.AX,30.31999969482422,0.00364119873171731,0.0036345856158664686
2025-09-15,VLUE.AX,30.295000076293945,-0.0008245256854187977,-0.0008248657936866083
2025-09-16,VLUE.AX,30.43000030517578,0.004456188431815722,0.004446289022339967
2025-09-17,VLUE.AX,30.260000228881836,-0.005586594629939268,-0.005602258013608778
2025-09-18,VLUE.AX,30.530000686645508,0.008922685251864904,0.008883113313580502
2025-09-19,VLUE.AX,30.829999923706055,0.00982637505120576,0.00977841018576172
2025-09-22,VLUE.AX,30.770000457763672,-0.0019461390233818099,-0.001948035212495461
2025-09-23,VLUE.AX,30.889999389648438,0.0038998677315420505,0.003892282960720208
2025-09-24,VLUE.AX,30.700000762939453,-0.006150813546880629,-0.006169807727018777
2025-09-25,VLUE.AX,30.81999969482422,0.003908759899108105,0.0039011405454957115
2025-09-26,VLUE.AX,30.829999923706055,0.00032447206297403497,0.0003244194332984748
2025-09-29,VLUE.AX,31.079999923706055,0.008108984775175632,0.008076283621293258
2025-09-30,VLUE.AX,30.8700008392334,-0.006756727316221123,-0.006779657344567814
2025-10-01,VLUE.AX,30.84000015258789,-0.0009718395150601911,-0.0009723120572633051
2025-10-02,VLUE.AX,31.270000457763672,0.013942941084573945,0.013846632465963005
2025-10-03,VLUE.AX,31.350000381469727,0.002558360170608509,0.0025550931382046014
2025-10-06,VLUE.AX,31.530000686645508,0.005741636458868271,0.005725216087475803
2025-10-07,VLUE.AX,31.440000534057617,-0.0028544291350430795,-0.002858510786927669
2025-10-08,VLUE.AX,31.3799991607666,-0.0019084405938867288,-0.001910263986897744
2025-10-09,VLUE.AX,31.260000228881836,-0.0038240578423850424,-0.0038313882454670757
2025-10-10,VLUE.AX,31.190000534057617,-0.002239273650405993,-0.00224178457277521
2025-10-13,VLUE.AX,30.84000015258789,-0.011221557405475147,-0.011284994099575762
2025-10-14,VLUE.AX,31.06999969482422,0.007457832071930959,0.007430159939899627
2025-10-15,VLUE.AX,31.280000686645508,0.0067589634336646665,0.006736224045937717
2025-10-16,VLUE.AX,31.40999984741211,0.0041559833092363885,0.004147371063922495
2025-10-17,VLUE.AX,31.43000030517578,0.0006367544686671778,0.0006365518265581099
2025-10-20,VLUE.AX,31.600000381469727,0.005408847427403662,0.005394272145519852
2025-10-21,VLUE.AX,31.68000030517578,0.002531643124693339,0.0025284439146058177
2025-10-22,VLUE.AX,31.950000762939453,0.00852274164023803,0.008486628123413777
2025-10-23,VLUE.AX,31.799999237060547,-0.004694883326979538,-0.00470593890838853
2025-10-24,VLUE.AX,31.799999237060547,0.0,0.0
2025-10-27,VLUE.AX,32.15999984741211,0.011320774182032256,0.011257173771793045
2025-10-28,VLUE.AX,32.16999816894531,0.00031089308397524995,0.0003108447667344894
2025-10-29,VLUE.AX,32.02000045776367,-0.004662658368642325,-0.004673562468103541
2025-10-30,VLUE.AX,32.119998931884766,0.003123000396361597,0.003118133959913281
2025-10-31,VLUE.AX,32.0099983215332,-0.0034246766503583936,-0.0034305542785923425
2025-11-03,VLUE.AX,32.11000061035156,0.0031240954096234397,0.003119225563499033
2025-11-04,VLUE.AX,32.13999938964844,0.0009342503496310162,0.0009338142093947642
2025-11-05,VLUE.AX,31.790000915527344,-0.010889809606960399,-0.010949537597027745
2025-11-06,VLUE.AX,32.310001373291016,0.016357359005601202,0.016225018618061356
2025-11-07,VLUE.AX,32.400001525878906,0.0027855199245607754,0.0027816475533137975
2025-11-10,VLUE.AX,32.47999954223633,0.0024690744626516548,0.002466031306457443
2025-11-11,VLUE.AX,32.619998931884766,0.00431032609672255,0.004301063248916752
2025-11-12,VLUE.AX,32.84000015258789,0.006744366275502234,0.006721724781946138
2025-11-13,VLUE.AX,33.099998474121094,0.007917123030607431,0.007885947053324651
2025-11-14,VLUE.AX,32.900001525878906,-0.006042204152926223,-0.006060532133332306
2025-11-17,VLUE.AX,32.79999923706055,-0.003039583105784893,-0.0030442120208745782
2025-11-18,VLUE.AX,32.25,-0.01676826981261348,-0.01691044888796712
2025-11-19,VLUE.AX,32.060001373291016,-0.005891430285549948,-0.005908853225347004
2025-11-20,VLUE.AX,32.20000076293945,0.004366793002231972,0.00435728622769955
2025-11-21,VLUE.AX,31.59000015258789,-0.0189441178850418,-0.019125856599881034
2025-11-24,VLUE.AX,32.130001068115234,0.017094045993004015,0.016949586727062524
2025-11-25,VLUE.AX,32.349998474121094,0.006847102355815871,0.006823767407774917
2025-11-26,VLUE.AX,32.66999816894531,0.009891799379224242,0.009843195786911063
2025-11-27,VLUE.AX,32.689998626708984,0.0006121964764198573,0.0006120091606024769
2025-11-28,VLUE.AX,32.7599983215332,0.002141318377634427,0.0021390290230127967
2025-12-01,VLUE.AX,32.779998779296875,0.0006105146150305885,0.0006103283268002741
2025-12-02,VLUE.AX,32.77000045776367,-0.0003050128708216304,-0.00030505939670821716
2025-12-03,VLUE.AX,32.95000076293945,0.005492838042763459,0.00547780742326666
2025-12-04,VLUE.AX,33.0,0.0015174274932576726,0.0015162773635043572
2025-12-05,VLUE.AX,32.83000183105469,-0.005151459665009517,-0.005164774179155148
2025-12-08,VLUE.AX,32.93000030517578,0.0030459478691378106,0.0030413183683567543
2025-12-09,VLUE.AX,32.939998626708984,0.0003036234874140842,0.00030357740313097394
2025-12-10,VLUE.AX,32.97999954223633,0.001214356927595972,0.0012136201926013497
2025-12-11,VLUE.AX,33.33000183105469,0.010612561967143774,0.010556644005366874
2025-12-12,VLUE.AX,33.58000183105469,0.007500749662937789,0.007472758920744552
2025-12-15,VLUE.AX,33.540000915527344,-0.0011912124284148007,-0.0011919224858818033
2025-12-16,VLUE.AX,33.380001068115234,-0.004770418695428158,-0.004781833459296506
2025-12-17,VLUE.AX,33.275001525878906,-0.003145582351003151,-0.0031505400945569155
2025-12-18,VLUE.AX,33.31999969482422,0.001352311551670926,0.0013513980019143803
2025-12-19,VLUE.AX,33.45000076293945,0.00390159271626378,0.0038940012428867574
2025-12-22,VLUE.AX,33.58000183105469,0.003886429451423812,0.0038788967949342436
2025-12-23,VLUE.AX,33.560001373291016,-0.0005956062142074003,-0.0005957836580498699
2025-12-24,VLUE.AX,33.290000915527344,-0.008045305325242169,-0.008077843430970327
2025-12-25,VLUE.AX,33.290000915527344,0.0,0.0
2025-12-26,VLUE.AX,33.290000915527344,0.0,0.0
2025-12-29,VLUE.AX,33.43000030517578,0.004205448657201405,0.00419663047230158
2025-12-30,VLUE.AX,33.4900016784668,0.0017948361574415816,0.0017932273637519594
2025-12-31,VLUE.AX,33.529998779296875,0.0011942997559117874,0.0011935871472807456
2026-01-01,VLUE.AX,33.529998779296875,0.0,0.0
2026-01-02,VLUE.AX,33.5,-0.0008946847715186612,-0.0008950852408191954
2026-01-05,VLUE.AX,34.11000061035156,0.018208973443330168,0.0180451754931588
2026-01-06,VLUE.AX,34.060001373291016,-0.0014658233997619785,-0.001466898769878543
2026-01-07,VLUE.AX,34.029998779296875,-0.0008808747147517337,-0.0008812629128692912
2026-01-08,VLUE.AX,34.0,-0.0008815392410511658,-0.0008819280252704122
2026-01-09,VLUE.AX,34.13999938964844,0.004117629107307064,0.004109174872231427
2026-01-12,VLUE.AX,34.5,0.010544833532150522,0.010489624548921354
2026-01-13,VLUE.AX,34.470001220703125,-0.0008695298346920177,-0.0008699080950470662
2026-01-14,VLUE.AX,34.529998779296875,0.001740573149667135,0.0017390601076748829
2026-01-15,VLUE.AX,34.900001525878906,0.010715399932301084,0.010658396879897341
2026-01-16,VLUE.AX,34.880001068115234,-0.0005730789939605296,-0.0005732432664909448
2026-01-19,VLUE.AX,34.529998779296875,-0.010034468982235922,-0.010085153613406268
2026-01-20,VLUE.AX,34.220001220703125,-0.008977630163706118,-0.009018171913682262
2026-01-21,VLUE.AX,34.119998931884766,-0.0029223344608725332,-0.0029266128174487284
2026-01-22,VLUE.AX,34.5099983215332,0.01143022865935639,0.01136539715398612
2026-01-23,VLUE.AX,34.310001373291016,-0.005795333467674912,-0.005812191576469934
2026-01-26,VLUE.AX,34.310001373291016,0.0,0.0
2026-01-27,VLUE.AX,34.04999923706055,-0.007578027566995993,-0.007606886707251039
2026-01-28,VLUE.AX,34.02000045776367,-0.0008810214381509418,-0.0008814097656381635
2026-01-29,VLUE.AX,33.79999923706055,-0.00646682003947241,-0.006487820506638266
2026-01-30,VLUE.AX,34.130001068115234,0.009763368003063544,0.009716014297310265
2026-02-02,VLUE.AX,34.150001525878906,0.0005860081200628198,0.0005858364843544357
2026-02-03,VLUE.AX,34.599998474121094,0.013177069637937855,0.013091007264666825
2026-02-04,VLUE.AX,34.65999984741211,0.0017341438132112419,0.0017326419219084444
2026-02-05,VLUE.AX,34.810001373291016,0.0043277993808215065,0.0043184613893560535
2026-02-06,VLUE.AX,34.689998626708984,-0.003447364028951405,-0.0034533198802566972
2026-02-09,VLUE.AX,35.08000183105469,0.01124252579374363,0.011179798306383777
2026-02-10,VLUE.AX,35.040000915527344,-0.0011402768939405838,-0.0011409275042689863
2026-02-11,VLUE.AX,35.040000915527344,0.0,0.0
2026-02-12,VLUE.AX,35.38999938964844,0.009988540667132284,0.009938984914676714
2026-02-13,VLUE.AX,35.040000915527344,-0.009889756432814978,-0.009938984914676614
2026-02-16,VLUE.AX,34.93000030517578,-0.0031392867430781735,-0.003144224640731636
2026-02-17,VLUE.AX,34.75,-0.0051531721615561965,-0.005166495544721025
2026-02-18,VLUE.AX,35.02000045776367,0.007769797345717144,0.007739767918397166
2026-02-19,VLUE.AX,35.279998779296875,0.007424280929030136,0.007396856608962858
2026-02-20,VLUE.AX,35.13999938964844,-0.003968236805342307,-0.003976131148349773
2026-02-23,VLUE.AX,35.02000045776367,-0.0034148814447650944,-0.003420725460613177
2026-02-24,VLUE.AX,35.04999923706055,0.0008566184724370096,0.0008562517842263377
2026-02-25,VLUE.AX,34.9900016784668,-0.001711770610548613,-0.0017132373639293882
2026-02-26,VLUE.AX,35.119998931884766,0.0037152685676482555,0.003708384004116079
2026-02-27,VLUE.AX,35.060001373291016,-0.0017083587818471635,-0.0017098196907857491
2026-03-02,VLUE.AX,34.79999923706055,-0.0074159191684612935,-0.0074435538059447835
2026-03-03,VLUE.AX,34.310001373291016,-0.014080398692874252,-0.014180467960553833
2026-03-04,VLUE.AX,33.790000915527344,-0.015155943950747597,-0.015271969075504927
2026-03-05,VLUE.AX,34.279998779296875,0.014501268141261514,0.014397130298980204
2026-03-06,VLUE.AX,34.02000045776367,-0.007584548739547392,-0.007613457696364382
2026-03-09,VLUE.AX,32.560001373291016,-0.042915904315911635,-0.043864017111856723
2026-03-10,VLUE.AX,33.349998474121094,0.024262809198715596,0.023973143296560067
2026-03-11,VLUE.AX,33.2599983215332,-0.002698655373484571,-0.0027023033083878123
2026-03-12,VLUE.AX,32.869998931884766,-0.011725778993679103,-0.0117950681187653
2026-03-13,VLUE.AX,33.150001525878906,0.008518485034769263,0.008482407480412056
2024-03-14,VMIN.AX,53.85464859008789,0.0025623525069007336,0.002559075278797921
2024-03-15,VMIN.AX,53.69865417480469,-0.0028965821775301936,-0.002900785390282124
2024-03-18,VMIN.AX,53.73535919189453,0.0006835370020701337,0.0006833034970536879
2024-03-19,VMIN.AX,53.73535919189453,0.0,0.0
2024-03-20,VMIN.AX,53.86382293701172,0.0023906743538910646,0.0023878212382999744
2024-03-21,VMIN.AX,54.21251678466797,0.006473618630151945,0.006452754755836179
2024-03-22,VMIN.AX,54.19416046142578,-0.0003385993554790856,-0.00033865669318422297
2024-03-25,VMIN.AX,54.20334243774414,0.00016942741137015993,0.0001694130601672667
2024-03-26,VMIN.AX,54.01981735229492,-0.003385862885854518,-0.0033916078911277506
2024-03-27,VMIN.AX,54.414390563964844,0.007304230762142039,0.00727768405907979
2024-03-28,VMIN.AX,54.414390563964844,0.0,0.0
2024-03-29,VMIN.AX,54.414390563964844,0.0,0.0
2024-04-01,VMIN.AX,54.414390563964844,0.0,0.0
2024-04-02,VMIN.AX,54.38685989379883,-0.0005059446569314341,-0.0005060726901163313
2024-04-03,VMIN.AX,54.03816604614258,-0.006411362015331323,-0.006432003068920399
2024-04-04,VMIN.AX,53.90052795410156,-0.0025470533534296402,-0.002550302612352149
2024-04-05,VMIN.AX,53.909706115722656,0.00017027962377125228,0.00017026512784166738
2024-04-08,VMIN.AX,53.6802978515625,-0.00425541670859253,-0.004264496763040301
2024-04-09,VMIN.AX,53.6802978515625,0.0,0.0
2024-04-10,VMIN.AX,53.6802978515625,0.0,0.0
2024-04-11,VMIN.AX,53.67112350463867,-0.00017090715385370547,-0.00017092176014556155
2024-04-12,VMIN.AX,53.111385345458984,-0.010429037490361281,-0.010483800988325492
2024-04-15,VMIN.AX,52.762691497802734,-0.0065653314329535695,-0.006586978018054343
2024-04-16,VMIN.AX,52.294708251953125,-0.008869586303592913,-0.008909155231297518
2024-04-17,VMIN.AX,52.294708251953125,0.0,0.0
2024-04-18,VMIN.AX,52.37729263305664,0.0015792110495316258,0.0015779654070113265
2024-04-19,VMIN.AX,51.98271560668945,-0.0075333604799221465,-0.007561879559935669
2024-04-22,VMIN.AX,52.68927764892578,0.01359224953891025,0.013500703526447994
2024-04-23,VMIN.AX,52.68927764892578,0.0,0.0
2024-04-24,VMIN.AX,53.423370361328125,0.013932487693106843,0.013836322768119785
2024-04-25,VMIN.AX,53.423370361328125,0.0,0.0
2024-04-26,VMIN.AX,53.20314407348633,-0.004122283681323391,-0.004130803715424292
2024-04-29,VMIN.AX,53.276554107666016,0.0013798063151735374,0.0013788552571898625
2024-04-30,VMIN.AX,53.125144958496094,-0.002841947113620402,-0.0028459931128140743
2024-05-01,VMIN.AX,53.125144958496094,0.0,0.0
2024-05-02,VMIN.AX,53.102203369140625,-0.00043184050365208115,-0.0004319337736151768
2024-05-03,VMIN.AX,52.900333404541016,-0.0038015365049225425,-0.0038087807100565
2024-05-06,VMIN.AX,52.900333404541016,0.0,0.0
2024-05-07,VMIN.AX,53.570186614990234,0.012662551771209118,0.012583052071813237
2024-05-08,VMIN.AX,53.570186614990234,0.0,0.0
2024-05-09,VMIN.AX,53.92805480957031,0.006680361170889437,0.00665814643827939
2024-05-10,VMIN.AX,54.07487106323242,0.002722446677903445,0.002718747532243347
2024-05-13,VMIN.AX,54.07487106323242,0.0,0.0
2024-05-14,VMIN.AX,54.06570053100586,-0.00016958953477375083,-0.00016960391670494288
2024-05-15,VMIN.AX,53.918880462646484,-0.002715586164932393,-0.0027192800579473675
2024-05-16,VMIN.AX,54.24921798706055,0.006126564972781967,0.00610787387622834
2024-05-17,VMIN.AX,54.13910675048828,-0.0020297294718336634,-0.0020317921643091675
2024-05-20,VMIN.AX,54.460269927978516,0.005932184640030869,0.005914658510729471
2024-05-21,VMIN.AX,54.405216217041016,-0.0010108967695221516,-0.0010114080702720279
2024-05-22,VMIN.AX,54.368507385253906,-0.0006747300045765181,-0.0006749577373105571
2024-05-23,VMIN.AX,54.515323638916016,0.002700391471514463,0.002696751965053912
2024-05-24,VMIN.AX,53.918880462646484,-0.01094083528183909,-0.011001126380119717
2024-05-27,VMIN.AX,54.03816604614258,0.00221231565775426,0.0022098720907668505
2024-05-28,VMIN.AX,54.13910675048828,0.0018679520740860767,0.0018662096211521503
2024-05-29,VMIN.AX,53.41419219970703,-0.013389850595839636,-0.01348030298205728
2024-05-30,VMIN.AX,53.102203369140625,-0.0058409351095290996,-0.005858060087488842
2024-05-31,VMIN.AX,53.102203369140625,0.0,0.0
2024-06-03,VMIN.AX,54.02899932861328,0.01745306033781735,0.01730250492435814
2024-06-04,VMIN.AX,53.95558547973633,-0.0013587860184202105,-0.0013597100052372272
2024-06-05,VMIN.AX,54.111576080322266,0.0028910927237462136,0.0028869215527384017
2024-06-06,VMIN.AX,54.340980529785156,0.004239470850421423,0.004230509612220053
2024-06-07,VMIN.AX,54.42356872558594,0.0015198142358787692,0.0015186604870642939
2024-06-10,VMIN.AX,54.42356872558594,0.0,0.0
2024-06-11,VMIN.AX,54.46944808959961,0.0008430054310661905,0.0008426503015578419
2024-06-12,VMIN.AX,54.46944808959961,0.0,0.0
2024-06-13,VMIN.AX,54.148284912109375,-0.005896207667864362,-0.00591365893162428
2024-06-14,VMIN.AX,54.12993240356445,-0.00033893056030698254,-0.000338988010250732
2024-06-17,VMIN.AX,54.0565185546875,-0.001356252365689592,-0.0013571729083488892
2024-06-18,VMIN.AX,54.0565185546875,0.0,0.0
2024-06-19,VMIN.AX,54.0565185546875,0.0,0.0
2024-06-20,VMIN.AX,54.460269927978516,0.0074690598670825725,0.007441304557797823
2024-06-21,VMIN.AX,54.836490631103516,0.006908168167776951,0.006884416100169322
2024-06-24,VMIN.AX,54.78143310546875,-0.0010040308014083177,-0.0010045351779680695
2024-06-25,VMIN.AX,54.78143310546875,0.0,0.0
2024-06-26,VMIN.AX,54.790611267089844,0.0001675414661646002,0.0001675274326605986
2024-06-27,VMIN.AX,54.790611267089844,0.0,0.0
2024-06-28,VMIN.AX,54.983306884765625,0.0035169459368948885,0.0035107759446542817
2024-07-01,VMIN.AX,54.671321868896484,-0.005674177010178805,-0.0056903363086886075
2024-07-02,VMIN.AX,54.643795013427734,-0.0005034971631884266,-0.000503623960448256
2024-07-03,VMIN.AX,54.753902435302734,0.0020150032011492236,0.0020129758052149413
2024-07-04,VMIN.AX,54.726375579833984,-0.0005027377820471246,-0.0005028641970567166
2024-07-05,VMIN.AX,54.726375579833984,0.0,0.0
2024-07-08,VMIN.AX,54.983306884765625,0.0046948350262450145,0.00468384866097865
2024-07-09,VMIN.AX,54.96495819091797,-0.00033371390131398115,-0.00033376959618906023
2024-07-10,VMIN.AX,55.02001190185547,0.0010016147150748722,0.0010011134337553848
2024-07-11,VMIN.AX,55.130126953125,0.0020013636395781464,0.0019993635794896695
2024-07-12,VMIN.AX,55.396236419677734,0.004826933679637602,0.004815321388112068
2024-07-15,VMIN.AX,55.6715202331543,0.004969359495671011,0.004957052982259659
2024-07-16,VMIN.AX,55.763282775878906,0.0016482851975354595,0.0016469282663576722
2024-07-17,VMIN.AX,55.974327087402344,0.003784646473767639,0.0037775027180220492
2024-07-18,VMIN.AX,55.974327087402344,0.0,0.0
2024-07-19,VMIN.AX,55.946800231933594,-0.0004917764428997717,-0.0004918974045937007
2024-07-22,VMIN.AX,55.6715202331543,-0.004920388612719484,-0.004932533579786147
2024-07-23,VMIN.AX,55.708221435546875,0.0006592455574927492,0.0006590283505967571
2024-07-24,VMIN.AX,55.799983978271484,0.0016471992887221454,0.0016458441438987304
2024-07-25,VMIN.AX,55.53387451171875,-0.004768988225092641,-0.004780396133342412
2024-07-26,VMIN.AX,55.54305648803711,0.00016534009915725179,0.00016532643198952362
2024-07-29,VMIN.AX,55.974327087402344,0.00776461769722947,0.007734628191236938
2024-07-30,VMIN.AX,55.77245330810547,-0.0036065423168313293,-0.003613061569934358
2024-07-31,VMIN.AX,56.148681640625,0.006745773409699618,0.006723122488515095
2024-08-01,VMIN.AX,56.15785217285156,0.0001633258690785233,0.000163312532860848
2024-08-02,VMIN.AX,55.598114013671875,-0.009967228758265834,-0.010017234136991359
2024-08-05,VMIN.AX,55.093421936035156,-0.00907750355547332,-0.009118955132782755
2024-08-06,VMIN.AX,54.698848724365234,-0.007161893340515868,-0.007187662811140725
2024-08-07,VMIN.AX,55.276947021484375,0.010568747068741002,0.010513288272544928
2024-08-08,VMIN.AX,54.94660568237305,-0.00597611403869569,-0.005994042472125004
2024-08-09,VMIN.AX,55.332000732421875,0.007013991952053544,0.006989508329123884
2024-08-12,VMIN.AX,55.62105178833008,0.0052239400723284035,0.005210342631641307
2024-08-13,VMIN.AX,55.6715202331543,0.0009073622882262988,0.0009069508839082852
2024-08-14,VMIN.AX,55.84586715698242,0.0031317076145569445,0.0031268140324490707
2024-08-15,VMIN.AX,56.33219528198242,0.008708399560399593,0.008670700158485846
2024-08-16,VMIN.AX,56.33219528198242,0.0,0.0
2024-08-19,VMIN.AX,56.70841979980469,0.006678676659750193,0.0066564731042067365
2024-08-20,VMIN.AX,56.965354919433594,0.004530810777940042,0.004520577553015368
2024-08-21,VMIN.AX,57.075462341308594,0.00193288397888014,0.0019310183622690484
2024-08-22,VMIN.AX,57.30487060546875,0.004019385121898811,0.004011328973479999
2024-08-23,VMIN.AX,57.31404113769531,0.0001600305895410603,0.0001600177860122185
2024-08-26,VMIN.AX,57.396629333496094,0.0014409766640317567,0.0014399394534365666
2024-08-27,VMIN.AX,57.47004318237305,0.0012790620238409822,0.0012782447208571387
2024-08-28,VMIN.AX,57.47004318237305,0.0,0.0
2024-08-29,VMIN.AX,57.56180191040039,0.001596635793993828,0.0015953625261809676
2024-08-30,VMIN.AX,57.763671875,0.003507012600367121,0.003500877371709404
2024-09-02,VMIN.AX,57.763671875,0.0,0.0
2024-09-03,VMIN.AX,58.13071823120117,0.00635427673288258,0.006334173432828745
2024-09-04,VMIN.AX,57.62602996826172,-0.008681954709937934,-0.008719862447049124
2024-09-05,VMIN.AX,57.818729400634766,0.003343965087984957,0.0033383864697404658
2024-09-06,VMIN.AX,57.35074996948242,-0.008093907216632945,-0.008126840711130063
2024-09-09,VMIN.AX,56.956172943115234,-0.006880067419818392,-0.006903844203676892
2024-09-10,VMIN.AX,57.332393646240234,0.006605442108983395,0.006583721772075941
2024-09-11,VMIN.AX,57.185577392578125,-0.0025607905814645227,-0.002564075014026429
2024-09-12,VMIN.AX,57.451690673828125,0.004653503442365148,0.00464270936910535
2024-09-13,VMIN.AX,57.47004318237305,0.0003194424451165023,0.0003193914342417012
2024-09-16,VMIN.AX,57.85543441772461,0.006705949987345194,0.006683565123521583
2024-09-17,VMIN.AX,58.06648254394531,0.003647853107400456,0.003641215827571229
2024-09-18,VMIN.AX,58.06648254394531,0.0,0.0
2024-09-19,VMIN.AX,57.671913146972656,-0.0067951317125855,-0.006818323741718647
2024-09-20,VMIN.AX,57.62602996826172,-0.00079558967627813,-0.0007959063257044461
2024-09-23,VMIN.AX,57.763671875,0.0023885370346368173,0.002385689014220528
2024-09-24,VMIN.AX,57.77284622192383,0.00015882554945045868,0.00015881293800820806
2024-09-25,VMIN.AX,57.75449752807617,-0.00031760065580244135,-0.0003176511015720802
2024-09-26,VMIN.AX,57.93801498413086,0.0031775439820158624,0.0031725062580423256
2024-09-27,VMIN.AX,57.80038070678711,-0.0023755435422053717,-0.0023783696223038464
2024-09-30,VMIN.AX,57.80955505371094,0.00015872467986621785,0.00015871208443700457
2024-10-01,VMIN.AX,57.72848129272461,-0.0014024283859476183,-0.001403412709039205
2024-10-02,VMIN.AX,57.811763763427734,0.0014426582656976716,0.0014416186340305748
2024-10-03,VMIN.AX,57.635929107666016,-0.0030415030491243167,-0.003046137819688254
2024-10-04,VMIN.AX,57.57115173339844,-0.0011239061340811984,-0.0011245381902058632
2024-10-07,VMIN.AX,57.83028030395508,0.0045010141842674045,0.004490914913225795
2024-10-08,VMIN.AX,57.60816955566406,-0.003840734423620429,-0.0038481289838438707
2024-10-09,VMIN.AX,57.97834777832031,0.006425793867631313,0.006405236472276957
2024-10-10,VMIN.AX,57.98759460449219,0.0001594875764179271,0.0001594748596265068
2024-10-11,VMIN.AX,57.9043083190918,-0.0014362776378025188,-0.001437310073223296
2024-10-14,VMIN.AX,58.033870697021484,0.002237525698704612,0.002235026165896634
2024-10-15,VMIN.AX,58.5521125793457,0.008929989954139295,0.008890353388501904
2024-10-16,VMIN.AX,58.33000564575195,-0.003793320579044246,-0.0038005334658576433
2024-10-17,VMIN.AX,58.46882247924805,0.002379852906909452,0.002377025541900244
2024-10-18,VMIN.AX,58.48733139038086,0.0003165603538428652,0.00031651025918576204
2024-10-21,VMIN.AX,58.41329574584961,-0.0012658407003918182,-0.0012666425534814823
2024-10-22,VMIN.AX,58.2097053527832,-0.0034853433703211367,-0.0034914313293937403
2024-10-23,VMIN.AX,58.144920349121094,-0.0011129587973255362,-0.0011135785958839909
2024-10-24,VMIN.AX,57.93206787109375,-0.0036607235292319684,-0.0036674403749646215
2024-10-25,VMIN.AX,57.93206787109375,0.0,0.0
2024-10-28,VMIN.AX,57.746986389160156,-0.0031948019246511583,-0.0031999161999560553
2024-10-29,VMIN.AX,57.626678466796875,-0.002083362784553233,-0.002085536003726515
2024-10-30,VMIN.AX,57.626678466796875,0.0,0.0
2024-10-31,VMIN.AX,57.19172668457031,-0.007547750344090609,-0.007576378756096463
2024-11-01,VMIN.AX,56.54391860961914,-0.0113269543079898,-0.01139159282347749
2024-11-04,VMIN.AX,56.812294006347656,0.004746317611649564,0.004735089360760508
2024-11-05,VMIN.AX,56.78453826904297,-0.0004885516029609072,-0.000488670983179133
2024-11-06,VMIN.AX,57.60816955566406,0.01450449914233265,0.014400315111091867
2024-11-07,VMIN.AX,57.85803985595703,0.004337410860651092,0.004328031406082239
2024-11-08,VMIN.AX,57.87654495239258,0.0003198362143206346,0.0003197850776219273
2024-11-11,VMIN.AX,58.42255401611328,0.009434030040491148,0.009389807492753241
2024-11-12,VMIN.AX,58.22821044921875,-0.0033265161061074577,-0.0033320612615905807
2024-11-13,VMIN.AX,58.2559700012207,0.0004767371655043373,0.0004766235624462833
2024-11-14,VMIN.AX,58.22821044921875,-0.000476509995479768,-0.0004766235624462935
2024-11-15,VMIN.AX,57.78400421142578,-0.007628711828270296,-0.007657959292281761
2024-11-18,VMIN.AX,57.25650405883789,-0.009128826563452042,-0.009170749634672827
2024-11-19,VMIN.AX,57.506370544433594,0.00436398431414764,0.004354489747338866
2024-11-20,VMIN.AX,57.37681198120117,-0.002252942795830215,-0.0022554844896956975
2024-11-21,VMIN.AX,57.672950744628906,0.005161296928186898,0.005148023089089111
2024-11-22,VMIN.AX,57.94132995605469,0.004653467664835542,0.00464267375729479
2024-11-25,VMIN.AX,57.94132995605469,0.0,0.0
2024-11-26,VMIN.AX,58.27448654174805,0.005749895384625114,0.005733427830479584
2024-11-27,VMIN.AX,58.579872131347656,0.0052404681314666135,0.005226784662717449
2024-11-28,VMIN.AX,58.755706787109375,0.0030016223894695493,0.00299712651534924
2024-11-29,VMIN.AX,58.755706787109375,0.0,0.0
2024-12-02,VMIN.AX,58.644649505615234,-0.001890153102855785,-0.0018919416963976868
2024-12-03,VMIN.AX,58.53360366821289,-0.0018935374043238529,-0.0018953324125760664
2024-12-04,VMIN.AX,58.53360366821289,0.0,0.0
2024-12-05,VMIN.AX,58.607643127441406,0.0012649051927196009,0.0012641058741168153
2024-12-06,VMIN.AX,58.51509475708008,-0.0015791177638739828,-0.0015803658844560488
2024-12-09,VMIN.AX,58.74645233154297,0.003953810130930213,0.003946014365549037
2024-12-10,VMIN.AX,57.93206787109375,-0.013862700267467054,-0.013959684852138714
2024-12-11,VMIN.AX,57.93206787109375,0.0,0.0
2024-12-12,VMIN.AX,57.70071029663086,-0.003993601177463391,-0.0040015968975568765
2024-12-13,VMIN.AX,57.38606262207031,-0.005453098808368084,-0.0054680212253418285
2024-12-16,VMIN.AX,57.40457534790039,0.00032259968682635254,0.0003225476627357185
2024-12-17,VMIN.AX,57.11769104003906,-0.0049975861004574185,-0.005010115796796051
2024-12-18,VMIN.AX,57.025146484375,-0.0016202432902826525,-0.001621557303982232
2024-12-19,VMIN.AX,56.40510940551758,-0.010873046665953123,-0.01093259024462277
2024-12-20,VMIN.AX,56.1922607421875,-0.0037735706139638836,-0.00378070849407444
2024-12-23,VMIN.AX,56.48839569091797,0.005270030869360287,0.005256192853234729
2024-12-24,VMIN.AX,56.71049880981445,0.003931836197150096,0.003924126730841175
2024-12-25,VMIN.AX,56.71049880981445,0.0,0.0
2024-12-26,VMIN.AX,56.71049880981445,0.0,0.0
2024-12-27,VMIN.AX,56.71049880981445,0.0,0.0
2024-12-30,VMIN.AX,56.719757080078125,0.00016325496086211366,0.00016324163622118005
2024-12-31,VMIN.AX,56.053443908691406,-0.01174746165513374,-0.01181700828360539
2025-01-01,VMIN.AX,56.053443908691406,0.0,0.0
2025-01-02,VMIN.AX,56.4339485168457,0.006788246744912296,0.006765310338130585
2025-01-03,VMIN.AX,56.312625885009766,-0.0021498164672940634,-0.0021521306400082004
2025-01-06,VMIN.AX,56.48060989379883,0.00298306119007985,0.0029786206917084453
2025-01-07,VMIN.AX,56.079307556152344,-0.007105134636489541,-0.00713049630905665
2025-01-08,VMIN.AX,56.3966178894043,0.005658242711613859,0.005642294985445521
2025-01-09,VMIN.AX,56.59260177612305,0.003475099998072162,0.0034690757905220847
2025-01-10,VMIN.AX,56.63926315307617,0.0008245137259763613,0.0008241740012598358
2025-01-13,VMIN.AX,56.63926315307617,0.0,0.0
2025-01-14,VMIN.AX,56.116641998291016,-0.009227188450045554,-0.009270022649825408
2025-01-15,VMIN.AX,56.452613830566406,0.00598702667001394,0.005969175640133433
2025-01-16,VMIN.AX,56.84457778930664,0.0069432384462595476,0.006919245162900526
2025-01-17,VMIN.AX,57.13389205932617,0.005089566696965697,0.005076658631498689
2025-01-20,VMIN.AX,57.41386413574219,0.004900280137143387,0.004888312843901785
2025-01-21,VMIN.AX,57.161888122558594,-0.004388765971018005,-0.004398424875198813
2025-01-22,VMIN.AX,57.50718688964844,0.006040716610856256,0.00602254462675338
2025-01-23,VMIN.AX,57.46986389160156,-0.0006490144982833623,-0.0006492251993631561
2025-01-24,VMIN.AX,57.488525390625,0.0003247179958287827,0.0003246652863505439
2025-01-27,VMIN.AX,57.488525390625,0.0,0.0
2025-01-28,VMIN.AX,57.488525390625,0.0,0.0
2025-01-29,VMIN.AX,57.488525390625,0.0,0.0
2025-01-30,VMIN.AX,57.777835845947266,0.005032490455381344,0.005019869799799036
2025-01-31,VMIN.AX,58.60843276977539,0.014375701541379016,0.014273350886113725
2025-02-03,VMIN.AX,57.787166595458984,-0.01401276463990242,-0.014111870345554268
2025-02-04,VMIN.AX,58.35645294189453,0.009851432073506139,0.009803223076425045
2025-02-05,VMIN.AX,58.35645294189453,0.0,0.0
2025-02-06,VMIN.AX,58.88841247558594,0.009115693413050296,0.009074396258260257
2025-02-07,VMIN.AX,58.58976745605469,-0.005071371547926584,-0.00508427459519922
2025-02-10,VMIN.AX,58.617767333984375,0.00047789706539957955,0.00047778290896558927
2025-02-11,VMIN.AX,58.73908996582031,0.0020697245451994917,0.0020675856161737854
2025-02-12,VMIN.AX,58.44977951049805,-0.004925347932537183,-0.004937517434463925
2025-02-13,VMIN.AX,58.69242477416992,0.004151346090677688,0.004142753027140152
2025-02-14,VMIN.AX,58.79508590698242,0.0017491376989025031,0.0017476097390396407
2025-02-17,VMIN.AX,58.79508590698242,0.0,0.0
2025-02-18,VMIN.AX,58.58976745605469,-0.003492102235424288,-0.0034982138568551333
2025-02-19,VMIN.AX,58.58976745605469,0.0,0.0
2025-02-20,VMIN.AX,59.009735107421875,0.0071679351122562185,0.007142367570321426
2025-02-21,VMIN.AX,58.79508590698242,-0.00363752184361954,-0.00364415371346638
2025-02-24,VMIN.AX,58.869747161865234,0.001269855358336125,0.0012690497739322392
2025-02-25,VMIN.AX,59.243045806884766,0.006341094756074472,0.006321074603274082
2025-02-26,VMIN.AX,59.56035232543945,0.005356012916503561,0.005341720490222648
2025-02-27,VMIN.AX,59.36437225341797,-0.003290445142947518,-0.0032958705621989786
2025-02-28,VMIN.AX,59.0377311706543,-0.005502308377309029,-0.005517501834402842
2025-03-03,VMIN.AX,59.8216667175293,0.013278551382825965,0.013191164153295677
2025-03-04,VMIN.AX,60.00831985473633,0.003120159424651048,0.003115301828925924
2025-03-05,VMIN.AX,59.84033203125,-0.002799408880184928,-0.0028033345533119824
2025-03-06,VMIN.AX,59.13105773925781,-0.011852780021704867,-0.011923584259672266
2025-03-07,VMIN.AX,59.20571517944336,0.001262575760351714,0.0012617793818313968
2025-03-10,VMIN.AX,59.504356384277344,0.005044127985429192,0.0050314489903047245
2025-03-11,VMIN.AX,59.25238037109375,-0.004234580936500532,-0.00424357216605799
2025-03-12,VMIN.AX,58.62709426879883,-0.010552927973168313,-0.010609004984253597
2025-03-13,VMIN.AX,58.272457122802734,-0.006049031602523569,-0.00606740111013866
2025-03-14,VMIN.AX,58.53377151489258,0.004484355130918161,0.004474330369003549
2025-03-17,VMIN.AX,58.897743225097656,0.006218148955470459,0.006198896037707766
2025-03-18,VMIN.AX,59.579017639160156,0.011567071618665992,0.011500684491739374
2025-03-19,VMIN.AX,59.30837631225586,-0.004542561083222818,-0.0045529098656970505
2025-03-20,VMIN.AX,59.52302551269531,0.0036192054779806693,0.0036126719132981364
2025-03-21,VMIN.AX,59.28970718383789,-0.003919799554000458,-0.003927502103160091
2025-03-24,VMIN.AX,59.009735107421875,-0.004722102532028316,-0.004733286881175508
2025-03-25,VMIN.AX,59.3270378112793,0.005377124694422086,0.00536271957510806
2025-03-26,VMIN.AX,59.36437225341797,0.0006292989422029827,0.0006291010166555258
2025-03-27,VMIN.AX,59.439029693603516,0.0012576135710968828,0.0012568234375355263
2025-03-28,VMIN.AX,59.700340270996094,0.004396279325883823,0.004386643919564917
2025-03-31,VMIN.AX,59.196388244628906,-0.008441359363775991,-0.008477189416446339
2025-04-01,VMIN.AX,59.64901351928711,0.007646163694780439,0.007617079943823463
2025-04-02,VMIN.AX,59.64901351928711,0.0,0.0
2025-04-03,VMIN.AX,58.963069915771484,-0.011499663834236395,-0.011566296294878254
2025-04-04,VMIN.AX,58.767086029052734,-0.0033238412958943586,-0.003329377527481983
2025-04-07,VMIN.AX,55.72467041015625,-0.05177074148941807,-0.0531589720922906
2025-04-08,VMIN.AX,55.73867416381836,0.00025130258391903304,0.0002512710127138637
2025-04-09,VMIN.AX,54.17546844482422,-0.028045261973756563,-0.028446041422541254
2025-04-10,VMIN.AX,57.432533264160156,0.06012065816566303,0.05838273010418108
2025-04-11,VMIN.AX,56.48060989379883,-0.016574636643363228,-0.016713532841431518
2025-04-14,VMIN.AX,57.56318664550781,0.01916722843015628,0.01898585110977385
2025-04-15,VMIN.AX,57.8804931640625,0.00551231676086239,0.005497179544768201
2025-04-16,VMIN.AX,57.843162536621094,-0.0006449604245007956,-0.0006451685009475742
2025-04-17,VMIN.AX,57.749839782714844,-0.001613375718299781,-0.0016146786104622732
2025-04-18,VMIN.AX,57.749839782714844,0.0,0.0
2025-04-21,VMIN.AX,57.749839782714844,0.0,0.0
2025-04-22,VMIN.AX,57.096561431884766,-0.011312210618904861,-0.011376680331206278
2025-04-23,VMIN.AX,57.787166595458984,0.01209538974423352,0.012022825063754232
2025-04-24,VMIN.AX,57.81516647338867,0.0004845345355950492,0.00048441718664184055
2025-04-25,VMIN.AX,57.81516647338867,0.0,0.0
2025-04-28,VMIN.AX,58.04848098754883,0.004035524385587408,0.004027403497749759
2025-04-29,VMIN.AX,58.35645294189453,0.005305426586645012,0.005291402392033306
2025-04-30,VMIN.AX,58.720420837402344,0.006236977697568591,0.006217608248329819
2025-05-01,VMIN.AX,58.720420837402344,0.0,0.0
2025-05-02,VMIN.AX,59.26171112060547,0.009218092709212033,0.009175865397759062
2025-05-05,VMIN.AX,59.23371124267578,-0.0004724783911943531,-0.00047259004427992445
2025-05-06,VMIN.AX,59.30837631225586,0.001260516486535579,0.0012597227026109586
2025-05-07,VMIN.AX,59.112388610839844,-0.0033045534813522792,-0.0033100255767547367
2025-05-08,VMIN.AX,59.37370300292969,0.004420636658927446,0.004410894345625149
2025-05-09,VMIN.AX,59.140384674072266,-0.003929657694516919,-0.003937399086651034
2025-05-12,VMIN.AX,59.196388244628906,0.0009469598627955822,0.0009465117791605428
2025-05-13,VMIN.AX,58.98173904418945,-0.0036260523117123133,-0.0036326423748281136
2025-05-14,VMIN.AX,58.767086029052734,-0.0036393130927505624,-0.0036459515037088252
2025-05-15,VMIN.AX,58.49644470214844,-0.004605321536114593,-0.004615958700278634
2025-05-16,VMIN.AX,59.28037643432617,0.013401356888770755,0.013312353005658478
2025-05-19,VMIN.AX,59.92432403564453,0.010862744807832891,0.01080416900963281
2025-05-20,VMIN.AX,60.27895736694336,0.0059180197191357475,0.005900577024081346
2025-05-21,VMIN.AX,60.40028381347656,0.0020127495868025314,0.0020107267202473726
2025-05-22,VMIN.AX,60.092308044433594,-0.005098912614285633,-0.005111956427610907
2025-05-23,VMIN.AX,59.97098922729492,-0.0020188743133141562,-0.002020914987099141
2025-05-26,VMIN.AX,60.1483039855957,0.00295667556239132,0.0029523131938244173
2025-05-27,VMIN.AX,60.18562698364258,0.0006205162169794498,0.0006203237763959026
2025-05-28,VMIN.AX,60.15763854980469,-0.0004650351793377139,-0.0004651433417309031
2025-05-29,VMIN.AX,60.176307678222656,0.00031033678960845634,0.0003102886451073798
2025-05-30,VMIN.AX,59.84966278076172,-0.005428131270658665,-0.00544291710578066
2025-06-02,VMIN.AX,59.96165466308594,0.001871219938773372,0.0018694713876863797
2025-06-03,VMIN.AX,60.12030792236328,0.002645911961048908,0.002642417698313345
2025-06-04,VMIN.AX,60.269630432128906,0.0024837282929164317,0.0024806489376005777
2025-06-05,VMIN.AX,60.10164260864258,-0.0027872715044354734,-0.0027911631787726813
2025-06-06,VMIN.AX,60.08297348022461,-0.0003106259264747946,-0.00031067418070082826
2025-06-09,VMIN.AX,60.08297348022461,0.0,0.0
2025-06-10,VMIN.AX,60.12030792236328,0.0006213813993569683,0.0006211884218728428
2025-06-11,VMIN.AX,60.12030792236328,0.0,0.0
2025-06-12,VMIN.AX,59.96165466308594,-0.0026389295856937833,-0.002642417698313373
2025-06-13,VMIN.AX,59.96165466308594,0.0,0.0
2025-06-16,VMIN.AX,59.980316162109375,0.00031122388346838115,0.0003111754633616292
2025-06-17,VMIN.AX,59.85899353027344,-0.0020227074413552426,-0.00202475587677505
2025-06-18,VMIN.AX,59.61635208129883,-0.0040535504301770775,-0.004061788335100361
2025-06-19,VMIN.AX,59.51369094848633,-0.0017220297658014916,-0.0017235141634213385
2025-06-20,VMIN.AX,59.56968688964844,0.0009408917556563701,0.0009404493944626937
2025-06-23,VMIN.AX,59.54168701171875,-0.0004700356740426903,-0.00047014617543788184
2025-06-24,VMIN.AX,60.12030792236328,0.009717912603494971,0.009670997391223773
2025-06-25,VMIN.AX,60.12030792236328,0.0,0.0
2025-06-26,VMIN.AX,59.74699783325195,-0.006209384183351263,-0.006228742586766204
2025-06-27,VMIN.AX,59.896324157714844,0.002499310925707876,0.0024961928424486017
2025-06-30,VMIN.AX,60.16697311401367,0.004518623807133304,0.004508445476425223
2025-07-01,VMIN.AX,60.33784484863281,0.0028399589637881917,0.002835933899208206
2025-07-02,VMIN.AX,60.33784484863281,0.0,0.0
2025-07-03,VMIN.AX,60.33784484863281,0.0,0.0
2025-07-04,VMIN.AX,60.55425262451172,0.0035866010200031884,0.0035801845043091857
2025-07-07,VMIN.AX,60.55425262451172,0.0,0.0
2025-07-08,VMIN.AX,60.48539352416992,-0.0011371472251302528,-0.0011377942676042772
2025-07-09,VMIN.AX,60.48539352416992,0.0,0.0
2025-07-10,VMIN.AX,60.49523162841797,0.00016265256245895365,0.0001626393359651124
2025-07-11,VMIN.AX,60.593597412109375,0.0016260088777839687,0.0016246883566076284
2025-07-14,VMIN.AX,60.29849624633789,-0.004870170750292946,-0.004882068677538348
2025-07-15,VMIN.AX,60.64278030395508,0.005709662413647676,0.005693424072186931
2025-07-16,VMIN.AX,60.239479064941406,-0.0066504411076180325,-0.006672653828784285
2025-07-17,VMIN.AX,60.45588302612305,0.0035923942992326374,0.0035859570629529092
2025-07-18,VMIN.AX,60.780494689941406,0.005369397444382695,0.005355033623692156
2025-07-21,VMIN.AX,60.593597412109375,-0.003074954864804025,-0.003079692252509188
2025-07-22,VMIN.AX,60.39686584472656,-0.003246738529894544,-0.00325202062158107
2025-07-23,VMIN.AX,60.65261459350586,0.004234470534229429,0.0042255303928346545
2025-07-24,VMIN.AX,61.016571044921875,0.006000672087349557,0.005982739756200598
2025-07-25,VMIN.AX,60.99689483642578,-0.0003224731930873137,-0.0003225251987480318
2025-07-28,VMIN.AX,61.05591583251953,0.0009676065683674739,0.0009671387388908283
2025-07-29,VMIN.AX,60.662452697753906,-0.006444308129697429,-0.006465162325522087
2025-07-30,VMIN.AX,61.11494064331055,0.007459110626652832,0.007431429029155645
2025-07-31,VMIN.AX,60.810001373291016,-0.004989602653781011,-0.005002092283950973
2025-08-01,VMIN.AX,60.35751724243164,-0.007440949196526714,-0.007468771159462393
2025-08-04,VMIN.AX,60.33784484863281,-0.0003259311300001233,-0.0003259842570950379
2025-08-05,VMIN.AX,60.83951187133789,0.0083143013139364,0.008279927906584708
2025-08-06,VMIN.AX,60.81984329223633,-0.00032328627394573317,-0.00032333854221857435
2025-08-07,VMIN.AX,60.90836715698242,0.0014555095829620335,0.0014544513556045747
2025-08-08,VMIN.AX,61.05591583251953,0.00242246972664395,0.0024195402769040765
2025-08-11,VMIN.AX,61.11494064331055,0.0009667336897036805,0.0009662667036334871
2025-08-12,VMIN.AX,61.0362434387207,-0.0012876917454465175,-0.00128852153287894
2025-08-13,VMIN.AX,61.11494064331055,0.0012893520334169573,0.001288521532878974
2025-08-14,VMIN.AX,61.429710388183594,0.005150454889748746,0.005137236664119498
2025-08-15,VMIN.AX,61.63627624511719,0.0033626376492461585,0.003356996625541289
2025-08-18,VMIN.AX,61.341182708740234,-0.004787660033247598,-0.004799157589818094
2025-08-19,VMIN.AX,61.33134460449219,-0.00016038334791745879,-0.0001603962107019394
2025-08-20,VMIN.AX,61.508399963378906,0.0028868657621725635,0.002882706767591548
2025-08-21,VMIN.AX,61.980560302734375,0.007676355418716474,0.007647042119755059
2025-08-22,VMIN.AX,61.980560302734375,0.0,0.0
2025-08-25,VMIN.AX,61.793663024902344,-0.003015417687725952,-0.0030199732198346887
2025-08-26,VMIN.AX,61.53791427612305,-0.0041387536562808025,-0.004147342002083876
2025-08-27,VMIN.AX,61.60676956176758,0.0011189083421900836,0.0011182828308007665
2025-08-28,VMIN.AX,61.793663024902344,0.0030336514065614217,0.0030290591712830365
2025-08-29,VMIN.AX,61.4788932800293,-0.005093883894634943,-0.005106901948320774
2025-09-01,VMIN.AX,61.567420959472656,0.001439968657863222,0.0014389328971847943
2025-09-02,VMIN.AX,61.60676956176758,0.0006391140262449468,0.000638909879852926
2025-09-03,VMIN.AX,61.351016998291016,-0.0041513711122305175,-0.004160011975865491
2025-09-04,VMIN.AX,61.44938278198242,0.0016033276790530238,0.00160204372144978
2025-09-05,VMIN.AX,61.66578674316406,0.0035216620799825016,0.003515475548407576
2025-09-08,VMIN.AX,61.67562484741211,0.00015953910211230493,0.0001595263771031599
2025-09-09,VMIN.AX,61.793663024902344,0.0019138545865122758,0.0019120255001881291
2025-09-10,VMIN.AX,61.685462951660156,-0.001750989793218527,-0.001752524567691127
2025-09-11,VMIN.AX,61.60676956176758,-0.0012757201798784257,-0.0012765346035919637
2025-09-12,VMIN.AX,62.167457580566406,0.009101078059882362,0.009059912825781868
2025-09-15,VMIN.AX,61.980560302734375,-0.00300635227988566,-0.0030108804346640028
2025-09-16,VMIN.AX,61.67562484741211,-0.00491985638453174,-0.004931998720022848
2025-09-17,VMIN.AX,61.49856948852539,-0.00287075095428313,-0.0028748794629771877
2025-09-18,VMIN.AX,61.67562484741211,0.0028790158919023146,0.0028748794629772974
2025-09-19,VMIN.AX,61.67562484741211,0.0,0.0
2025-09-22,VMIN.AX,61.53791427612305,-0.002232820042435968,-0.00223531650189567
2025-09-23,VMIN.AX,61.53791427612305,0.0,0.0
2025-09-24,VMIN.AX,61.744483947753906,0.0033567870159521007,0.0033511655828731787
2025-09-25,VMIN.AX,61.82317352294922,0.0012744389484555807,0.001273627540459047
2025-09-26,VMIN.AX,61.49856948852539,-0.005250523645528027,-0.005264356084413788
2025-09-29,VMIN.AX,61.87236022949219,0.006078039604425989,0.006059642828297127
2025-09-30,VMIN.AX,61.833011627197266,-0.000635964138897771,-0.000636166449870316
2025-10-01,VMIN.AX,62.23169708251953,0.006447776759217483,0.006427078769684834
2025-10-02,VMIN.AX,62.23169708251953,0.0,0.0
2025-10-03,VMIN.AX,62.27125930786133,0.0006357246740247291,0.0006355226866951665
2025-10-06,VMIN.AX,62.28115463256836,0.00015890677042684764,0.00015889414608338196
2025-10-07,VMIN.AX,62.2415885925293,-0.0006352810938153874,-0.0006354829703528933
2025-10-08,VMIN.AX,62.32071304321289,0.0012712472877514092,0.0012704399370739047
2025-10-09,VMIN.AX,62.42951202392578,0.001745791654172102,0.0017442695312044406
2025-10-10,VMIN.AX,62.27125930786133,-0.002534902339198175,-0.002538120644008849
2025-10-13,VMIN.AX,62.01410675048828,-0.004129554472340424,-0.004138104629421697
2025-10-14,VMIN.AX,62.093231201171875,0.001275910511812306,0.0012750972297051846
2025-10-15,VMIN.AX,62.330604553222656,0.003822853915940172,0.003815565379343776
2025-10-16,VMIN.AX,62.02399444580078,-0.0049190940729616495,-0.004931232639739782
2025-10-17,VMIN.AX,61.796512603759766,-0.0036676425643594746,-0.00367438485594162
2025-10-20,VMIN.AX,62.39984130859375,0.009763151339988063,0.009715799729119746
2025-10-21,VMIN.AX,62.508636474609375,0.001743516709883819,0.001741998548994766
2025-10-22,VMIN.AX,62.58776092529297,0.00126581629589273,0.0012650158258727133
2025-10-23,VMIN.AX,62.607540130615234,0.0003160235328736327,0.0003159736079549902
2025-10-24,VMIN.AX,62.607540130615234,0.0,0.0
2025-10-27,VMIN.AX,62.6569938659668,0.0007899006293552446,0.0007895888220401759
2025-10-28,VMIN.AX,62.6471061706543,-0.00015780672998211287,-0.00015781918277423353
2025-10-29,VMIN.AX,62.36027526855469,-0.004578517981633001,-0.004589031498244351
2025-10-30,VMIN.AX,61.63826370239258,-0.011578068939765984,-0.011645616667631923
2025-10-31,VMIN.AX,62.10312271118164,0.0075417278305167645,0.00751343118253786
2025-11-03,VMIN.AX,61.96465301513672,-0.0022296736460241107,-0.0022321630693975
2025-11-04,VMIN.AX,61.707496643066406,-0.004150049416196899,-0.004158684770988969
2025-11-05,VMIN.AX,61.63826370239258,-0.0011219534811838239,-0.0011225833421513382
2025-11-06,VMIN.AX,61.796512603759766,0.002567380906951966,0.002564090814668193
2025-11-07,VMIN.AX,61.658042907714844,-0.002240736413926636,-0.0022432506202495735
2025-11-10,VMIN.AX,62.01410675048828,0.005774815838809122,0.005758205506882202
2025-11-11,VMIN.AX,62.17235565185547,0.00255182102362439,0.0025485706567514896
2025-11-12,VMIN.AX,62.617435455322266,0.007158805530211865,0.007133302921711831
2025-11-13,VMIN.AX,62.696556091308594,0.001263555995402843,0.0012627583803429116
2025-11-14,VMIN.AX,62.35038757324219,-0.005521332265240542,-0.005536631159739056
2025-11-17,VMIN.AX,62.40972900390625,0.0009517411675163956,0.0009512885490524076
2025-11-18,VMIN.AX,62.01410675048828,-0.006339111861761282,-0.006359289348119737
2025-11-19,VMIN.AX,61.89542007446289,-0.001913865767718348,-0.0019156995489210268
2025-11-20,VMIN.AX,62.10312271118164,0.003355702836637553,0.003350085030158198
2025-11-21,VMIN.AX,61.855857849121094,-0.003981520594551813,-0.003989467949727197
2025-11-24,VMIN.AX,62.32071304321289,0.007515136161003078,0.007487038210716155
2025-11-25,VMIN.AX,62.25148010253906,-0.0011109138084768322,-0.0011115313306067026
2025-11-26,VMIN.AX,62.706451416015625,0.007308602345311943,0.007282023933320707
2025-11-27,VMIN.AX,62.85480499267578,0.002365842322601397,0.0023630481238749823
2025-11-28,VMIN.AX,62.25148010253906,-0.009598707532495254,-0.009645072057195728
2025-12-01,VMIN.AX,62.894371032714844,0.010327319593314455,0.010274357156236836
2025-12-02,VMIN.AX,62.726226806640625,-0.002673438390643268,-0.0026770184091203255
2025-12-03,VMIN.AX,62.617435455322266,-0.0017343837953734953,-0.0017358895802728153
2025-12-04,VMIN.AX,62.67677688598633,0.0009476822267242557,0.000947233459426313
2025-12-05,VMIN.AX,62.66688537597656,-0.0001578177835749317,-0.00015783023811172012
2025-12-08,VMIN.AX,62.518524169921875,-0.0023674577915365758,-0.0023702646506894177
2025-12-09,VMIN.AX,62.31082534790039,-0.003322196497424823,-0.003327727245092883
2025-12-10,VMIN.AX,62.01410675048828,-0.004761910883950615,-0.0047732849039956345
2025-12-11,VMIN.AX,61.786624908447266,-0.003668227343115338,-0.003674971787524351
2025-12-12,VMIN.AX,62.46907424926758,0.011045260067717555,0.010984706660149345
2025-12-15,VMIN.AX,62.47896194458008,0.00015828144455998228,0.00015826891937378856
2025-12-16,VMIN.AX,62.56797790527344,0.001424734949538875,0.0014237209776804933
2025-12-17,VMIN.AX,62.56797790527344,0.0,0.0
2025-12-18,VMIN.AX,62.211917877197266,-0.005690770902253561,-0.005707025034010755
2025-12-19,VMIN.AX,62.44929122924805,0.003815560750262348,0.003808299961801874
2025-12-22,VMIN.AX,62.40972900390625,-0.0006335095973558635,-0.0006337103493508558
2025-12-23,VMIN.AX,62.716339111328125,0.004912857535444237,0.004900828831647371
2025-12-24,VMIN.AX,62.894371032714844,0.0028386848452792712,0.002834663388089335
2025-12-25,VMIN.AX,62.894371032714844,0.0,0.0
2025-12-26,VMIN.AX,62.894371032714844,0.0,0.0
2025-12-29,VMIN.AX,62.835025787353516,-0.0009435700586060136,-0.0009440155010599145
2025-12-30,VMIN.AX,62.96360397338867,0.002046282060427451,0.0020441912770279053
2025-12-31,VMIN.AX,62.795467376708984,-0.0026703775843381905,-0.0026739494027125106
2026-01-01,VMIN.AX,62.795467376708984,0.0,0.0
2026-01-02,VMIN.AX,62.97999954223633,0.002938622375725508,0.0029343130652186456
2026-01-05,VMIN.AX,62.86000061035156,-0.0019053498373605704,-0.001907167325362517
2026-01-06,VMIN.AX,62.709999084472656,-0.0023862794212923255,-0.002389131123572836
2026-01-07,VMIN.AX,63.060001373291016,0.005581283589988439,0.005565765938898293
2026-01-08,VMIN.AX,62.935001373291016,-0.0019822390941612866,-0.001984206330192498
2026-01-09,VMIN.AX,63.15999984741211,0.0035750928610702726,0.003568717407295402
2026-01-12,VMIN.AX,63.25,0.0014249549209202073,0.0014239406360826636
2026-01-13,VMIN.AX,63.45000076293945,0.0031620673982521996,0.0031570785770294162
2026-01-14,VMIN.AX,63.41999816894531,-0.0004728541155772925,-0.0004729659463390818
2026-01-15,VMIN.AX,63.58000183105469,0.002522921266619127,0.0025197440435607474
2026-01-16,VMIN.AX,63.650001525878906,0.0011009703178401775,0.0011003646944945872
2026-01-19,VMIN.AX,63.75,0.0015710678982534532,0.0015698350621602204
2026-01-20,VMIN.AX,63.61000061035156,-0.0021960688572303377,-0.0021984837526086544
2026-01-21,VMIN.AX,63.310001373291016,-0.0047162275457002245,-0.0047273840383579456
2026-01-22,VMIN.AX,63.63999938964844,0.005212415245605007,0.0051988776313262874
2026-01-23,VMIN.AX,63.650001525878906,0.00015716744698934804,0.00015715509748009506
2026-01-26,VMIN.AX,63.650001525878906,0.0,0.0
2026-01-27,VMIN.AX,64.02999877929688,0.005970105959282268,0.0059523554897856394
2026-01-28,VMIN.AX,64.24500274658203,0.003357863054569865,0.00335223802096768
2026-01-29,VMIN.AX,64.16999816894531,-0.00116747722671251,-0.0011681592591398513
2026-01-30,VMIN.AX,64.23999786376953,0.0010908476986382087,0.0010902531566179784
2026-02-02,VMIN.AX,64.18000030517578,-0.0009339595359417752,-0.0009343959478977277
2026-02-03,VMIN.AX,64.63999938964844,0.007167327551968805,0.007141764333810925
2026-02-04,VMIN.AX,64.5,-0.0021658321622889387,-0.002168180968793132
2026-02-05,VMIN.AX,64.86000061035156,0.005581404811652035,0.005565886487737325
2026-02-06,VMIN.AX,64.9800033569336,0.0018501810893118975,0.0018484716125165854
2026-02-09,VMIN.AX,65.16000366210938,0.002770087655844522,0.002766258033663254
2026-02-10,VMIN.AX,65.3499984741211,0.002915819541646325,0.002911576785253716
2026-02-11,VMIN.AX,65.44000244140625,0.001377260434379357,0.0013763128811459088
2026-02-12,VMIN.AX,65.54000091552734,0.0015280939851833875,0.0015269276376109015
2026-02-13,VMIN.AX,65.26000213623047,-0.0042721814981016015,-0.004281333340332932
2026-02-16,VMIN.AX,65.26000213623047,0.0,0.0
2026-02-17,VMIN.AX,65.95999908447266,0.010726278353177854,0.010669159912037948
2026-02-18,VMIN.AX,65.86000061035156,-0.0015160472333092256,-0.0015171975957322245
2026-02-19,VMIN.AX,66.0,0.002125711939735986,0.002123455810798369
2026-02-20,VMIN.AX,66.1500015258789,0.0022727503921047276,0.0022701716014914427
2026-02-23,VMIN.AX,66.16000366210938,0.00015120386998868085,0.00015119243983570545
2026-02-24,VMIN.AX,66.37999725341797,0.0033251750171015004,0.0033196588474249883
2026-02-25,VMIN.AX,66.69999694824219,0.00482072473734152,0.004809142252908842
2026-02-26,VMIN.AX,66.69000244140625,-0.00014984268805429135,-0.00014985391559146325
2026-02-27,VMIN.AX,66.98999786376953,0.004498356745853416,0.004488269378884228
2026-03-02,VMIN.AX,67.0999984741211,0.0016420452882421888,0.0016406986058852655
2026-03-03,VMIN.AX,67.0999984741211,0.0,0.0
2026-03-04,VMIN.AX,66.41000366210938,-0.010283082380066477,-0.01033631854069912
2026-03-05,VMIN.AX,66.68000030517578,0.004065601990328682,0.004057359762749028
2026-03-06,VMIN.AX,66.38999938964844,-0.004349143884224471,-0.0043586289216727934
2026-03-09,VMIN.AX,65.41999816894531,-0.014610652652820577,-0.014718439416623002
2026-03-10,VMIN.AX,66.13999938964844,0.011005827588740358,0.01094570420445185
2026-03-11,VMIN.AX,66.08000183105469,-0.0009071297119355171,-0.0009075414030829997
2026-03-12,VMIN.AX,65.36000061035156,-0.010895901948428155,-0.010955697032336006
2026-03-13,VMIN.AX,65.4800033569336,0.0018360273173410047,0.0018343438794296931
2024-03-14,VSO.AX,58.99673843383789,0.0022914030616676406,0.0022887818011513676
2024-03-15,VSO.AX,58.98774719238281,-0.00015240234788849172,-0.00015241396230637072
2024-03-18,VSO.AX,58.86186218261719,-0.002134087429293774,-0.002136367838844923
2024-03-19,VSO.AX,58.98774719238281,0.002138651498572619,0.002136367838845024
2024-03-20,VSO.AX,58.9248046875,-0.0010670437146469425,-0.001067613411088154
2024-03-21,VSO.AX,59.79703140258789,0.014802369218084532,0.014693883405306342
2024-03-22,VSO.AX,59.27549362182617,-0.008721800539736257,-0.00876005805410648
2024-03-25,VSO.AX,59.66215133666992,0.006523061913420669,0.006501878814267628
2024-03-26,VSO.AX,59.491302490234375,-0.0028636051937090956,-0.002867713155322945
2024-03-27,VSO.AX,59.62617874145508,0.002267159157304466,0.002264593029796621
2024-03-28,VSO.AX,60.543373107910156,0.015382410642682975,0.015265300791679464
2024-03-29,VSO.AX,60.543373107910156,0.0,0.0
2024-04-01,VSO.AX,60.543373107910156,0.0,0.0
2024-04-02,VSO.AX,60.498409271240234,-0.0007426714826374026,-0.0007429473997219222
2024-04-03,VSO.AX,59.446346282958984,-0.017389928114711295,-0.017542909060667307
2024-04-04,VSO.AX,60.06679153442383,0.010437062834973698,0.010382972730344745
2024-04-05,VSO.AX,59.75206756591797,-0.005239566829959519,-0.005253341496835044
2024-04-08,VSO.AX,59.86896896362305,0.001956441048271973,0.0019545297100253415
2024-04-09,VSO.AX,60.111751556396484,0.004055232568326961,0.00404703227465831
2024-04-10,VSO.AX,60.210662841796875,0.001645456717520366,0.0016441044368254226
2024-04-11,VSO.AX,59.92292022705078,-0.00477893119200723,-0.00479038679527461
2024-04-12,VSO.AX,59.95888900756836,0.0006002507952098668,0.0006000707167591771
2024-04-15,VSO.AX,59.329444885253906,-0.010497928376141163,-0.01055342033497873
2024-04-16,VSO.AX,58.16947555541992,-0.019551326193552376,-0.019744981675143877
2024-04-17,VSO.AX,58.46620559692383,0.0051011297363545705,0.005088163051859918
2024-04-18,VSO.AX,58.83488464355469,0.0063058487012581654,0.006286050025382279
2024-04-19,VSO.AX,58.83488464355469,0.0,0.0
2024-04-22,VSO.AX,58.75395584106445,-0.001375524112616766,-0.0013764710143326626
2024-04-23,VSO.AX,58.93379592895508,0.0030609017778668868,0.003056226755446888
2024-04-24,VSO.AX,58.93379592895508,0.0,0.0
2024-04-25,VSO.AX,58.93379592895508,0.0,0.0
2024-04-26,VSO.AX,58.160484313964844,-0.01312170042334393,-0.01320855051825703
2024-04-29,VSO.AX,59.24851608276367,0.018707405580141945,0.018534574225372902
2024-04-30,VSO.AX,59.15859603881836,-0.0015176758827124548,-0.0015188287193241268
2024-05-01,VSO.AX,58.24140548706055,-0.015503926955196423,-0.015625369692218706
2024-05-02,VSO.AX,58.42124938964844,0.003087904577231404,0.003083146791767831
2024-05-03,VSO.AX,58.88883590698242,0.008003706223661089,0.007971846451605015
2024-05-06,VSO.AX,58.80791091918945,-0.001374199142275323,-0.0013751442198323735
2024-05-07,VSO.AX,59.79703140258789,0.016819514040511185,0.01667963233022422
2024-05-08,VSO.AX,59.82400894165039,0.00045115181188304376,0.0004510500735028473
2024-05-09,VSO.AX,59.320457458496094,-0.008417213959121983,-0.008452838753069136
2024-05-10,VSO.AX,59.689125061035156,0.006214847597846074,0.006195615076175091
2024-05-13,VSO.AX,59.52727127075195,-0.002711612711992384,-0.002715295793309068
2024-05-14,VSO.AX,59.47332000732422,-0.0009063285159224277,-0.000906739479942852
2024-05-15,VSO.AX,59.68013381958008,0.0034774216779960287,0.0034713894276398468
2024-05-16,VSO.AX,60.336551666259766,0.010998933894218688,0.010938885531565402
2024-05-17,VSO.AX,59.66215133666992,-0.011177309789266121,-0.011240245322400819
2024-05-20,VSO.AX,60.19268035888672,0.008892220785386318,0.00885291781211032
2024-05-21,VSO.AX,60.38151550292969,0.0031371778581228416,0.003132267183425513
2024-05-22,VSO.AX,60.12074661254883,-0.004318687403071286,-0.004328039870148308
2024-05-23,VSO.AX,59.80602264404297,-0.005234864605626277,-0.005248614516284959
2024-05-24,VSO.AX,59.203556060791016,-0.010073677476225895,-0.010124760316090522
2024-05-27,VSO.AX,59.76106262207031,0.009416774909717374,0.009372713479929821
2024-05-28,VSO.AX,59.5092887878418,-0.0042130079885080995,-0.0042219077118630524
2024-05-29,VSO.AX,59.131622314453125,-0.006346344933395254,-0.006366568590007978
2024-05-30,VSO.AX,58.62806701660156,-0.008515837687891104,-0.008552304612184322
2024-05-31,VSO.AX,59.31146240234375,0.01165645433182494,0.011589041227483741
2024-06-03,VSO.AX,59.66215133666992,0.005912667132488503,0.005895255913629816
2024-06-04,VSO.AX,59.28448486328125,-0.006330084734248342,-0.006350204672838158
2024-06-05,VSO.AX,59.266502380371094,-0.0003033252789769181,-0.0003033712913940727
2024-06-06,VSO.AX,59.68013381958008,0.006979177488057431,0.006954935755067677
2024-06-07,VSO.AX,59.76106262207031,0.001356042577499661,0.0013551239821062006
2024-06-10,VSO.AX,59.76106262207031,0.0,0.0
2024-06-11,VSO.AX,58.67302703857422,-0.018206429667705915,-0.018374206236530313
2024-06-12,VSO.AX,58.3942756652832,-0.004750928788926356,-0.004762250323875493
2024-06-13,VSO.AX,58.538150787353516,0.0024638566097643366,0.002460826291559973
2024-06-14,VSO.AX,58.385284423828125,-0.0026113972079626624,-0.0026148128533519358
2024-06-17,VSO.AX,57.98064422607422,-0.006930516854496416,-0.006954644428760601
2024-06-18,VSO.AX,58.45722198486328,0.008219600957361184,0.008186004014168944
2024-06-19,VSO.AX,58.511173248291016,0.0009229187018449103,0.0009224930742394563
2024-06-20,VSO.AX,58.60109329223633,0.0015368012458703006,0.0015356215752937979
2024-06-21,VSO.AX,58.879844665527344,0.004756760627330214,0.0047454829907019914
2024-06-24,VSO.AX,58.60109329223633,-0.004734240976254078,-0.004745482990701995
2024-06-25,VSO.AX,58.99673843383789,0.006751497615044899,0.006728808322240992
2024-06-26,VSO.AX,58.529151916503906,-0.007925633344262883,-0.007957208120271637
2024-06-27,VSO.AX,58.385284423828125,-0.002458048476099872,-0.0024610744369112565
2024-06-28,VSO.AX,58.64604949951172,0.004466280814711121,0.004456336580720126
2024-07-01,VSO.AX,58.46577453613281,-0.003073948968726481,-0.0030786832543152126
2024-07-02,VSO.AX,58.39298629760742,-0.001244971765154812,-0.0012457473863206282
2024-07-03,VSO.AX,58.656837463378906,0.0045185420801521214,0.004508364117073021
2024-07-04,VSO.AX,59.166343688964844,0.00868622052636292,0.00864871235915622
2024-07-05,VSO.AX,59.23912811279297,0.001230165991171539,0.0012294099569568207
2024-07-08,VSO.AX,59.18454360961914,-0.000921426511711898,-0.0009218512860724247
2024-07-09,VSO.AX,59.521175384521484,0.005687832572009999,0.00567171792838099
2024-07-10,VSO.AX,59.22093200683594,-0.005044311973779081,-0.00505707746225527
2024-07-11,VSO.AX,59.75773239135742,0.00906436907240038,0.0090235342547998
2024-07-12,VSO.AX,60.43101119995117,0.011266806514417249,0.011203808797002454
2024-07-15,VSO.AX,60.63117218017578,0.0033122229175071016,0.0033067495897704568
2024-07-16,VSO.AX,60.57658386230469,-0.0009003341995248437,-0.00090073974379545
2024-07-17,VSO.AX,61.12247848510742,0.009011644236056604,0.008971281677584599
2024-07-18,VSO.AX,60.6402702331543,-0.007889213001573858,-0.007920497491098707
2024-07-19,VSO.AX,59.91240692138672,-0.012002969461861523,-0.01207558676698577
2024-07-22,VSO.AX,59.9578971862793,0.0007592795420865439,0.0007589914352015804
2024-07-23,VSO.AX,60.22174835205078,0.004400607395415257,0.004390953035693134
2024-07-24,VSO.AX,60.27634048461914,0.0009065185595280578,0.0009061079197283348
2024-07-25,VSO.AX,59.50298309326172,-0.012830198136443927,-0.012913215983291924
2024-07-26,VSO.AX,59.42109680175781,-0.001376171197594589,-0.0013771189908274265
2024-07-29,VSO.AX,59.97609329223633,0.009340057998762807,0.009296709367160113
2024-07-30,VSO.AX,59.75773239135742,-0.0036407990066130713,-0.003647442846141378
2024-07-31,VSO.AX,61.00420379638672,0.020858746728642075,0.020644181647454577
2024-08-01,VSO.AX,61.36813735961914,0.0059657128621353195,0.005947988454708418
2024-08-02,VSO.AX,60.24904251098633,-0.01823576365166313,-0.018404084637725932
2024-08-05,VSO.AX,57.765201568603516,-0.041226230971718514,-0.04210013492267974
2024-08-06,VSO.AX,57.70151138305664,-0.001102570125566582,-0.0011031784031610525
2024-08-07,VSO.AX,58.0472526550293,0.005991892823697942,0.0059740128217130855
2024-08-08,VSO.AX,57.546844482421875,-0.008620703818341124,-0.008658077029441382
2024-08-09,VSO.AX,58.493064880371094,0.01644261134488878,0.016308895379750665
2024-08-12,VSO.AX,59.066261291503906,0.009799390958656451,0.009751688311833337
2024-08-13,VSO.AX,59.439292907714844,0.006315477026215488,0.0062956179702652205
2024-08-14,VSO.AX,59.85781478881836,0.007041165206209898,0.00701649195373955
2024-08-15,VSO.AX,60.0397834777832,0.003040015570345167,0.003035404066675993
2024-08-16,VSO.AX,60.831336975097656,0.013183816653958402,0.013097666508897422
2024-08-19,VSO.AX,60.94051742553711,0.001794806030387619,0.0017931972906737917
2024-08-20,VSO.AX,60.94051742553711,0.0,0.0
2024-08-21,VSO.AX,61.27714920043945,0.005523940214548828,0.005508739210732701
2024-08-22,VSO.AX,61.34994125366211,0.0011879151392071297,0.0011872101262932577
2024-08-23,VSO.AX,60.967811584472656,-0.006228688428721929,-0.006248167637231568
2024-08-26,VSO.AX,61.32264709472656,0.0058200466940210305,0.005803175650783425
2024-08-27,VSO.AX,60.876827239990234,-0.007270068659098516,-0.007296624394545962
2024-08-28,VSO.AX,60.67666244506836,-0.003288029353645139,-0.0032934468005695657
2024-08-29,VSO.AX,60.258140563964844,-0.006897575842811254,-0.006921474075714054
2024-08-30,VSO.AX,60.94961166381836,0.011475148309953331,0.011409808178956178
2024-09-02,VSO.AX,60.88592529296875,-0.0010449019954530403,-0.0010454482861230532
2024-09-03,VSO.AX,60.74945068359375,-0.0022414804196260185,-0.002243996297091603
2024-09-04,VSO.AX,59.46658706665039,-0.021117287522894657,-0.021343447022798796
2024-09-05,VSO.AX,59.67584991455078,0.0035189987894521657,0.003512821600650301
2024-09-06,VSO.AX,59.69404220581055,0.00030485181670325545,0.00030480535882978675
2024-09-09,VSO.AX,59.0844612121582,-0.010211755999881111,-0.010264253681663482
2024-09-10,VSO.AX,59.575767517089844,0.008315321741997117,0.008280939919945069
2024-09-11,VSO.AX,59.46658706665039,-0.0018326318734900315,-0.0018343131977615482
2024-09-12,VSO.AX,60.53109359741211,0.01790091853713771,0.017742583860205902
2024-09-13,VSO.AX,61.231658935546875,0.011573644163678454,0.011507181859877156
2024-09-16,VSO.AX,60.895023345947266,-0.005497737534009284,-0.005512905712326161
2024-09-17,VSO.AX,61.02239990234375,0.0020917400043161116,0.002089555362131808
2024-09-18,VSO.AX,61.05879211425781,0.0005963746423003347,0.0005961968816144776
2024-09-19,VSO.AX,61.58649444580078,0.008642528180961895,0.008605395328715987
2024-09-20,VSO.AX,61.82305145263672,0.0038410532855399637,0.003833695276021212
2024-09-23,VSO.AX,61.72296905517578,-0.0016188524362569234,-0.0016201641937477994
2024-09-24,VSO.AX,62.41444396972656,0.011202878363363533,0.011140590889161358
2024-09-25,VSO.AX,62.43263626098633,0.00029147566016263227,0.00029143318938499685
2024-09-26,VSO.AX,63.59722137451172,0.018653466892813775,0.01848162465902995
2024-09-27,VSO.AX,63.70640182495117,0.0017167487522216085,0.0017152768234629356
2024-09-30,VSO.AX,63.63362121582031,-0.0011424379190468903,-0.0011430909986956815
2024-10-01,VSO.AX,63.70640182495117,0.0011437445762203513,0.0011430909986955642
2024-10-02,VSO.AX,63.4698486328125,-0.0037131777240952957,-0.0037200886815470114
2024-10-03,VSO.AX,63.3697624206543,-0.001576909576974539,-0.001578154207500133
2024-10-04,VSO.AX,63.02402877807617,-0.005455814088162647,-0.005470751396737366
2024-10-07,VSO.AX,63.44255447387695,0.0066407321765245,0.006618779648251708
2024-10-08,VSO.AX,63.14230728149414,-0.004732583592712114,-0.004743817724769809
2024-10-09,VSO.AX,63.2332878112793,0.0014408806662631335,0.001439843593794849
2024-10-10,VSO.AX,63.46074676513672,0.003597139445544517,0.003590685212668831
2024-10-11,VSO.AX,63.615421295166016,0.0024373260308727662,0.002434360569336022
2024-10-14,VSO.AX,63.560829162597656,-0.0008581587837807048,-0.0008585272128252891
2024-10-15,VSO.AX,64.2886962890625,0.011451504583158467,0.011386432416160107
2024-10-16,VSO.AX,63.67000961303711,-0.009623568554627093,-0.009670174340842209
2024-10-17,VSO.AX,64.57074737548828,0.014146970731204966,0.014047836215491704
2024-10-18,VSO.AX,63.815582275390625,-0.011695158114033655,-0.011764084405315364
2024-10-21,VSO.AX,64.55254364013672,0.011548298056198947,0.011482125429069012
2024-10-22,VSO.AX,63.56992721557617,-0.015221962902629671,-0.0153390062519628
2024-10-23,VSO.AX,63.5881233215332,0.0002862376402497091,0.00028619668207202295
2024-10-24,VSO.AX,63.124114990234375,-0.0072970911400006555,-0.007323845139923653
2024-10-25,VSO.AX,63.11500930786133,-0.00014425045601762498,-0.0001442608611152944
2024-10-28,VSO.AX,62.942142486572266,-0.0027389177817570554,-0.002742675479984011
2024-10-29,VSO.AX,63.03312683105469,0.001445523474226107,0.001444479710904021
2024-10-30,VSO.AX,62.6328010559082,-0.006351037863304154,-0.006371291504241859
2024-10-31,VSO.AX,62.64189910888672,0.00014526019633698262,0.0001452496470962402
2024-11-01,VSO.AX,62.05051040649414,-0.009440785014589115,-0.00948563170727806
2024-11-04,VSO.AX,62.69649124145508,0.010410564405177292,0.010356747665732514
2024-11-05,VSO.AX,62.28706741333008,-0.006530251055808511,-0.006551666427985361
2024-11-06,VSO.AX,62.7874755859375,0.008033901633011098,0.008001801656046236
2024-11-07,VSO.AX,62.67829513549805,-0.0017388889968990018,-0.001740402619306172
2024-11-08,VSO.AX,63.40615463256836,0.011612624362178803,0.011545715334635833
2024-11-11,VSO.AX,63.09681701660156,-0.00487866860495445,-0.004890608157207641
2024-11-12,VSO.AX,62.90575408935547,-0.003028091372593633,-0.0030326853175413736
2024-11-13,VSO.AX,62.323455810546875,-0.009256677504914101,-0.009299786782818387
2024-11-14,VSO.AX,62.05051040649414,-0.004379497261551846,-0.004389115351555651
2024-11-15,VSO.AX,62.578208923339844,0.008504338052801597,0.008468379893013474
2024-11-18,VSO.AX,62.95124053955078,0.005961046546856474,0.0059433498014800825
2024-11-19,VSO.AX,63.50624084472656,0.008816352154761509,0.00877771504826419
2024-11-20,VSO.AX,62.85116195678711,-0.010315189172370176,-0.010368759446297091
2024-11-21,VSO.AX,62.587310791015625,-0.004198031628323662,-0.004206868102302415
2024-11-22,VSO.AX,63.15140151977539,0.00901286093986875,0.008972487514093547
2024-11-25,VSO.AX,63.40615463256836,0.004034005685735975,0.004025890900871324
2024-11-26,VSO.AX,63.3151741027832,-0.0014348848359023725,-0.001435915268968332
2024-11-27,VSO.AX,63.433448791503906,0.0018680306955911608,0.00186628809606677
2024-11-28,VSO.AX,63.89746856689453,0.007315064594955123,0.007288439275053504
2024-11-29,VSO.AX,63.91566848754883,0.0002848300732796183,0.00028478951689523194
2024-12-02,VSO.AX,63.98844909667969,0.0011386974563996066,0.001138049632188218
2024-12-03,VSO.AX,64.12492370605469,0.0021328007054648435,0.0021305295147982903
2024-12-04,VSO.AX,63.96115493774414,-0.0025539019595758328,-0.002557168730378983
2024-12-05,VSO.AX,64.4251708984375,0.007254652626973446,0.00722846421687275
2024-12-06,VSO.AX,63.82468032836914,-0.009320744697984495,-0.009364454657112975
2024-12-09,VSO.AX,63.488040924072266,-0.0052744393323227445,-0.0052883982928867
2024-12-10,VSO.AX,63.260581970214844,-0.003582705507159223,-0.003589138766780857
2024-12-11,VSO.AX,63.02402877807617,-0.003739345810160999,-0.0037463546414564066
2024-12-12,VSO.AX,62.6328010559082,-0.0062075962097818405,-0.006226943443231786
2024-12-13,VSO.AX,62.605506896972656,-0.00043578058901094785,-0.00043587556896644347
2024-12-16,VSO.AX,61.85944747924805,-0.011916833753177203,-0.011988408413719525
2024-12-17,VSO.AX,62.19607925415039,0.005441881371722079,0.0054271278357491464
2024-12-18,VSO.AX,62.42353820800781,0.0036571268894292075,0.00365045586047229
2024-12-19,VSO.AX,61.495513916015625,-0.014866576272876797,-0.014978191422793068
2024-12-20,VSO.AX,60.79494094848633,-0.011392261368627143,-0.011457650270835366
2024-12-23,VSO.AX,61.695674896240234,0.014815935893697674,0.014707252101853053
2024-12-24,VSO.AX,61.9504280090332,0.004129189172845882,0.00412068746663339
2024-12-25,VSO.AX,61.9504280090332,0.0,0.0
2024-12-26,VSO.AX,61.9504280090332,0.0,0.0
2024-12-27,VSO.AX,62.305259704589844,0.005727671413422675,0.005711330670093429
2024-12-30,VSO.AX,62.14149475097656,-0.0026284290345589545,-0.0026318894190672255
2024-12-31,VSO.AX,61.95952606201172,-0.0029282959750817072,-0.0029325918221313066
2025-01-01,VSO.AX,61.95952606201172,0.0,0.0
2025-01-02,VSO.AX,61.97500991821289,0.00024990275402814177,0.00024987153353618933
2025-01-03,VSO.AX,62.52296447753906,0.00884154048622654,0.008802682939558555
2025-01-06,VSO.AX,62.4951057434082,-0.0004455760273629483,-0.0004456753258588103
2025-01-07,VSO.AX,62.866600036621094,0.005944374184086776,0.005926776097171435
2025-01-08,VSO.AX,62.87588882446289,0.00014775393987243035,0.0001477430253341539
2025-01-09,VSO.AX,62.448665618896484,-0.006794706421711649,-0.006817895541257317
2025-01-10,VSO.AX,62.365081787109375,-0.0013384406369416624,-0.0013393371486520617
2025-01-13,VSO.AX,61.742820739746094,-0.009977715566660272,-0.010027826578211092
2025-01-14,VSO.AX,62.22576904296875,0.007821934557514787,0.0077915018196471385
2025-01-15,VSO.AX,62.392940521240234,0.002686531333281783,0.0026829290582868577
2025-01-16,VSO.AX,63.0802116394043,0.011015206406726374,0.010954980881428402
2025-01-17,VSO.AX,63.572444915771484,0.007803291453443828,0.0077730032378364846
2025-01-20,VSO.AX,63.628170013427734,0.0008765605559151179,0.000876176601067759
2025-01-21,VSO.AX,64.15755462646484,0.00831997231612025,0.008285552131321953
2025-01-22,VSO.AX,64.61264038085938,0.0070932528062221945,0.00706821402308913
2025-01-23,VSO.AX,64.12040710449219,-0.007618219491816403,-0.007647386353391212
2025-01-24,VSO.AX,64.33401489257812,0.0033313542089312698,0.003325817541491254
2025-01-27,VSO.AX,64.33401489257812,0.0,0.0
2025-01-28,VSO.AX,64.01824188232422,-0.004908336760594989,-0.004920422207987855
2025-01-29,VSO.AX,64.7333755493164,0.011170779546034959,0.011108847183238634
2025-01-30,VSO.AX,64.4176025390625,-0.004878055679536364,-0.004889992227059236
2025-01-31,VSO.AX,65.03057098388672,0.009515542657032583,0.009470555043547008
2025-02-03,VSO.AX,63.73033142089844,-0.019994281817246495,-0.02019687245418158
2025-02-04,VSO.AX,63.90679168701172,0.002768858441169364,0.002765032213862995
2025-02-05,VSO.AX,64.58477783203125,0.010608984227216789,0.010553103829443335
2025-02-06,VSO.AX,65.07701110839844,0.007621506071405326,0.007592609126625066
2025-02-07,VSO.AX,65.12344360351562,0.0007135007328447074,0.0007132463122091695
2025-02-10,VSO.AX,64.8448257446289,-0.004278303533563066,-0.004287481661357863
2025-02-11,VSO.AX,65.0955810546875,0.0038670056890293125,0.0038595480421888683
2025-02-12,VSO.AX,64.64978790283203,-0.006848285930207032,-0.006871843052507388
2025-02-13,VSO.AX,64.54762268066406,-0.0015802870431922411,-0.0015815370138101627
2025-02-14,VSO.AX,64.96556091308594,0.006474881878911987,0.006454009878617236
2025-02-17,VSO.AX,64.88197326660156,-0.0012866454981617093,-0.0012874739371617962
2025-02-18,VSO.AX,64.40831756591797,-0.007300266573849856,-0.007327043920646083
2025-02-19,VSO.AX,64.38045501708984,-0.0004325924023649286,-0.0004326859974515427
2025-02-20,VSO.AX,64.16683959960938,-0.003318016584750172,-0.0033235334084337014
2025-02-21,VSO.AX,64.30615234375,0.002171101849645529,0.002168748413775158
2025-02-24,VSO.AX,63.804630279541016,-0.0077989748403556325,-0.007829545896971683
2025-02-25,VSO.AX,63.65603256225586,-0.0023289488025260985,-0.002331665021898568
2025-02-26,VSO.AX,63.27524948120117,-0.005981885231101658,-0.0059998483780403355
2025-02-27,VSO.AX,63.61888122558594,0.005430744994326053,0.005416051671848835
2025-02-28,VSO.AX,62.23505783081055,-0.02175177192865896,-0.02199182921823287
2025-03-03,VSO.AX,63.42384719848633,0.019101603004974654,0.018921457812685463
2025-03-04,VSO.AX,62.78301239013672,-0.010104004040374592,-0.010155395958357955
2025-03-05,VSO.AX,62.52296447753906,-0.004142010755739278,-0.004150612643246828
2025-03-06,VSO.AX,62.22576904296875,-0.00475338041076212,-0.004764713651826512
2025-03-07,VSO.AX,61.31560134887695,-0.014626861316302864,-0.014734888545929595
2025-03-10,VSO.AX,61.98429489135742,0.010905765054405991,0.010846726054487095
2025-03-11,VSO.AX,60.591182708740234,-0.022475244496351188,-0.02273166211987091
2025-03-12,VSO.AX,59.68101501464844,-0.015021454498865605,-0.015135419264384766
2025-03-13,VSO.AX,60.173248291015625,0.008247736340381895,0.00821390963158424
2025-03-14,VSO.AX,60.962677001953125,0.01311926368208649,0.01303395148766472
2025-03-17,VSO.AX,61.659236907958984,0.011426005881984835,0.011361222089738394
2025-03-18,VSO.AX,62.11431884765625,0.0073805963634707705,0.0073534930395586446
2025-03-19,VSO.AX,61.57564926147461,-0.00867222882219476,-0.008710051428194957
2025-03-20,VSO.AX,62.365081787109375,0.012820531088231446,0.012739043813911275
2025-03-21,VSO.AX,62.2722053527832,-0.0014892377539600377,-0.0014903477706933758
2025-03-24,VSO.AX,62.12360763549805,-0.0023862607152472792,-0.002389112372783342
2025-03-25,VSO.AX,62.142181396484375,0.0002989807207480766,0.00029893603491896613
2025-03-26,VSO.AX,62.374366760253906,0.0037363568280315285,0.0037293939852456534
2025-03-27,VSO.AX,62.04930877685547,-0.005211403342142984,-0.00522503006806784
2025-03-28,VSO.AX,62.04001998901367,-0.00014970010182069338,-0.00014971130799932729
2025-03-31,VSO.AX,59.90391159057617,-0.03443113652793428,-0.03503785550158657
2025-04-01,VSO.AX,60.962677001953125,0.017674395265091736,0.01752001948595249
2025-04-02,VSO.AX,60.50759506225586,-0.007464927100932384,-0.0074929291115922525
2025-04-03,VSO.AX,60.02464294433594,-0.007981677629444905,-0.00801370173622708
2025-04-04,VSO.AX,58.20431137084961,-0.03032640402666653,-0.0307957631097633
2025-04-07,VSO.AX,55.7710075378418,-0.041806247264124186,-0.04270527434577415
2025-04-08,VSO.AX,57.22913360595703,0.026144875850160343,0.02580894131247622
2025-04-09,VSO.AX,55.91960525512695,-0.022882197725491493,-0.023148058696729333
2025-04-10,VSO.AX,59.2352180480957,0.059292492817887954,0.05760122566787912
2025-04-11,VSO.AX,58.98445510864258,-0.004233342050830591,-0.0042423280126905995
2025-04-14,VSO.AX,59.7088737487793,0.012281517881320037,0.0122067119050928
2025-04-15,VSO.AX,59.73673629760742,0.00046663999969842607,0.0004665311571126532
2025-04-16,VSO.AX,59.52312469482422,-0.00357588338470638,-0.003582292138228436
2025-04-17,VSO.AX,60.33113479614258,0.013574725881092986,0.013483414711041882
2025-04-18,VSO.AX,60.33113479614258,0.0,0.0
2025-04-21,VSO.AX,60.33113479614258,0.0,0.0
2025-04-22,VSO.AX,59.80175018310547,-0.008774650349705593,-0.008813374286509258
2025-04-23,VSO.AX,60.45186996459961,0.01087125008053369,0.01081258284916101
2025-04-24,VSO.AX,61.129852294921875,0.011215241657855923,0.011152817138887022
2025-04-25,VSO.AX,61.129852294921875,0.0,0.0
2025-04-28,VSO.AX,60.85123062133789,-0.004557865970946096,-0.004568284712255416
2025-04-29,VSO.AX,61.87284469604492,0.01678871674862714,0.016649344006819423
2025-04-30,VSO.AX,62.09574508666992,0.003602556044093541,0.003596082382229198
2025-05-01,VSO.AX,62.60655212402344,0.008226119787121622,0.008192469677681129
2025-05-02,VSO.AX,63.04306411743164,0.006972305271554902,0.006948111145278032
2025-05-05,VSO.AX,62.727291107177734,-0.00500884617006736,-0.005021432486249383
2025-05-06,VSO.AX,63.20094680786133,0.007551030696898664,0.007522664371772051
2025-05-07,VSO.AX,63.81391906738281,0.009698782858190258,0.009652051578456871
2025-05-08,VSO.AX,64.50119018554688,0.01076992493500284,0.01071234236448161
2025-05-09,VSO.AX,64.90055084228516,0.006191523839939483,0.0061724351079155285
2025-05-12,VSO.AX,64.79838562011719,-0.0015741811254613713,-0.0015754214504042252
2025-05-13,VSO.AX,64.8912582397461,0.0014332551457898468,0.0014322290159869112
2025-05-14,VSO.AX,64.97484588623047,0.0012881187505342506,0.0012872898373259185
2025-05-15,VSO.AX,64.50119018554688,-0.0072898318452798705,-0.007316532510824088
2025-05-16,VSO.AX,64.99342346191406,0.007631382846598811,0.007602411147252727
2025-05-19,VSO.AX,64.17613220214844,-0.012574983994258382,-0.012654718248671029
2025-05-20,VSO.AX,64.61264038085938,0.006801721508176595,0.006778694158547797
2025-05-21,VSO.AX,65.26275634765625,0.010061745859088367,0.010011463498478722
2025-05-22,VSO.AX,65.01199340820312,-0.003842359003614626,-0.0038497598288051694
2025-05-23,VSO.AX,65.29061889648438,0.004285755191842711,0.004276597498823979
2025-05-26,VSO.AX,65.43921661376953,0.0022759428505456647,0.0022733568156513197
2025-05-27,VSO.AX,65.56924438476562,0.001987000727156296,0.001985029252327411
2025-05-28,VSO.AX,65.66211700439453,0.001416405214065275,0.0014154030583941263
2025-05-29,VSO.AX,65.81999969482422,0.0024044715222799606,0.002401585406092873
2025-05-30,VSO.AX,65.99646759033203,0.002681068008599352,0.0026774803568275964
2025-06-02,VSO.AX,65.65283203125,-0.0052068780592186,-0.0052204810888707666
2025-06-03,VSO.AX,65.89430236816406,0.003677988130034171,0.0036712408708570784
2025-06-04,VSO.AX,66.60014343261719,0.010711716174024444,0.010654752169437792
2025-06-05,VSO.AX,66.84162139892578,0.0036257874812672952,0.003619230159361509
2025-06-06,VSO.AX,66.43297576904297,-0.006113640293731404,-0.006132405112545857
2025-06-09,VSO.AX,66.43297576904297,0.0,0.0
2025-06-10,VSO.AX,66.82304382324219,0.005871602915324958,0.005854432235086717
2025-06-11,VSO.AX,66.83233642578125,0.00013906284430320603,0.0001390531759622008
2025-06-12,VSO.AX,66.67444610595703,-0.002362483915246072,-0.0023652789834411768
2025-06-13,VSO.AX,66.83233642578125,0.002368078462523737,0.002365278983441089
2025-06-16,VSO.AX,66.56299591064453,-0.004030092759600423,-0.004038235468035899
2025-06-17,VSO.AX,66.78589630126953,0.0033487133139893377,0.003343118859563277
2025-06-18,VSO.AX,66.58157348632812,-0.0030593707093442557,-0.0030640601508486044
2025-06-19,VSO.AX,65.99646759033203,-0.008787805174298557,-0.008826645649967657
2025-06-20,VSO.AX,66.05219268798828,0.0008443648530125358,0.0008440085775469167
2025-06-23,VSO.AX,65.36492156982422,-0.010404970527027602,-0.010459480680243848
2025-06-24,VSO.AX,65.97789001464844,0.009377636048556015,0.009333938990607074
2025-06-25,VSO.AX,65.72712707519531,-0.003800711714143201,-0.0038079527721825448
2025-06-26,VSO.AX,65.89430236816406,0.0025434748239869798,0.002540245666258776
2025-06-27,VSO.AX,66.17292785644531,0.004228369954120126,0.004219455518073379
2025-06-30,VSO.AX,66.47940826416016,0.004631507440319371,0.004620815011731935
2025-07-01,VSO.AX,66.52896881103516,0.0007455022264648559,0.0007452244777129934
2025-07-02,VSO.AX,66.83383178710938,0.004582409460458292,0.0045719421869342795
2025-07-03,VSO.AX,66.96167755126953,0.001912889935256068,0.0019110626911440387
2025-07-04,VSO.AX,67.16819763183594,0.0030841533264795995,0.0030794070818690416
2025-07-07,VSO.AX,66.94200897216797,-0.0033674963396779223,-0.0033731791168843594
2025-07-08,VSO.AX,66.95184326171875,0.00014690759512259177,0.00014689680525856847
2025-07-09,VSO.AX,66.80432891845703,-0.0022032902467684634,-0.002205721061908089
2025-07-10,VSO.AX,67.14852905273438,0.005152362726335902,0.005139134723029269
2025-07-11,VSO.AX,66.9813461303711,-0.0024897480960749396,-0.002492852673012818
2025-07-14,VSO.AX,67.24687194824219,0.003964175598296871,0.003956338957928227
2025-07-15,VSO.AX,67.77792358398438,0.007897045919859513,0.00786602744857355
2025-07-16,VSO.AX,67.60090637207031,-0.0026117237376668268,-0.0026151402380410137
2025-07-17,VSO.AX,67.93527221679688,0.004946173988943814,0.0049339818567899945
2025-07-18,VSO.AX,69.09571838378906,0.01708164447017957,0.01693739355920319
2025-07-21,VSO.AX,68.45648956298828,-0.009251352120694611,-0.00929441165710592
2025-07-22,VSO.AX,69.03671264648438,0.008475793707800605,0.008440075851190334
2025-07-23,VSO.AX,69.43008422851562,0.005698005698005604,0.005681833467430864
2025-07-24,VSO.AX,69.1842269897461,-0.003541076487252104,-0.0035473609387983093
2025-07-25,VSO.AX,68.93836975097656,-0.003553660270078196,-0.0035599895198536718
2025-07-28,VSO.AX,68.7121810913086,-0.0032810271041369132,-0.0032864214761850535
2025-07-29,VSO.AX,68.45648956298828,-0.0037211965078002285,-0.003728137383784244
2025-07-30,VSO.AX,68.95803833007812,0.007326533544031122,0.007299824872458737
2025-07-31,VSO.AX,68.60400390625,-0.00513405590416427,-0.00514728045230954
2025-08-01,VSO.AX,68.38764953613281,-0.0031536697247706025,-0.0031586530210088075
2025-08-04,VSO.AX,68.51549530029297,0.0018694276675295107,0.0018676824623122274
2025-08-05,VSO.AX,69.44975280761719,0.013635711209989854,0.013543581458212715
2025-08-06,VSO.AX,70.18732452392578,0.010620220900594779,0.010564222482735695
2025-08-07,VSO.AX,70.57086181640625,0.005464480874316946,0.005449604767564685
2025-08-08,VSO.AX,70.84622192382812,0.0039018952062430667,0.003894302557214685
2025-08-11,VSO.AX,70.94456481933594,0.0013881177123820088,0.0013871551676376043
2025-08-12,VSO.AX,71.0724105834961,0.001802051566398566,0.00180042981949665
2025-08-13,VSO.AX,71.09207916259766,0.0002767400027674505,0.00027670171731613235
2025-08-14,VSO.AX,71.46578216552734,0.00525660533960437,0.005242837616338756
2025-08-15,VSO.AX,72.04600524902344,0.008118893628732637,0.008086112722123796
2025-08-18,VSO.AX,72.24269104003906,0.0027300027300027896,0.002726283040852999
2025-08-19,VSO.AX,72.2230224609375,-0.00027225701061805996,-0.0002722940792862645
2025-08-20,VSO.AX,71.76081085205078,-0.006399782135076304,-0.006420348534706338
2025-08-21,VSO.AX,72.81307983398438,0.014663560367274231,0.014557089927768028
2025-08-22,VSO.AX,72.29186248779297,-0.007158292814694711,-0.007184036319300442
2025-08-25,VSO.AX,73.6883316040039,0.019317099714324604,0.019132892990223114
2025-08-26,VSO.AX,73.06877136230469,-0.008407847324169215,-0.008443392652505866
2025-08-27,VSO.AX,73.81617736816406,0.010228802153432026,0.010176841983161286
2025-08-28,VSO.AX,73.10810852050781,-0.00959232613908878,-0.009638628837768745
2025-08-29,VSO.AX,73.9046859741211,0.010895883777239712,0.01083695132987742
2025-09-01,VSO.AX,74.03253173828125,0.001729873586161057,0.001728379078140744
2025-09-02,VSO.AX,73.46214294433594,-0.007704569606801326,-0.0077344031383526236
2025-09-03,VSO.AX,72.55738830566406,-0.012315930388219543,-0.012392399970242047
2025-09-04,VSO.AX,72.91142272949219,0.004879371103279961,0.004867505554056577
2025-09-05,VSO.AX,73.953857421875,0.014297275424871803,0.01419603323320787
2025-09-08,VSO.AX,73.6883316040039,-0.003590425531914909,-0.0035968865795748006
2025-09-09,VSO.AX,73.94402313232422,0.0034699052448952106,0.0034638990137161514
2025-09-10,VSO.AX,73.47197723388672,-0.006383827636653794,-0.006404291402225642
2025-09-11,VSO.AX,73.47197723388672,0.0,0.0
2025-09-12,VSO.AX,73.89485168457031,0.005755588274662049,0.005739088158112987
2025-09-15,VSO.AX,74.14070892333984,0.003327122704285257,0.0033216000777875868
2025-09-16,VSO.AX,74.583251953125,0.005968961400716344,0.005951217723155931
2025-09-17,VSO.AX,74.19971466064453,-0.005142405063291111,-0.005155672732908432
2025-09-18,VSO.AX,74.33739471435547,0.0018555334658714173,0.0018538140902274111
2025-09-19,VSO.AX,74.66192626953125,0.004365656832914455,0.004356154997587137
2025-09-22,VSO.AX,75.09463500976562,0.005795574288725014,0.00577884455587448
2025-09-23,VSO.AX,75.60601806640625,0.006809848088004111,0.006786765804490108
2025-09-24,VSO.AX,75.15364074707031,-0.005983350676378785,-0.006001322643283173
2025-09-25,VSO.AX,75.01596069335938,-0.0018319811567651945,-0.0018336612865355244
2025-09-26,VSO.AX,74.85861206054688,-0.002097535395909844,-0.0020997383042696137
2025-09-29,VSO.AX,74.95695495605469,0.0013137151865476593,0.0013128530177655175
2025-09-30,VSO.AX,75.51750946044922,0.007478352138546418,0.00745052789673813
2025-10-01,VSO.AX,75.8912124633789,0.004948561010548191,0.004936357127059439
2025-10-02,VSO.AX,76.60911560058594,0.009459634573020681,0.009415172407190977
2025-10-03,VSO.AX,77.50403594970703,0.011681643132220865,0.011613939488855677
2025-10-06,VSO.AX,77.730224609375,0.0029184113691156366,0.002914161074054228
2025-10-07,VSO.AX,77.31718444824219,-0.005313765182186181,-0.005327933445898056
2025-10-08,VSO.AX,77.70072174072266,0.0049605698295598355,0.004948306740927572
2025-10-09,VSO.AX,78.67431640625,0.012530059486141054,0.012452207939239762
2025-10-10,VSO.AX,77.54337310791016,-0.014375000000000027,-0.01447932126483425
2025-10-13,VSO.AX,76.7369613647461,-0.01039949270767282,-0.010453945280377547
2025-10-14,VSO.AX,77.49420166015625,0.00986799948737671,0.009819628735163635
2025-10-15,VSO.AX,77.90724182128906,0.005329949238578768,0.005315795329937233
2025-10-16,VSO.AX,78.53663635253906,0.008078767987881763,0.008046309441304593
2025-10-17,VSO.AX,77.6810531616211,-0.010894064613072851,-0.010953839458747512
2025-10-20,VSO.AX,77.35652160644531,-0.004177744018230123,-0.004186495172664217
2025-10-21,VSO.AX,78.05475616455078,0.009026188660056,0.008985696099120765
2025-10-22,VSO.AX,76.8353042602539,-0.015623031372054896,-0.015746357094131195
2025-10-23,VSO.AX,77.2581787109375,0.005503647766542885,0.005488558037557445
2025-10-24,VSO.AX,77.2581787109375,0.0,0.0
2025-10-27,VSO.AX,77.9367446899414,0.008783095723014167,0.008744748711179457
2025-10-28,VSO.AX,76.96315002441406,-0.012492113564668728,-0.012570795975123547
2025-10-29,VSO.AX,76.85497283935547,-0.0014055711730129872,-0.0014065599147807435
2025-10-30,VSO.AX,76.5206069946289,-0.004350607805502227,-0.004360099238646839
2025-10-31,VSO.AX,76.80580139160156,0.0037270273743734705,0.003720099216801514
2025-11-03,VSO.AX,76.09773254394531,-0.009218950064020515,-0.009261707573273405
2025-11-04,VSO.AX,75.62568664550781,-0.006203153269578654,-0.006222472760768565
2025-11-05,VSO.AX,74.68159484863281,-0.012483745123537116,-0.01256232170794208
2025-11-06,VSO.AX,74.73076629638672,0.0006584145377930284,0.0006581978780373123
2025-11-07,VSO.AX,74.0620346069336,-0.008948545861297563,-0.008988824568433218
2025-11-10,VSO.AX,75.75353240966797,0.0228389324126943,0.022582028251614185
2025-11-11,VSO.AX,76.44193267822266,0.009087368557704867,0.009046326877253938
2025-11-12,VSO.AX,76.39276123046875,-0.000643252283545559,-0.000643459259058776
2025-11-13,VSO.AX,76.01905822753906,-0.004891864057672501,-0.004903868389693193
2025-11-14,VSO.AX,75.17330932617188,-0.011125485122897794,-0.011187836221303982
2025-11-17,VSO.AX,75.78303527832031,0.008110936682365288,0.008078219825939275
2025-11-18,VSO.AX,73.75717163085938,-0.026732416298987816,-0.0270962256617011
2025-11-19,VSO.AX,73.81617736816406,0.0007999999999999119,0.0007996801705642441
2025-11-20,VSO.AX,75.02579498291016,0.016386890487609884,0.01625407439526316
2025-11-21,VSO.AX,73.07860565185547,-0.02595359811246556,-0.026296335932760043
2025-11-24,VSO.AX,74.2685546875,0.016283138204817638,0.01615198966786735
2025-11-25,VSO.AX,75.23231506347656,0.012976694915254328,0.012893218995244994
2025-11-26,VSO.AX,76.17640686035156,0.012549019607843048,0.012470933254115892
2025-11-27,VSO.AX,76.11740112304688,-0.0007745933384972759,-0.0007748934909246878
2025-11-28,VSO.AX,76.6287841796875,0.006718346253229868,0.0066958787385981225
2025-12-01,VSO.AX,75.61585235595703,-0.013218685831622223,-0.013306830290190275
2025-12-02,VSO.AX,75.61585235595703,0.0,0.0
2025-12-03,VSO.AX,75.86170959472656,0.003251398101183467,0.003246123735992259
2025-12-04,VSO.AX,75.15364074707031,-0.009333679025149033,-0.009377510761327795
2025-12-05,VSO.AX,75.17330932617188,0.00026171159382371023,0.0002616773533185005
2025-12-08,VSO.AX,75.33065795898438,0.002093144950287895,0.0020909573744734146
2025-12-09,VSO.AX,74.75043487548828,-0.00770234986945173,-0.007732166168596576
2025-12-10,VSO.AX,74.76026916503906,0.0001315616366268646,0.00013155298315371702
2025-12-11,VSO.AX,74.7897720336914,0.00039463299131803353,0.0003945551441991361
2025-12-12,VSO.AX,75.54701232910156,0.010124917817225576,0.010074004212456944
2025-12-15,VSO.AX,75.1044692993164,-0.005857849518354552,-0.00587507401746594
2025-12-16,VSO.AX,74.62258911132812,-0.006416131989000928,-0.006436803833479311
2025-12-17,VSO.AX,75.0552978515625,0.00579862941486553,0.005781882073217584
2025-12-18,VSO.AX,75.29132080078125,0.003144654088050425,0.0031397200046678463
2025-12-19,VSO.AX,75.7338638305664,0.0058777429467085085,0.005860536406459954
2025-12-22,VSO.AX,77.11066436767578,0.018179457213348904,0.018016186691671834
2025-12-23,VSO.AX,77.39585876464844,0.003698507843387322,0.003691685180526964
2025-12-24,VSO.AX,77.63188171386719,0.003049555273189286,0.0030449148113434704
2025-12-25,VSO.AX,77.63188171386719,0.0,0.0
2025-12-26,VSO.AX,77.63188171386719,0.0,0.0
2025-12-29,VSO.AX,76.9779052734375,-0.008424070446212961,-0.008459753466487772
2025-12-30,VSO.AX,76.72712707519531,-0.003257794523654378,-0.003263112689702883
2025-12-31,VSO.AX,76.91397857666016,0.002435273006921257,0.002432312535009556
2026-01-01,VSO.AX,76.91397857666016,0.0,0.0
2026-01-02,VSO.AX,77.20999908447266,0.0038487218226197495,0.003841334441369265
2026-01-05,VSO.AX,77.3499984741211,0.0018132287437961914,0.0018115868290359374
2026-01-06,VSO.AX,77.41000366210938,0.0007757619802455373,0.0007754612324496262
2026-01-07,VSO.AX,78.12999725341797,0.00930104065685522,0.009258052330068744
2026-01-08,VSO.AX,78.5,0.004735732235877421,0.004724553933710494
2026-01-09,VSO.AX,78.5,0.0,0.0
2026-01-12,VSO.AX,79.25,0.009554140127388644,0.009508787969027356
2026-01-13,VSO.AX,79.5,0.003154574132492094,0.0031496089028962013
2026-01-14,VSO.AX,79.66000366210938,0.0020126246806211334,0.0020106020649580717
2026-01-15,VSO.AX,79.45999908447266,-0.0025107276982445637,-0.0025138848606558206
2026-01-16,VSO.AX,80.01000213623047,0.006921760106907593,0.006897914696987269
2026-01-19,VSO.AX,80.12000274658203,0.0013748357382152854,0.0013738915168954788
2026-01-20,VSO.AX,80.01000213623047,-0.0013729481600180948,-0.0013738915168953981
2026-01-21,VSO.AX,80.1500015258789,0.0017497736021812038,0.0017482445317766008
2026-01-22,VSO.AX,80.37999725341797,0.0028695661030624375,0.0028654567577342024
2026-01-23,VSO.AX,80.75,0.004603169435493992,0.0045926072516794154
2026-01-26,VSO.AX,80.75,0.0,0.0
2026-01-27,VSO.AX,81.16000366210938,0.005077444732004555,0.0050645979769437495
2026-01-28,VSO.AX,80.55999755859375,-0.007392879207024361,-0.007420341974843464
2026-01-29,VSO.AX,79.91000366210938,-0.008068444838415179,-0.008101170890572376
2026-01-30,VSO.AX,78.41000366210938,-0.0187711166469543,-0.018949530266842953
2026-02-02,VSO.AX,77.20999908447266,-0.015304228052429036,-0.015422546484353199
2026-02-03,VSO.AX,77.70999908447266,0.006475845174573447,0.006454966976720547
2026-02-04,VSO.AX,76.97000122070312,-0.009522556588440256,-0.009568186034126056
2026-02-05,VSO.AX,76.13999938964844,-0.010783445730691232,-0.010842008467516023
2026-02-06,VSO.AX,73.51000213623047,-0.03454159803651813,-0.03515226249177417
2026-02-09,VSO.AX,75.5999984741211,0.028431455273493222,0.028034782555501566
2026-02-10,VSO.AX,76.41000366210938,0.010714354554723471,0.010657362584666163
2026-02-11,VSO.AX,77.08999633789062,0.008899262441973255,0.00885989738026243
2026-02-12,VSO.AX,75.95999908447266,-0.014658156792031973,-0.014766649075503182
2026-02-13,VSO.AX,74.12000274658203,-0.024223227489042265,-0.02452143541828794
2026-02-16,VSO.AX,75.0999984741211,0.013221744350033093,0.01313509997908621
2026-02-17,VSO.AX,74.98999786376953,-0.0014647218719913147,-0.001465795625700902
2026-02-18,VSO.AX,76.0999984741211,0.014801982157247817,0.014693501990242414
2026-02-19,VSO.AX,76.25,0.001971110760664585,0.0019691706708521257
2026-02-20,VSO.AX,75.9000015258789,-0.004590143922899581,-0.004600710982130549
2026-02-23,VSO.AX,75.66000366210938,-0.003162027127070588,-0.0031670368983226205
2026-02-24,VSO.AX,75.5999984741211,-0.0007930899429540172,-0.0007934046051641144
2026-02-25,VSO.AX,76.56999969482422,0.012830704236524104,0.01274908813754936
2026-02-26,VSO.AX,77.2699966430664,0.009141921784407536,0.00910038736183516
2026-02-27,VSO.AX,77.58999633789062,0.004141318865359844,0.004132767206355265
2026-03-02,VSO.AX,77.91999816894531,0.004253149202605888,0.004244130127474239
2026-03-03,VSO.AX,76.55999755859375,-0.01745380701117094,-0.017607920579215664
2026-03-04,VSO.AX,74.63999938964844,-0.025078346789077166,-0.025398166894085368
2026-03-05,VSO.AX,75.41000366210938,0.010316241676814997,0.010263392415387039
2026-03-06,VSO.AX,74.61000061035156,-0.010608712543529353,-0.01066538611322098
2026-03-09,VSO.AX,71.5999984741211,-0.04034314584649468,-0.041179502008540925
2026-03-10,VSO.AX,72.5199966430664,0.012849136711613696,0.01276728694144472
2026-03-11,VSO.AX,72.73999786376953,0.0030336628638572005,0.0030290705939264315
2026-03-12,VSO.AX,71.23999786376953,-0.020621391862139737,-0.02083698175574317
2026-03-13,VSO.AX,71.12000274658203,-0.0016843784501083814,-0.001685798610438992
2024-03-14,VVLU.AX,61.501399993896484,0.00750783554289991,0.007479792022255061
2024-03-15,VVLU.AX,61.33394241333008,-0.002722825506135229,-0.0027265391380833018
2024-03-18,VVLU.AX,61.65123748779297,0.005173237883921322,0.005159902659904603
2024-03-19,VVLU.AX,61.91563415527344,0.00428858654350317,0.004279416763813708
2024-03-20,VVLU.AX,62.347511291503906,0.006975251761895729,0.006951037229753806
2024-03-21,VVLU.AX,62.69123840332031,0.005513084719762418,0.005497943293350851
2024-03-22,VVLU.AX,63.925148010253906,0.01968232943486159,0.019491137057604222
2024-03-25,VVLU.AX,63.15835952758789,-0.011995099057776404,-0.01206762077873467
2024-03-26,VVLU.AX,63.387516021728516,0.0036282844560033833,0.0036217181102103815
2024-03-27,VVLU.AX,63.47565460205078,0.0013904722231432576,0.0013895064118271336
2024-03-28,VVLU.AX,64.21599578857422,0.01166338797393851,0.011595894955667119
2024-03-29,VVLU.AX,64.21599578857422,0.0,0.0
2024-04-01,VVLU.AX,64.21599578857422,0.0,0.0
2024-04-02,VVLU.AX,64.47935485839844,0.004101144373612309,0.004092757603442976
2024-04-03,VVLU.AX,63.58504104614258,-0.01386976985455024,-0.013966853846178436
2024-04-04,VVLU.AX,63.70016098022461,0.0018104876899975864,0.0018088507326560388
2024-04-05,VVLU.AX,63.186588287353516,-0.008062345290313022,-0.008095021747199591
2024-04-08,VVLU.AX,63.168880462646484,-0.0002802465710999291,-0.0002802858475084597
2024-04-09,VVLU.AX,63.372535705566406,0.0032239805649294517,0.003218794682720797
2024-04-10,VVLU.AX,63.186588287353516,-0.0029341956439429273,-0.0029385088352123427
2024-04-11,VVLU.AX,62.95637130737305,-0.003643446912080628,-0.0036501004308592535
2024-04-12,VVLU.AX,62.761573791503906,-0.0030941668305194403,-0.0030989636620605797
2024-04-15,VVLU.AX,62.55791473388672,-0.003244964160614372,-0.0032502404742071494
2024-04-16,VVLU.AX,62.150596618652344,-0.006511056466109055,-0.006532345855521809
2024-04-17,VVLU.AX,62.07975387573242,-0.0011398562004899526,-0.0011405063306524042
2024-04-18,VVLU.AX,61.80527877807617,-0.004421330313352678,-0.004431133299721066
2024-04-19,VVLU.AX,61.80527877807617,0.0,0.0
2024-04-22,VVLU.AX,62.735008239746094,0.015042881126841934,0.014930859016961543
2024-04-23,VVLU.AX,62.85896301269531,0.001975846922272151,0.0019738975041541915
2024-04-24,VVLU.AX,62.85896301269531,0.0,0.0
2024-04-25,VVLU.AX,62.85896301269531,0.0,0.0
2024-04-26,VVLU.AX,62.28341293334961,-0.009156213398389346,-0.009198389164566188
2024-04-29,VVLU.AX,62.51364517211914,0.003696525734964151,0.0036897103739841402
2024-04-30,VVLU.AX,63.0626220703125,0.00878171312330056,0.008743378148303317
2024-05-01,VVLU.AX,62.24800491333008,-0.012917590963378522,-0.013001748569462188
2024-05-02,VVLU.AX,61.89381408691406,-0.005689994834519818,-0.005706244524881232
2024-05-03,VVLU.AX,61.88496398925781,-0.00014298840339399543,-0.00014299862721035107
2024-05-06,VVLU.AX,62.02663803100586,0.002289312825206391,0.00228669634114002
2024-05-07,VVLU.AX,62.66415786743164,0.010278162039140337,0.010225700894902632
2024-05-08,VVLU.AX,62.814693450927734,0.002402259738566226,0.002399378925359097
2024-05-09,VVLU.AX,62.87667465209961,0.0009867309345430453,0.0009862444355772046
2024-05-10,VVLU.AX,63.186588287353516,0.004928912620915105,0.004916805298759964
2024-05-13,VVLU.AX,63.3105583190918,0.0019619674854813862,0.001960045340987054
2024-05-14,VVLU.AX,63.46992874145508,0.0025172803177637704,0.0025141172747299638
2024-05-15,VVLU.AX,63.46992874145508,0.0,0.0
2024-05-16,VVLU.AX,63.4610710144043,-0.00013955785403296783,-0.00013956759313640176
2024-05-17,VVLU.AX,63.168880462646484,-0.004604248669101252,-0.0046148808700888925
2024-05-20,VVLU.AX,63.31941604614258,0.002383065560028541,0.002380230562393688
2024-05-21,VVLU.AX,63.26628494262695,-0.0008390965494202707,-0.0008394487879851223
2024-05-22,VVLU.AX,63.02720260620117,-0.0037789849149921784,-0.003786143318509416
2024-05-23,VVLU.AX,63.08917999267578,0.0009833434439705524,0.000982860278525259
2024-05-24,VVLU.AX,62.46936798095703,-0.009824378947241086,-0.0098729565833476
2024-05-27,VVLU.AX,62.55791473388672,0.001417442753009368,0.001416439129304498
2024-05-28,VVLU.AX,62.47821807861328,-0.0012739659819618332,-0.001274778166493689
2024-05-29,VVLU.AX,62.124046325683594,-0.005668723657964336,-0.005684851851648413
2024-05-30,VVLU.AX,61.76100158691406,-0.005843868199863822,-0.005861010414820853
2024-05-31,VVLU.AX,62.38967514038086,0.010179134685535995,0.010127676201340271
2024-06-03,VVLU.AX,63.33711624145508,0.015185863669628263,0.015071712645784593
2024-06-04,VVLU.AX,62.593326568603516,-0.01174334603451277,-0.011812843748841789
2024-06-05,VVLU.AX,61.982364654541016,-0.009760815530276634,-0.009808764559728074
2024-06-06,VVLU.AX,62.062049865722656,0.0012856110221959316,0.0012847853319476272
2024-06-07,VVLU.AX,61.84067916870117,-0.003566925319103076,-0.0035733019650815707
2024-06-10,VVLU.AX,61.84067916870117,0.0,0.0
2024-06-11,VVLU.AX,62.11518096923828,0.004438854880430165,0.004429032220951869
2024-06-12,VVLU.AX,61.424522399902344,-0.01111899794154958,-0.011181276076440082
2024-06-13,VVLU.AX,61.26513671875,-0.0025948216595754747,-0.0025981940443859696
2024-06-14,VVLU.AX,60.786991119384766,-0.007804530030843804,-0.00783514476846921
2024-06-17,VVLU.AX,60.37082290649414,-0.006846336777441064,-0.006869880461268144
2024-06-18,VVLU.AX,60.85783386230469,0.008066992172110377,0.008034627928981212
2024-06-19,VVLU.AX,60.432804107666016,-0.006983977701216504,-0.007008479821634123
2024-06-20,VVLU.AX,60.5390625,0.0017582899536594532,0.0017567459714595394
2024-06-21,VVLU.AX,60.79584884643555,0.004241663742902357,0.004232693244859828
2024-06-24,VVLU.AX,60.81355285644531,0.0002912042572920104,0.0002911618655618464
2024-06-25,VVLU.AX,61.5130615234375,0.011502512748160276,0.011436861802666783
2024-06-26,VVLU.AX,60.75157165527344,-0.012379319924987309,-0.01245658200271028
2024-06-27,VVLU.AX,60.55677032470703,-0.003206523308924125,-0.0032116752208878638
2024-06-28,VVLU.AX,61.17658996582031,0.010235348381193221,0.010183321907845409
2024-07-01,VVLU.AX,61.39558029174805,0.003579642573247055,0.003573250901496392
2024-07-02,VVLU.AX,60.99560546875,-0.006514716875341664,-0.006536030260868897
2024-07-03,VVLU.AX,60.96833038330078,-0.00044716476276629447,-0.0004472647707432978
2024-07-04,VVLU.AX,60.83197784423828,-0.0022364486316955867,-0.0022389532178857183
2024-07-05,VVLU.AX,60.77743911743164,-0.0008965469928708947,-0.0008969491315015272
2024-07-08,VVLU.AX,59.87750244140625,-0.014807084488811184,-0.01491780367595242
2024-07-09,VVLU.AX,60.30474853515625,0.00713533591632487,0.007109999856479062
2024-07-10,VVLU.AX,59.941139221191406,-0.006029530390179283,-0.0060477814089049346
2024-07-11,VVLU.AX,60.48655319213867,0.009099159242446309,0.009058011312343718
2024-07-12,VVLU.AX,61.70463943481445,0.020138132831051925,0.01993804247129957
2024-07-15,VVLU.AX,61.95008850097656,0.003977805695168257,0.003969915143892341
2024-07-16,VVLU.AX,62.59549331665039,0.01041814194766899,0.010364247106400505
2024-07-17,VVLU.AX,63.7772331237793,0.01887899183333963,0.01870299530810205
2024-07-18,VVLU.AX,64.1044692993164,0.0051309246185391455,0.00511780627849359
2024-07-19,VVLU.AX,63.849945068359375,-0.0039704599966128296,-0.0039783631994085985
2024-07-22,VVLU.AX,63.84086227416992,-0.00014225218486452196,-0.00014226230366619713
2024-07-23,VVLU.AX,64.53170013427734,0.010821248891353719,0.010763118166262306
2024-07-24,VVLU.AX,64.67716217041016,0.00225411752410265,0.0022515808125119128
2024-07-25,VVLU.AX,64.62261962890625,-0.0008433044937902201,-0.0008436602750602022
2024-07-26,VVLU.AX,65.41346740722656,0.012237940567277228,0.01216366236672686
2024-07-29,VVLU.AX,66.43158721923828,0.015564376150150938,0.015444493579140158
2024-07-30,VVLU.AX,65.78617095947266,-0.009715502621299943,-0.009763006047068123
2024-07-31,VVLU.AX,67.19515228271484,0.02141759130669252,0.021191457823152134
2024-08-01,VVLU.AX,66.81336212158203,-0.005681811085515243,-0.005698013977784511
2024-08-02,VVLU.AX,64.60443878173828,-0.03306110139801244,-0.03361997207950163
2024-08-05,VVLU.AX,61.822818756103516,-0.04305617505682979,-0.044010588370987896
2024-08-06,VVLU.AX,61.831905364990234,0.00014697823666964815,0.00014696743642687502
2024-08-07,VVLU.AX,61.622833251953125,-0.00338129824405331,-0.0033870277520569904
2024-08-08,VVLU.AX,60.91379165649414,-0.011506150529625447,-0.011572858474409387
2024-08-09,VVLU.AX,61.48646926879883,0.009401444184169883,0.009357525658259907
2024-08-12,VVLU.AX,61.64101028442383,0.002513415023871257,0.002510261679001182
2024-08-13,VVLU.AX,61.37739181518555,-0.004276673403338038,-0.004285844528315123
2024-08-14,VVLU.AX,61.7137336730957,0.005479898183404774,0.005464938169372003
2024-08-15,VVLU.AX,61.97735595703125,0.004271695589380231,0.004262597797239898
2024-08-16,VVLU.AX,63.05000305175781,0.01730708059682673,0.01715901897895917
2024-08-19,VVLU.AX,62.77729034423828,-0.004325340116092646,-0.004334721461097712
2024-08-20,VVLU.AX,63.03181838989258,0.004054460526387693,0.004046263350588153
2024-08-21,VVLU.AX,62.5500373840332,-0.007643457196161552,-0.007672818123463948
2024-08-22,VVLU.AX,62.78638458251953,0.0037785300916008957,0.003771409378357166
2024-08-23,VVLU.AX,63.077274322509766,0.004633006692843056,0.004622307351354856
2024-08-26,VVLU.AX,63.749942779541016,0.010664196642231838,0.01060773515345371
2024-08-27,VVLU.AX,63.7953987121582,0.0007130348771351436,0.0007127807885426495
2024-08-28,VVLU.AX,63.54087448120117,-0.003989695747579458,-0.003997675816094147
2024-08-29,VVLU.AX,63.39543533325195,-0.002288906930172141,-0.0022915304817811557
2024-08-30,VVLU.AX,63.586326599121094,0.0030111200414615347,0.0030065956994587556
2024-09-02,VVLU.AX,63.868125915527344,0.004431759648310107,0.004421968319405624
2024-09-03,VVLU.AX,64.35900115966797,0.007685762453557121,0.007656377449378747
2024-09-04,VVLU.AX,63.2318000793457,-0.017514272440708023,-0.017669462001442843
2024-09-05,VVLU.AX,63.08636474609375,-0.002300034683014762,-0.0023026838256457855
2024-09-06,VVLU.AX,62.722747802734375,-0.005763796104322094,-0.005780470881301689
2024-09-09,VVLU.AX,62.386409759521484,-0.005362297651095971,-0.005376726372995229
2024-09-10,VVLU.AX,62.30459976196289,-0.0013113432536659975,-0.0013122038166417044
2024-09-11,VVLU.AX,61.741004943847656,-0.009045797906871544,-0.009086959551394795
2024-09-12,VVLU.AX,61.76827621459961,0.00044170435477619563,0.0004416068321240781
2024-09-13,VVLU.AX,62.040985107421875,0.004415031623592691,0.004405313963493085
2024-09-16,VVLU.AX,62.86820602416992,0.013333458766261463,0.013245350532507843
2024-09-17,VVLU.AX,62.99546813964844,0.0020242682832334324,0.002022222212923721
2024-09-18,VVLU.AX,63.422698974609375,0.006781929678081777,0.0067590358442942075
2024-09-19,VVLU.AX,63.4681510925293,0.0007166537951674989,0.0007163971214599052
2024-09-20,VVLU.AX,63.70450210571289,0.0037239309656116326,0.0037170143008298673
2024-09-23,VVLU.AX,63.24089431762695,-0.007277472906335847,-0.007304082893192867
2024-09-24,VVLU.AX,63.095458984375,-0.002299703930837893,-0.0023023523110286236
2024-09-25,VVLU.AX,62.68639373779297,-0.006483275550516754,-0.0065043832623176276
2024-09-26,VVLU.AX,62.8045654296875,0.0018851250622076154,0.00188335044385921
2024-09-27,VVLU.AX,63.077274322509766,0.004342182625681534,0.0043327825521046566
2024-09-30,VVLU.AX,63.00455093383789,-0.0011529253515306648,-0.0011535904812428517
2024-10-01,VVLU.AX,62.975128173828125,-0.00046699420238172085,-0.00046710327813406777
2024-10-02,VVLU.AX,62.67258071899414,-0.004804237222016838,-0.004815814665064887
2024-10-03,VVLU.AX,62.72758483886719,0.0008776424912142478,0.0008772575882314008
2024-10-04,VVLU.AX,62.736751556396484,0.00014613534942942152,0.00014612467269939754
2024-10-07,VVLU.AX,63.77273178100586,0.016513131440637263,0.01637827229169479
2024-10-08,VVLU.AX,63.983612060546875,0.0033067468438574554,0.0033012915793238485
2024-10-09,VVLU.AX,63.7544059753418,-0.0035822623609961246,-0.003588694027345878
2024-10-10,VVLU.AX,64.03861999511719,0.004457951029852136,0.0044480437992134945
2024-10-11,VVLU.AX,63.93776321411133,-0.001574936827394957,-0.001576178344111592
2024-10-14,VVLU.AX,64.66204071044922,0.011327851647116027,0.01126417198689914
2024-10-15,VVLU.AX,65.00125122070312,0.005245898621926592,0.005232186828630925
2024-10-16,VVLU.AX,64.98292541503906,-0.00028193004472854,-0.00028196979447487437
2024-10-17,VVLU.AX,65.4046401977539,0.006489624467064248,0.006468657517068931
2024-10-18,VVLU.AX,65.35880279541016,-0.0007008279872063872,-0.0007010736819400836
2024-10-21,VVLU.AX,65.33130645751953,-0.0004206983101678885,-0.00042078682852919814
2024-10-22,VVLU.AX,64.41449737548828,-0.014033227433273288,-0.014132624169719889
2024-10-23,VVLU.AX,64.5153579711914,0.001565805832733247,0.001564581236933173
2024-10-24,VVLU.AX,64.36866760253906,-0.0022737278884485956,-0.002276316732666602
2024-10-25,VVLU.AX,64.67120361328125,0.004700050847879611,0.0046890400961428136
2024-10-28,VVLU.AX,64.88206481933594,0.003260511545688738,0.0032552076038342773
2024-10-29,VVLU.AX,65.63385009765625,0.011586950575843469,0.011520335943838464
2024-10-30,VVLU.AX,65.31297302246094,-0.004888896121709729,-0.0049008858680660355
2024-10-31,VVLU.AX,65.3038101196289,-0.00014029223304345972,-0.00014030207491928914
2024-11-01,VVLU.AX,64.84540557861328,-0.0070195680799616245,-0.007044321153247104
2024-11-04,VVLU.AX,64.68037414550781,-0.002544998086339345,-0.0025482420991422244
2024-11-05,VVLU.AX,64.85456848144531,0.0026931559725618115,0.002689535926125389
2024-11-06,VVLU.AX,66.66983795166016,0.027989847326394424,0.02760529084256429
2024-11-07,VVLU.AX,67.788330078125,0.016776583847043725,0.016637411366564395
2024-11-08,VVLU.AX,67.01821899414062,-0.01136052596511572,-0.011425549678344096
2024-11-11,VVLU.AX,67.45829010009766,0.006566439881004804,0.0065449747298264565
2024-11-12,VVLU.AX,68.320068359375,0.012774979294592148,0.01269406761465186
2024-11-13,VVLU.AX,67.6141357421875,-0.010332727032329347,-0.010386480255144806
2024-11-14,VVLU.AX,68.06336212158203,0.006643971330306364,0.006621997428405926
2024-11-15,VVLU.AX,67.94418334960938,-0.001750997427364287,-0.0017525322152276747
2024-11-18,VVLU.AX,67.94418334960938,0.0,0.0
2024-11-19,VVLU.AX,67.89834594726562,-0.0006746332074946126,-0.0006748608748773496
2024-11-20,VVLU.AX,67.30243682861328,-0.008776489476123084,-0.008815229695195392
2024-11-21,VVLU.AX,67.4491195678711,0.002179456586859363,0.002177085016550273
2024-11-22,VVLU.AX,68.30175018310547,0.012641093326302144,0.012561861723432913
2024-11-25,VVLU.AX,69.05351257324219,0.011006487946815025,0.010946357373643347
2024-11-26,VVLU.AX,69.631103515625,0.008364396261090867,0.008329608549539886
2024-11-27,VVLU.AX,69.32855987548828,-0.004344949668488751,-0.004354416393881713
2024-11-28,VVLU.AX,69.44774627685547,0.001719152995262485,0.0017176769432159864
2024-11-29,VVLU.AX,69.26438903808594,-0.0026402187054216375,-0.002643710229773853
2024-12-02,VVLU.AX,69.28272247314453,0.0002646877466645492,0.00026465272304301135
2024-12-03,VVLU.AX,69.76862335205078,0.007013305216096111,0.0069888263761449946
2024-12-04,VVLU.AX,69.713623046875,-0.0007883243574730026,-0.0007886352485186892
2024-12-05,VVLU.AX,69.67694091796875,-0.0005261830801934764,-0.0005263215630907863
2024-12-06,VVLU.AX,69.53025817871094,-0.0021051833981992063,-0.0021074024116029782
2024-12-09,VVLU.AX,69.76862335205078,0.0034282221810133517,0.003422359223212369
2024-12-10,VVLU.AX,69.89698028564453,0.0018397515591797031,0.001838061289080461
2024-12-11,VVLU.AX,69.7044448852539,-0.0027545596333889977,-0.002758360414031748
2024-12-12,VVLU.AX,69.31022644042969,-0.005655571111328306,-0.005671624409284002
2024-12-13,VVLU.AX,69.2735595703125,-0.0005290253978422754,-0.0005291653811500504
2024-12-16,VVLU.AX,69.016845703125,-0.0037057987027061534,-0.0037126821858493426
2024-12-17,VVLU.AX,68.62261962890625,-0.005712026827689454,-0.005728402842862581
2024-12-18,VVLU.AX,68.5584487915039,-0.0009351266062030961,-0.0009355641098567134
2024-12-19,VVLU.AX,67.49495697021484,-0.015512192006025272,-0.015633764937003074
2024-12-20,VVLU.AX,66.94486999511719,-0.008150045570669895,-0.008183438753143155
2024-12-23,VVLU.AX,67.54996490478516,0.009038704679120269,0.008998100079890402
2024-12-24,VVLU.AX,67.77916717529297,0.0033930775660784285,0.0033873340668190764
2024-12-25,VVLU.AX,67.77916717529297,0.0,0.0
2024-12-26,VVLU.AX,67.77916717529297,0.0,0.0
2024-12-27,VVLU.AX,68.52177429199219,0.010956273847075426,0.01089668870446828
2024-12-30,VVLU.AX,67.84334564208984,-0.009900920647666678,-0.009950260707313887
2024-12-31,VVLU.AX,68.0450439453125,0.0029730005399015713,0.002968589913497195
2025-01-01,VVLU.AX,68.0450439453125,0.0,0.0
2025-01-02,VVLU.AX,68.52312469482422,0.007025945194420791,0.007001378245054471
2025-01-03,VVLU.AX,68.26261901855469,-0.0038017191631252167,-0.0038089640653076002
2025-01-06,VVLU.AX,68.43938446044922,0.002589491063131888,0.002586144107844297
2025-01-07,VVLU.AX,68.29983520507812,-0.002039019732150593,-0.002041101363023594
2025-01-08,VVLU.AX,68.61616516113281,0.004631489301619496,0.004620796956654123
2025-01-09,VVLU.AX,68.3835678100586,-0.0033898331468685816,-0.0033955916485063522
2025-01-10,VVLU.AX,68.55103302001953,0.0024489101011238024,0.0024459164073106633
2025-01-13,VVLU.AX,68.28121948242188,-0.003935951446842001,-0.003943717688803562
2025-01-14,VVLU.AX,68.57894897460938,0.004360342337824674,0.004350863588911204
2025-01-15,VVLU.AX,68.92320251464844,0.005019813589830946,0.0050072563314578844
2025-01-16,VVLU.AX,70.0768814086914,0.016738614166945887,0.01660006748033297
2025-01-17,VVLU.AX,70.23503875732422,0.002256911915221149,0.0022543689150241572
2025-01-20,VVLU.AX,70.56998443603516,0.004768925662136159,0.004757590360007189
2025-01-21,VVLU.AX,70.67232513427734,0.0014502015135762214,0.0014491509868888469
2025-01-22,VVLU.AX,70.65371704101562,-0.00026330099124893813,-0.0002633356610407951
2025-01-23,VVLU.AX,70.1326904296875,-0.007374369433750583,-0.0074016945157365744
2025-01-24,VVLU.AX,70.2164306640625,0.0011940256941798122,0.0011933134124327224
2025-01-27,VVLU.AX,70.2164306640625,0.0,0.0
2025-01-28,VVLU.AX,70.97003936767578,0.010732654686177012,0.010675468556646021
2025-01-29,VVLU.AX,71.0351791381836,0.0009178488709911115,0.0009174279052850277
2025-01-30,VVLU.AX,71.74226379394531,0.009954006794101744,0.009904791988667696
2025-01-31,VVLU.AX,71.64923858642578,-0.0012966583795949171,-0.0012974997684795484
2025-02-03,VVLU.AX,70.25365447998047,-0.01947800331139471,-0.019670199442757576
2025-02-04,VVLU.AX,70.35599517822266,0.0014567313116977676,0.0014556713079427646
2025-02-05,VVLU.AX,70.1792221069336,-0.002512551643129579,-0.002515713398168192
2025-02-06,VVLU.AX,70.79327392578125,0.00874976667470051,0.008711709300582618
2025-02-07,VVLU.AX,70.49555206298828,-0.004205510584311956,-0.004214378615749138
2025-02-10,VVLU.AX,70.086181640625,-0.005807039031306638,-0.005823965442491461
2025-02-11,VVLU.AX,70.04895782470703,-0.0005311149080547972,-0.000531255999536981
2025-02-12,VVLU.AX,70.2164306640625,0.002390797016203372,0.0023879436080585332
2025-02-13,VVLU.AX,70.18852233886719,-0.00039746146210184463,-0.00039754047084475326
2025-02-14,VVLU.AX,70.430419921875,0.0034463979999457273,0.0034404727802329203
2025-02-17,VVLU.AX,70.05826568603516,-0.005283998537175538,-0.00529800823070526
2025-02-18,VVLU.AX,70.25365447998047,0.00278894705759547,0.0027850651606787886
2025-02-19,VVLU.AX,70.61650085449219,0.005164804268155354,0.005151512413499089
2025-02-20,VVLU.AX,70.10478973388672,-0.007246339232523935,-0.007272721475710442
2025-02-21,VVLU.AX,69.71401977539062,-0.005574083596562085,-0.0055896767726403606
2025-02-24,VVLU.AX,69.12788391113281,-0.008407718650369933,-0.008443262887672021
2025-02-25,VVLU.AX,69.50003051757812,0.005383451443757847,0.005369012466873357
2025-02-26,VVLU.AX,69.8814926147461,0.0054886608585227314,0.005473653049650576
2025-02-27,VVLU.AX,70.35599517822266,0.006790103441156825,0.006767154513942624
2025-02-28,VVLU.AX,69.97453308105469,-0.00542188474772709,-0.005436636510569743
2025-03-03,VVLU.AX,70.97003936767578,0.01422669423843037,0.014126444519911442
2025-03-04,VVLU.AX,69.90939331054688,-0.014944983356060981,-0.015057784908998692
2025-03-05,VVLU.AX,68.634765625,-0.018232566829536223,-0.01840082844158045
2025-03-06,VVLU.AX,68.32774353027344,-0.004473273740075667,-0.004483308766515056
2025-03-07,VVLU.AX,68.83946228027344,0.007489179703018767,0.007461275032164732
2025-03-10,VVLU.AX,69.10926818847656,0.003919349443850084,0.003911688803778182
2025-03-11,VVLU.AX,68.67198944091797,-0.0063273531759305834,-0.006347455717152443
2025-03-12,VVLU.AX,67.83464050292969,-0.01219345681995565,-0.01226840690479516
2025-03-13,VVLU.AX,67.4717788696289,-0.005349208466507771,-0.0053635667084934325
2025-03-14,VVLU.AX,67.5555191040039,0.0012411149635880303,0.0012403454170762588
2025-03-17,VVLU.AX,67.82533264160156,0.003993952547123092,0.003985997891957799
2025-03-18,VVLU.AX,68.29053497314453,0.006858828603188094,0.006835413842531924
2025-03-19,VVLU.AX,68.60686492919922,0.004632120046783816,0.00462142479379942
2025-03-20,VVLU.AX,69.45352172851562,0.012340700893272771,0.01226517516942012
2025-03-21,VVLU.AX,69.38838195800781,-0.0009378901009863272,-0.0009383301951018852
2025-03-24,VVLU.AX,69.38838195800781,0.0,0.0
2025-03-25,VVLU.AX,69.72333526611328,0.004827224654239348,0.004815610964903716
2025-03-26,VVLU.AX,69.54655456542969,-0.0025354596134690155,-0.002538679334661604
2025-03-27,VVLU.AX,69.58377075195312,0.0005351262439381443,0.000534983114948778
2025-03-28,VVLU.AX,69.50003051757812,-0.0012034449048975437,-0.001204169626216907
2025-03-31,VVLU.AX,68.0672378540039,-0.020615712725648883,-0.020831183058510165
2025-04-01,VVLU.AX,68.31560516357422,0.0036488524788242938,0.0036422115661892984
2025-04-02,VVLU.AX,68.13560485839844,-0.002634834380004225,-0.002638311665499862
2025-04-03,VVLU.AX,67.35875701904297,-0.011401496192334992,-0.011466991556038395
2025-04-04,VVLU.AX,64.85767364501953,-0.0371307827624604,-0.037837684052042686
2025-04-07,VVLU.AX,62.05342102050781,-0.04323702141800545,-0.04419958948796242
2025-04-08,VVLU.AX,63.67344284057617,0.026106889731880578,0.025771922347336405
2025-04-09,VVLU.AX,61.12498474121094,-0.04002387786295758,-0.04084686760350185
2025-04-10,VVLU.AX,64.81977081298828,0.06044641299167952,0.05868996379936536
2025-04-11,VVLU.AX,63.14291000366211,-0.02586958868096101,-0.02621009177772532
2025-04-14,VVLU.AX,62.76396179199219,-0.006001437242090124,-0.006019518244204054
2025-04-15,VVLU.AX,62.38500213623047,-0.006037854286790267,-0.0060561558342218415
2025-04-16,VVLU.AX,62.11974334716797,-0.004251964093601401,-0.004261029398955846
2025-04-17,VVLU.AX,62.792381286621094,0.010828086260658898,0.01076988231589629
2025-04-18,VVLU.AX,62.792381286621094,0.0,0.0
2025-04-21,VVLU.AX,62.792381286621094,0.0,0.0
2025-04-22,VVLU.AX,61.721839904785156,-0.017048905614032384,-0.017195911460233793
2025-04-23,VVLU.AX,63.682918548583984,0.03177284810083547,0.031278534402532476
2025-04-24,VVLU.AX,63.843971252441406,0.0025289780608053203,0.0025257855771372534
2025-04-25,VVLU.AX,63.843971252441406,0.0,0.0
2025-04-28,VVLU.AX,64.41239166259766,0.008903274639804115,0.008863874179535037
2025-04-29,VVLU.AX,64.8387222290039,0.0066187662870746955,0.006596958428019107
2025-04-30,VVLU.AX,65.04714965820312,0.0032145517683563885,0.003209396142550052
2025-05-01,VVLU.AX,65.01871490478516,-0.00043714065208666497,-0.0004372362259153371
2025-05-02,VVLU.AX,65.53978729248047,0.008014190813496969,0.007982247738073139
2025-05-05,VVLU.AX,65.06609344482422,-0.0072275768235610105,-0.007253822294163338
2025-05-06,VVLU.AX,65.42609405517578,0.005532845008696219,0.005517595046343987
2025-05-07,VVLU.AX,65.18924713134766,-0.0036200682196981804,-0.0036266365232517548
2025-05-08,VVLU.AX,65.73873138427734,0.008429062722914216,0.008393736545946703
2025-05-09,VVLU.AX,66.70506286621094,0.014699576057908281,0.014592584502387406
2025-05-12,VVLU.AX,67.45348358154297,0.01121984873671611,0.011157373110924964
2025-05-13,VVLU.AX,68.67560577392578,0.01811799965683636,0.017955824629809155
2025-05-14,VVLU.AX,68.40086364746094,-0.004000578129143451,-0.00400860184865452
2025-05-15,VVLU.AX,68.39140319824219,-0.00013830891474575502,-0.00013831848030571573
2025-05-16,VVLU.AX,68.884033203125,0.007203098369759298,0.007177279964237127
2025-05-19,VVLU.AX,69.19667053222656,0.004538603716476075,0.00452833531238381
2025-05-20,VVLU.AX,69.00718688964844,-0.0027383346788322216,-0.0027420907757728873
2025-05-21,VVLU.AX,69.06404113769531,0.0008238887949134632,0.0008235495848417365
2025-05-22,VVLU.AX,67.73770904541016,-0.019204380028107537,-0.019391179581070672
2025-05-23,VVLU.AX,67.75665283203125,0.0002796638222350989,0.000279624723597845
2025-05-26,VVLU.AX,67.2640151977539,-0.007270690237585864,-0.007297250525241047
2025-05-27,VVLU.AX,67.80402374267578,0.008028193727868782,0.0079961392261484
2025-05-28,VVLU.AX,68.84613800048828,0.015369504644259013,0.015252590230308592
2025-05-29,VVLU.AX,69.49983978271484,0.009495111871372197,0.009450316630624065
2025-05-30,VVLU.AX,68.59034729003906,-0.01308625308373701,-0.013172632509899753
2025-06-02,VVLU.AX,67.91770935058594,-0.009806597663208017,-0.009854999037230146
2025-06-03,VVLU.AX,68.05033874511719,0.0019527954608513642,0.0019508912344355352
2025-06-04,VVLU.AX,68.836669921875,0.011555139787077673,0.011488889028745404
2025-06-05,VVLU.AX,68.28719329833984,-0.007982324307070243,-0.00801435361716671
2025-06-06,VVLU.AX,68.34402465820312,0.0008322403823948221,0.0008318942623911614
2025-06-09,VVLU.AX,68.34402465820312,0.0,0.0
2025-06-10,VVLU.AX,69.2440414428711,0.013168916948761211,0.013082960574485925
2025-06-11,VVLU.AX,69.58509063720703,0.004925321908272995,0.004913232191237612
2025-06-12,VVLU.AX,69.50930786132812,-0.0010890662810804086,-0.001089659744682628
2025-06-13,VVLU.AX,68.96930694580078,-0.007768756906695873,-0.007799090905742681
2025-06-16,VVLU.AX,69.23457336425781,0.0038461517188435046,0.003838774188005951
2025-06-17,VVLU.AX,69.01666259765625,-0.0031474270153307726,-0.003152390581450213
2025-06-18,VVLU.AX,68.96930694580078,-0.0006861480992138569,-0.0006863836065556563
2025-06-19,VVLU.AX,69.21561431884766,0.00357126066585578,0.0035648988564380983
2025-06-20,VVLU.AX,69.0261459350586,-0.002737364764491712,-0.0027411181986624067
2025-06-23,VVLU.AX,69.82193756103516,0.01152884338530602,0.011462892676649435
2025-06-24,VVLU.AX,70.10616302490234,0.004070718656564498,0.004062455697903648
2025-06-25,VVLU.AX,70.2482681274414,0.0020269987174821313,0.002024947127494182
2025-06-26,VVLU.AX,69.67036437988281,-0.008226590675661671,-0.008260615808453617
2025-06-27,VVLU.AX,70.2387924194336,0.008158821108662284,0.008125717861478386
2025-06-30,VVLU.AX,70.76931762695312,0.007553165270147044,0.007524782945345221
2025-07-01,VVLU.AX,70.11328887939453,-0.009269960055524717,-0.009313193524349811
2025-07-02,VVLU.AX,71.66368103027344,0.022112671872315248,0.021871732155225705
2025-07-03,VVLU.AX,72.29569244384766,0.008819131315725093,0.00878046991750232
2025-07-04,VVLU.AX,72.17719268798828,-0.001639098428324992,-0.0016404432198518762
2025-07-07,VVLU.AX,72.37469482421875,0.002736351039368312,0.00273261404646036
2025-07-08,VVLU.AX,71.92044067382812,-0.006276422325426023,-0.00629620187064928
2025-07-09,VVLU.AX,72.39444732666016,0.006590708404885071,0.006569084644844373
2025-07-10,VVLU.AX,72.33519744873047,-0.0008184312487715673,-0.0008187663464748133
2025-07-11,VVLU.AX,72.48332214355469,0.002047754067847851,0.0020456602773780527
2025-07-14,VVLU.AX,71.74269104003906,-0.01021795195933195,-0.010270513585114015
2025-07-15,VVLU.AX,72.2463150024414,0.007019864394566255,0.006995339852257641
2025-07-16,VVLU.AX,71.15018463134766,-0.015172128447751398,-0.015288402773703464
2025-07-17,VVLU.AX,71.68343353271484,0.007494694555328696,0.007466748874789872
2025-07-18,VVLU.AX,72.19694519042969,0.0071636029750232755,0.007138066255318372
2025-07-21,VVLU.AX,71.60443878173828,-0.008206807187320586,-0.008240668418413446
2025-07-22,VVLU.AX,71.60443878173828,0.0,0.0
2025-07-23,VVLU.AX,72.65119171142578,0.014618548060661096,0.014512727139140882
2025-07-24,VVLU.AX,72.92769622802734,0.0038059185278040975,0.003798694343852626
2025-07-25,VVLU.AX,72.55244445800781,-0.005145531662569036,-0.005158815498472996
2025-07-28,VVLU.AX,73.53008270263672,0.013474918066954222,0.0133849387664419
2025-07-29,VVLU.AX,72.94745635986328,-0.007923645960383863,-0.007955204861287033
2025-07-30,VVLU.AX,72.90795135498047,-0.000541554248141618,-0.0005417009416074954
2025-07-31,VVLU.AX,72.17719268798828,-0.010023031142847638,-0.010073599904761563
2025-08-01,VVLU.AX,71.89081573486328,-0.003967693151532892,-0.003975585328747291
2025-08-04,VVLU.AX,70.89342498779297,-0.013873687993035677,-0.013970827100571768
2025-08-05,VVLU.AX,71.93031311035156,0.014626012535536637,0.014520084039359338
2025-08-06,VVLU.AX,72.25618743896484,0.004530417212467164,0.004520185762593658
2025-08-07,VVLU.AX,71.74269104003906,-0.007106607989240121,-0.007131980206189297
2025-08-08,VVLU.AX,71.93031311035156,0.0026152081500230295,0.0026117944435956977
2025-08-11,VVLU.AX,72.65119171142578,0.01002190272643877,0.00997201648579421
2025-08-12,VVLU.AX,72.62157440185547,-0.0004076644700882204,-0.0004077475878385099
2025-08-13,VVLU.AX,73.7868423461914,0.016045754363405385,0.015918381964547413
2025-08-14,VVLU.AX,74.7052230834961,0.012446402476417706,0.012369582771646591
2025-08-15,VVLU.AX,75.31747436523438,0.008195561922812011,0.008162160675760423
2025-08-18,VVLU.AX,74.82372283935547,-0.00655560386271814,-0.006577186208972138
2025-08-19,VVLU.AX,75.04096984863281,0.00290345095156197,0.002899244078846453
2025-08-20,VVLU.AX,75.77173614501953,0.009738230967173855,0.009691120000713715
2025-08-21,VVLU.AX,75.75198364257812,-0.0002606843058683417,-0.00026071828992820705
2025-08-22,VVLU.AX,75.97911834716797,0.002998399430192311,0.0029939131960649086
2025-08-25,VVLU.AX,77.02587127685547,0.013776850172235733,0.01368281208661294
2025-08-26,VVLU.AX,76.69012451171875,-0.004358883055407992,-0.004368410682775993
2025-08-27,VVLU.AX,76.68024444580078,-0.00012883100635019407,-0.000128839305777116
2025-08-28,VVLU.AX,76.94686889648438,0.0034770944277837668,0.003471063311417844
2025-08-29,VVLU.AX,76.38398742675781,-0.0073151965479426595,-0.007342083802155949
2025-09-01,VVLU.AX,76.43336486816406,0.0006464370749641457,0.0006462282245191352
2025-09-02,VVLU.AX,76.5419921875,0.0014212028938318522,0.0014201939408372802
2025-09-03,VVLU.AX,75.84085845947266,-0.009160118622335012,-0.009202330483767404
2025-09-04,VVLU.AX,76.1766128540039,0.004427091166309349,0.004417320424906841
2025-09-05,VVLU.AX,76.66048431396484,0.006351968692652532,0.0063318799632921
2025-09-08,VVLU.AX,76.53211975097656,-0.001674455413855247,-0.0016758588812362534
2025-09-09,VVLU.AX,76.03836059570312,-0.0064516592102773496,-0.006472561113365231
2025-09-10,VVLU.AX,75.65322875976562,-0.0050649676415993605,-0.005077838067457779
2025-09-11,VVLU.AX,75.68285369873047,0.00039158856073306936,0.00039151190994234986
2025-09-12,VVLU.AX,76.23585510253906,0.007306825480047463,0.0072802599586782625
2025-09-15,VVLU.AX,75.77173614501953,-0.0060879353539785575,-0.006106542389807605
2025-09-16,VVLU.AX,75.80136108398438,0.00039097611420890743,0.00039089970296396547
2025-09-17,VVLU.AX,75.22859954833984,-0.007556085107890631,-0.00758477694230785
2025-09-18,VVLU.AX,76.1766128540039,0.012601767298019428,0.012523025859298046
2025-09-19,VVLU.AX,77.05549621582031,0.011537443434257444,0.011471394670882155
2025-09-22,VVLU.AX,76.21611785888672,-0.010893166589734604,-0.010952931544945305
2025-09-23,VVLU.AX,76.26548767089844,0.0006477607807724439,0.0006475510743127504
2025-09-24,VVLU.AX,76.06798553466797,-0.002589665945397668,-0.002593024930604988
2025-09-25,VVLU.AX,76.3346176147461,0.0035051812954427497,0.00349905246508458
2025-09-26,VVLU.AX,76.255615234375,-0.0010349482690777956,-0.0010354841978419025
2025-09-29,VVLU.AX,76.97649383544922,0.009453449412984982,0.009409045189447154
2025-09-30,VVLU.AX,76.18649291992188,-0.010262885150577383,-0.010315911671776179
2025-10-01,VVLU.AX,75.88634490966797,-0.003939648601089751,-0.003947429459261113
2025-10-02,VVLU.AX,76.62984466552734,0.009797543375483553,0.009749858656478361
2025-10-03,VVLU.AX,77.00654602050781,0.004915856956577258,0.004903813584637908
2025-10-06,VVLU.AX,77.48238372802734,0.006179185174632007,0.006160172292468694
2025-10-07,VVLU.AX,76.62984466552734,-0.011003005089421536,-0.011063985877106481
2025-10-08,VVLU.AX,76.7388916015625,0.001423034804665546,0.0014220232501756835
2025-10-09,VVLU.AX,76.29278564453125,-0.005813296852754779,-0.005830259835419629
2025-10-10,VVLU.AX,76.00530242919922,-0.003768157275990558,-0.003775274665874258
2025-10-13,VVLU.AX,75.3212890625,-0.008999547989910206,-0.009040288537127156
2025-10-14,VVLU.AX,75.6087646484375,0.0038166578070504276,0.003809392848016729
2025-10-15,VVLU.AX,76.75871276855469,0.01520919069983706,0.01509469046988796
2025-10-16,VVLU.AX,76.93714904785156,0.002324638765567988,0.002321940972992672
2025-10-17,VVLU.AX,76.0350341796875,-0.011725348278800785,-0.011794632293591168
2025-10-20,VVLU.AX,76.31261444091797,0.0036506889781160456,0.003644041387054419
2025-10-21,VVLU.AX,77.04619598388672,0.009612847736159003,0.009566938294522742
2025-10-22,VVLU.AX,77.27420043945312,0.002959321387055791,0.002954951215225609
2025-10-23,VVLU.AX,77.25437927246094,-0.0002565043297694247,-0.00025653723263162467
2025-10-24,VVLU.AX,77.25437927246094,0.0,0.0
2025-10-27,VVLU.AX,77.98796081542969,0.009495662898041601,0.00945086247429635
2025-10-28,VVLU.AX,77.25437927246094,-0.009406343431710984,-0.009450862474296468
2025-10-29,VVLU.AX,76.6397476196289,-0.007955945780942053,-0.007987763188318597
2025-10-30,VVLU.AX,76.34235382080078,-0.00388041203246281,-0.0038879603646538884
2025-10-31,VVLU.AX,75.93590545654297,-0.00532402190809933,-0.005338245017965406
2025-11-03,VVLU.AX,76.36217498779297,0.0056135437996975845,0.005597846579990417
2025-11-04,VVLU.AX,76.23330688476562,-0.001687590787558646,-0.001689016372987423
2025-11-05,VVLU.AX,76.24322509765625,0.000130103406187132,0.00013009494347299193
2025-11-06,VVLU.AX,76.8281021118164,0.007671199813636065,0.0076419257763560905
2025-11-07,VVLU.AX,76.70914459228516,-0.0015483594708368686,-0.0015495594181554836
2025-11-10,VVLU.AX,77.00654602050781,0.003877000973004918,0.0038695047736671067
2025-11-11,VVLU.AX,77.16515350341797,0.002059662341795221,0.0020575441453284478
2025-11-12,VVLU.AX,77.99787139892578,0.01079137224124005,0.010733560920919125
2025-11-13,VVLU.AX,78.07718658447266,0.0010168891038220274,0.0010163724223394718
2025-11-14,VVLU.AX,77.86900329589844,-0.0026663779483009353,-0.0026699390655808126
2025-11-17,VVLU.AX,77.57160186767578,-0.0038192530485146037,-0.0038265650188865014
2025-11-18,VVLU.AX,76.24322509765625,-0.017124524156217902,-0.017272844535987243
2025-11-19,VVLU.AX,76.46131134033203,0.002860401594980244,0.0028563184308109876
2025-11-20,VVLU.AX,76.67940521240234,0.0028523428155655672,0.0028482826047065983
2025-11-21,VVLU.AX,76.1639175415039,-0.006722635230027363,-0.006745333929492898
2025-11-24,VVLU.AX,77.54186248779297,0.018091833912537103,0.017930124189835514
2025-11-25,VVLU.AX,77.85909271240234,0.004091083376535076,0.004082737649239101
2025-11-26,VVLU.AX,79.07842254638672,0.015660724926353398,0.015539361229430277
2025-11-27,VVLU.AX,79.19738006591797,0.0015042980841135645,0.0015031677611704018
2025-11-28,VVLU.AX,79.2568588256836,0.0007510192851849506,0.0007507374113212336
2025-12-01,VVLU.AX,78.80084991455078,-0.005753557709569979,-0.005770173185446165
2025-12-02,VVLU.AX,79.13790893554688,0.004277352609287632,0.004268230739002002
2025-12-03,VVLU.AX,79.30642700195312,0.0021294227845152225,0.0021271587772670082
2025-12-04,VVLU.AX,79.35600280761719,0.0006251171252846799,0.0006249218209623303
2025-12-05,VVLU.AX,79.0189437866211,-0.004247429420219495,-0.004256475372341799
2025-12-08,VVLU.AX,79.0486831665039,0.00037635759803511526,0.00037628679327903077
2025-12-09,VVLU.AX,78.57284545898438,-0.006019552615661561,-0.006037743158531134
2025-12-10,VVLU.AX,78.90989685058594,0.004289667627953131,0.004280493231158424
2025-12-11,VVLU.AX,80.16889190673828,0.015954843516475803,0.01582890281076656
2025-12-12,VVLU.AX,81.09082794189453,0.011499922391702055,0.011434300899710636
2025-12-15,VVLU.AX,80.88264465332031,-0.002567285275757558,-0.0025705864037697574
2025-12-16,VVLU.AX,80.8033447265625,-0.0009804319220484414,-0.0009809128598021748
2025-12-17,VVLU.AX,80.6249008178711,-0.002208372800597047,-0.0022108148517789557
2025-12-18,VVLU.AX,80.88264465332031,0.0031968266978890103,0.0031917277115811357
2025-12-19,VVLU.AX,80.77360534667969,-0.0013481174744963687,-0.0013490270023844152
2025-12-22,VVLU.AX,80.8628158569336,0.0011044512606688262,0.001103841803078089
2025-12-23,VVLU.AX,80.56541442871094,-0.00367785149541211,-0.0036846314200321747
2025-12-24,VVLU.AX,79.92105865478516,-0.00799792042894465,-0.008030075357671912
2025-12-25,VVLU.AX,79.92105865478516,0.0,0.0
2025-12-26,VVLU.AX,79.92105865478516,0.0,0.0
2025-12-29,VVLU.AX,80.39689636230469,0.0059538464020463255,0.0059361922971190246
2025-12-30,VVLU.AX,80.23828125,-0.001972900938736477,-0.001974849671319579
2025-12-31,VVLU.AX,80.31758117675781,0.0009883054013923864,0.0009878173491458205
2026-01-01,VVLU.AX,80.31758117675781,0.0,0.0
2026-01-02,VVLU.AX,79.9800033569336,-0.004203037677159349,-0.0042118952679215
2026-01-05,VVLU.AX,80.56999969482422,0.007376798113618355,0.0073497226105602624
2026-01-06,VVLU.AX,80.94000244140625,0.004592314111747431,0.004581801609485255
2026-01-07,VVLU.AX,81.19999694824219,0.0032121880280908677,0.003207039973527143
2026-01-08,VVLU.AX,80.91999816894531,-0.003448260958376026,-0.0034542199128248514
2026-01-09,VVLU.AX,81.76000213623047,0.010380672099514765,0.010327162911874998
2026-01-12,VVLU.AX,82.0,0.002935394538880365,0.0029310946807957683
2026-01-13,VVLU.AX,82.0999984741211,0.0012194935868425905,0.0012187506085152738
2026-01-14,VVLU.AX,82.12000274658203,0.00024365740356557808,0.00024362772392143406
2026-01-15,VVLU.AX,83.11000061035156,0.0120555020781552,0.011983413312145566
2026-01-16,VVLU.AX,83.2699966430664,0.001925111677774538,0.0019232610250500565
2026-01-19,VVLU.AX,82.05000305175781,-0.014651058490347313,-0.014759445203906747
2026-01-20,VVLU.AX,81.25,-0.00975018917736259,-0.009798033520131888
2026-01-21,VVLU.AX,81.16999816894531,-0.0009846379206730482,-0.0009851229950316744
2026-01-22,VVLU.AX,82.05000305175781,0.010841504283157333,0.010783156515163463
2026-01-23,VVLU.AX,81.66999816894531,-0.0046313817023601045,-0.004642139779957363
2026-01-26,VVLU.AX,81.66999816894531,0.0,0.0
2026-01-27,VVLU.AX,80.7699966430664,-0.011019977299584705,-0.011081147057456378
2026-01-28,VVLU.AX,80.05999755859375,-0.008790381502802758,-0.008829244822844879
2026-01-29,VVLU.AX,78.56999969482422,-0.018611015603379744,-0.01878637976611582
2026-01-30,VVLU.AX,79.80000305175781,0.01565487287401157,0.015533599394737353
2026-02-02,VVLU.AX,79.94999694824219,0.0018796226910804403,0.0018778584107915972
2026-02-03,VVLU.AX,80.79000091552734,0.010506616627252052,0.01045180571467049
2026-02-04,VVLU.AX,80.75,-0.0004951221076129331,-0.0004952447210377385
2026-02-05,VVLU.AX,82.63999938964844,0.023405565196884748,0.023135855322949726
2026-02-06,VVLU.AX,81.80000305175781,-0.010164524976942868,-0.010216536509462179
2026-02-09,VVLU.AX,82.55999755859375,0.009290886045017155,0.009247991245702136
2026-02-10,VVLU.AX,82.0,-0.006782916365717151,-0.0068060248977024635
2026-02-11,VVLU.AX,82.0,0.0,0.0
2026-02-12,VVLU.AX,82.2300033569336,0.0028049189869949753,0.002800992542259131
2026-02-13,VVLU.AX,81.18000030517578,-0.012769098977171267,-0.012851324636512274
2026-02-16,VVLU.AX,81.5,0.0039418538263273906,0.003934105076816972
2026-02-17,VVLU.AX,81.36000061035156,-0.0017177839220666735,-0.0017192610046496343
2026-02-18,VVLU.AX,81.5999984741211,0.0029498262287255272,0.002945484028397511
2026-02-19,VVLU.AX,82.1500015258789,0.006740233603463208,0.0067176197870141875
2026-02-20,VVLU.AX,82.2699966430664,0.001460683079229197,0.0014596173193988946
2026-02-23,VVLU.AX,81.98999786376953,-0.0034034130390410144,-0.0034092178236601912
2026-02-24,VVLU.AX,81.1500015258789,-0.010245107449402768,-0.010297949789526962
2026-02-25,VVLU.AX,80.86000061035156,-0.0035736402966654035,-0.0035800410029148415
2026-02-26,VVLU.AX,81.13999938964844,0.0034627600443157824,0.0034567784952223945
2026-02-27,VVLU.AX,81.13999938964844,0.0,0.0
2026-03-02,VVLU.AX,80.23999786376953,-0.011091958745981012,-0.011153933225430082
2026-03-03,VVLU.AX,79.61000061035156,-0.00785141164245251,-0.007882396263411032
2026-03-04,VVLU.AX,80.05000305175781,0.005526974475981161,0.0055117567986119245
2026-03-05,VVLU.AX,80.01000213623047,-0.0004996991130841177,-0.0004998240042930101
2026-03-06,VVLU.AX,80.22000122070312,0.0026246604032718057,0.0026212219972735185
2026-03-09,VVLU.AX,77.12999725341797,-0.038519121419405944,-0.03928060122271811
2026-03-10,VVLU.AX,77.87999725341797,0.009723843208963245,0.009676870901020448
2026-03-11,VVLU.AX,77.33000183105469,-0.007062088363634866,-0.00708714293775572
2026-03-12,VVLU.AX,75.7699966430664,-0.020173349942451457,-0.02037961066037219
2026-03-13,VVLU.AX,76.69000244140625,0.01214208577405329,0.012068961972484369
2024-03-14,^AORD,7974.0,-0.001940046310782928,-0.0019419306381429002
2024-03-15,^AORD,7923.7998046875,-0.006295484739465729,-0.006315384868120285
2024-03-18,^AORD,7925.2001953125,0.00017673220670855194,0.00017671659141189804
2024-03-19,^AORD,7957.7998046875,0.004113411468682049,0.004104974520240243
2024-03-20,^AORD,7954.5,-0.00041466294308589724,-0.00041474893953793117
2024-03-21,^AORD,8044.60009765625,0.011326934144980871,0.011263264761265185
2024-03-22,^AORD,8026.2998046875,-0.002274854280709615,-0.00227744569251093
2024-03-25,^AORD,8071.5,0.005631510959271946,0.005615713283535393
2024-03-26,^AORD,8036.7001953125,-0.004311442072415295,-0.004320763139930315
2024-03-27,^AORD,8073.60009765625,0.004591424520883791,0.004580916084835085
2024-03-28,^AORD,8153.7001953125,0.009921236708206882,0.009872344355079282
2024-03-29,^AORD,8153.7001953125,0.0,0.0
2024-04-01,^AORD,8153.7001953125,0.0,0.0
2024-04-02,^AORD,8145.7998046875,-0.0009689331758288011,-0.0009694028950205961
2024-04-03,^AORD,8033.60009765625,-0.013773933772185831,-0.013869674566130454
2024-04-04,^AORD,8072.5,0.0048421507009166476,0.004830465196013185
2024-04-05,^AORD,8026.0,-0.005760297305667406,-0.005776951805568262
2024-04-08,^AORD,8044.89990234375,0.0023548345805819437,0.0023520663026702763
2024-04-09,^AORD,8081.2001953125,0.004512211886958939,0.004502062378604655
2024-04-10,^AORD,8109.7001953125,0.003526703869622061,0.003520499632256382
2024-04-11,^AORD,8074.10009765625,-0.004389816737840335,-0.004399480274476067
2024-04-12,^AORD,8050.2001953125,-0.002960070107464685,-0.002964459779616963
2024-04-15,^AORD,8009.39990234375,-0.0050682333331918406,-0.005081120389263523
2024-04-16,^AORD,7862.2998046875,-0.0183659324605836,-0.01853668005542945
2024-04-17,^AORD,7861.0,-0.00016532118079815028,-0.00016533484785088347
2024-04-18,^AORD,7898.89990234375,0.004821257135701584,0.004809672096895848
2024-04-19,^AORD,7817.39990234375,-0.010317892492322511,-0.010371490945876373
2024-04-22,^AORD,7902.0,0.010822025061157037,0.010763886026560232
2024-04-23,^AORD,7937.89990234375,0.004543141273569917,0.004532852358148788
2024-04-24,^AORD,7937.5,-5.0378859480448845e-05,-5.038012853781274e-05
2024-04-25,^AORD,7937.5,0.0,0.0
2024-04-26,^AORD,7837.39990234375,-0.012611035925196856,-0.012691229972110429
2024-04-29,^AORD,7906.60009765625,0.00882948377966608,0.008790731827196233
2024-04-30,^AORD,7932.0,0.0032124936167290397,0.0032073445836537707
2024-05-01,^AORD,7831.89990234375,-0.012619780339920617,-0.012700086110636227
2024-05-02,^AORD,7849.39990234375,0.0022344514381194003,0.002231958763987024
2024-05-03,^AORD,7897.5,0.00612786942373611,0.006109170383202652
2024-05-06,^AORD,7952.2998046875,0.006938879985755042,0.006914916746192694
2024-05-07,^AORD,8065.5,0.014234900354960667,0.014134535495409538
2024-05-08,^AORD,8076.7001953125,0.0013886548028640977,0.0013876915134645178
2024-05-09,^AORD,7994.2001953125,-0.01021456758391015,-0.010267094277153851
2024-05-10,^AORD,8022.7001953125,0.0035650845992962754,0.0035587447487970374
2024-05-13,^AORD,8019.39990234375,-0.00041136935051844237,-0.0004114539861015011
2024-05-14,^AORD,7995.7001953125,-0.0029552968201926877,-0.0029596723325920568
2024-05-15,^AORD,8020.89990234375,0.003151657317769896,0.003146701256320143
2024-05-16,^AORD,8150.10009765625,0.016107942610622317,0.015979586239921805
2024-05-17,^AORD,8082.2998046875,-0.008318952179280248,-0.008353747771582508
2024-05-20,^AORD,8132.10009765625,0.006161648809397846,0.0061427434703343374
2024-05-21,^AORD,8120.2001953125,-0.001463324627199225,-0.0014643963323107561
2024-05-22,^AORD,8118.2998046875,-0.000234032484334179,-0.00023405987420953788
2024-05-23,^AORD,8083.10009765625,-0.004335847145103711,-0.004345274189688092
2024-05-24,^AORD,7999.2001953125,-0.010379668856021929,-0.010433913304898533
2024-05-27,^AORD,8058.60009765625,0.007425730184694945,0.007398295183205919
2024-05-28,^AORD,8034.89990234375,-0.002940981687302391,-0.0029453148719080875
2024-05-29,^AORD,7935.7001953125,-0.012346103652431828,-0.012422949946736806
2024-05-30,^AORD,7895.89990234375,-0.005015347352998467,-0.00502796641787807
2024-05-31,^AORD,7970.7998046875,0.009485923488153247,0.009441214630101929
2024-06-03,^AORD,8024.10009765625,0.006686944130425365,0.006664685691716772
2024-06-04,^AORD,7994.10009765625,-0.0037387370091211958,-0.0037457435555410612
2024-06-05,^AORD,8022.2001953125,0.003515104553730719,0.0035089410131555845
2024-06-06,^AORD,8074.2998046875,0.006494428972919852,0.006473431033130723
2024-06-07,^AORD,8112.7998046875,0.004768215316657942,0.004756883385785383
2024-06-10,^AORD,8112.7998046875,0.0,0.0
2024-06-11,^AORD,8005.89990234375,-0.013176696691317824,-0.013264279578726688
2024-06-12,^AORD,7963.10009765625,-0.005346032951894619,-0.005360374121133999
2024-06-13,^AORD,8002.5,0.0049478095039074965,0.004935609320703132
2024-06-14,^AORD,7974.7998046875,-0.0034614427132145797,-0.0034674473665564044
2024-06-17,^AORD,7943.60009765625,-0.003912287179035023,-0.003919960193750306
2024-06-18,^AORD,8015.7998046875,0.009089041007055876,0.009047984263935382
2024-06-19,^AORD,8010.5,-0.00066116979174069,-0.0006613884608777095
2024-06-20,^AORD,8012.10009765625,0.00019975003511008005,0.00019973008772809943
2024-06-21,^AORD,8039.89990234375,0.0034697275806168104,0.0034637219637685653
2024-06-24,^AORD,7975.10009765625,-0.008059777543823587,-0.008092433133738057
2024-06-25,^AORD,8076.89990234375,0.012764705576224333,0.012683923435848909
2024-06-26,^AORD,8022.89990234375,-0.006685733468645649,-0.006708183102111444
2024-06-27,^AORD,8002.7998046875,-0.0025053406998606365,-0.0025084843175250146
2024-06-28,^AORD,8013.7998046875,0.0013745189519243084,0.0013735751654856182
2024-07-01,^AORD,7992.2998046875,-0.002682872111108181,-0.002686477462398514
2024-07-02,^AORD,7959.7001953125,-0.004078877190753061,-0.004087218500166101
2024-07-03,^AORD,7986.10009765625,0.003316695565908079,0.0033112074627332016
2024-07-04,^AORD,8079.2001953125,0.011657767435643951,0.01159033920068522
2024-07-05,^AORD,8070.10009765625,-0.0011263612036164217,-0.0011269960251339176
2024-07-08,^AORD,8012.2001953125,-0.007174620096789819,-0.007200481454742976
2024-07-09,^AORD,8075.2001953125,0.007863008719734443,0.007832256365502464
2024-07-10,^AORD,8058.2998046875,-0.002092875745026146,-0.002095068869961133
2024-07-11,^AORD,8133.39990234375,0.009319595879587972,0.009276436391340516
2024-07-12,^AORD,8206.099609375,0.008938415411038791,0.008898704237226374
2024-07-15,^AORD,8262.400390625,0.006860845460086695,0.006837416958382237
2024-07-16,^AORD,8243.2998046875,-0.0023117478014225146,-0.0023144240156549967
2024-07-17,^AORD,8303.5,0.007302924403922217,0.00727638717276975
2024-07-18,^AORD,8272.7001953125,-0.0037092556978984836,-0.003716152045641236
2024-07-19,^AORD,8209.2001953125,-0.0076758492996011896,-0.007705460254310015
2024-07-22,^AORD,8166.39990234375,-0.005213698283687784,-0.005227337034793925
2024-07-23,^AORD,8208.599609375,0.00516747986087962,0.005154174254773181
2024-07-24,^AORD,8205.5,-0.0003776051363816313,-0.0003776764471532496
2024-07-25,^AORD,8094.2998046875,-0.013551909732801182,-0.013644575008161257
2024-07-26,^AORD,8153.39990234375,0.007301446583684035,0.007274920065620113
2024-07-29,^AORD,8224.2998046875,0.008695746951326244,0.0086581567034767
2024-07-30,^AORD,8176.60009765625,-0.005799850219961988,-0.005816734667745945
2024-07-31,^AORD,8320.400390625,0.01758680762802234,0.01743394931766258
2024-08-01,^AORD,8343.7998046875,0.0028122942363284498,0.0028083471354336223
2024-08-02,^AORD,8170.39990234375,-0.020781886718606923,-0.021000869354523707
2024-08-05,^AORD,7859.39990234375,-0.03806423231631384,-0.03880760010519463
2024-08-06,^AORD,7890.10009765625,0.0039061754960891815,0.0038985662016422363
2024-08-07,^AORD,7913.10009765625,0.0029150454006068305,0.0029108048946092707
2024-08-08,^AORD,7886.5,-0.003361526750322419,-0.0033671893749730258
2024-08-09,^AORD,7990.7001953125,0.013212476423318353,0.013125952949668925
2024-08-12,^AORD,8028.5,0.004730474647224758,0.004719321112541702
2024-08-13,^AORD,8042.2001953125,0.001706445203026652,0.0017049908796582165
2024-08-14,^AORD,8070.2001953125,0.0034816342940977574,0.003475587436651739
2024-08-15,^AORD,8083.7998046875,0.0016851638182282525,0.001683745522830954
2024-08-16,^AORD,8189.89990234375,0.013125027860626526,0.013039641007496173
2024-08-19,^AORD,8194.7998046875,0.0005982859866635604,0.0005981070849553415
2024-08-20,^AORD,8207.599609375,0.0015619423283750322,0.0015607237651750524
2024-08-21,^AORD,8234.0,0.0032165787662015166,0.003211416643343008
2024-08-22,^AORD,8258.099609375,0.0029268410705611814,0.0029225662104278754
2024-08-23,^AORD,8249.099609375,-0.0010898391186493495,-0.001090433425139832
2024-08-26,^AORD,8311.5,0.007564509289484489,0.0075360418603761204
2024-08-27,^AORD,8297.099609375,-0.001732586250977608,-0.0017340889144496913
2024-08-28,^AORD,8291.2998046875,-0.0006990159164711462,-0.0006992603420084178
2024-08-29,^AORD,8263.599609375,-0.003340874888740575,-0.0033464680721434184
2024-08-30,^AORD,8316.7001953125,0.0064258420600700195,0.006405284357017041
2024-09-02,^AORD,8330.7998046875,0.0016953369778733851,0.0016939015163041633
2024-09-03,^AORD,8322.7001953125,-0.0009722487113953404,-0.0009727216517423567
2024-09-04,^AORD,8157.0,-0.01990942740023549,-0.020110290567910943
2024-09-05,^AORD,8187.7001953125,0.0037636625367782894,0.003756597679875838
2024-09-06,^AORD,8214.7998046875,0.00330979502528872,0.0033043297097963774
2024-09-09,^AORD,8191.89990234375,-0.0027876397341640713,-0.0027915324377944142
2024-09-10,^AORD,8217.0,0.003064014203721932,0.0030593296787297334
2024-09-11,^AORD,8195.2001953125,-0.0026530126186564695,-0.002656538093433733
2024-09-12,^AORD,8293.099609375,0.011945945398441404,0.011875155800810895
2024-09-13,^AORD,8323.5,0.0036657452649710986,0.0036590427955005295
2024-09-16,^AORD,8341.099609375,0.002114448173845096,0.0021122158744722053
2024-09-17,^AORD,8361.2001953125,0.002409824469055355,0.002406925498475604
2024-09-18,^AORD,8364.2998046875,0.00037071345053285576,0.0003706447532791257
2024-09-19,^AORD,8417.0,0.006300610516491334,0.006280844651283581
2024-09-20,^AORD,8437.2001953125,0.002399928158785869,0.0023970529305108934
2024-09-23,^AORD,8384.2001953125,-0.006281704685571543,-0.006301517608651305
2024-09-24,^AORD,8385.099609375,0.00010727487912354228,0.00010726912558516654
2024-09-25,^AORD,8372.7998046875,-0.0014668644691767652,-0.001467941368100909
2024-09-26,^AORD,8462.7998046875,0.010749092549616979,0.010691731739296871
2024-09-27,^AORD,8476.7998046875,0.001654298851810898,0.0016529320067045759
2024-09-30,^AORD,8538.400390625,0.007266962457157078,0.007240685312036597
2024-10-01,^AORD,8481.900390625,-0.006617164505664963,-0.006639155002218412
2024-10-02,^AORD,8469.900390625,-0.0014147772842585393,-0.0014157790265802315
2024-10-03,^AORD,8474.2998046875,0.0005194174499820736,0.0005192825994321992
2024-10-04,^AORD,8416.599609375,-0.006808845172150191,-0.006832131118903587
2024-10-07,^AORD,8479.0,0.007413966865608579,0.007386618503315482
2024-10-08,^AORD,8443.7001953125,-0.004163203760761847,-0.0041718940214758955
2024-10-09,^AORD,8456.7998046875,0.0015514062640775705,0.001550204076606293
2024-10-10,^AORD,8498.7001953125,0.004954639058828647,0.004942405227565239
2024-10-11,^AORD,8491.5,-0.0008472113555048066,-0.0008475704418742801
2024-10-14,^AORD,8529.5,0.0044750632985928185,0.004465079975750039
2024-10-15,^AORD,8598.599609375,0.008101249706899516,0.008068610742598502
2024-10-16,^AORD,8556.599609375,-0.004884516305911912,-0.0048964845442919765
2024-10-17,^AORD,8624.099609375,0.007888647720064368,0.007857695015397055
2024-10-18,^AORD,8551.2001953125,-0.008452988412060214,-0.008488917534180575
2024-10-21,^AORD,8604.099609375,0.006186197592648712,0.006167141621276259
2024-10-22,^AORD,8469.0,-0.01570177188880939,-0.015826350499774648
2024-10-23,^AORD,8476.2998046875,0.0008619441123509652,0.0008615728518464443
2024-10-24,^AORD,8453.900390625,-0.002642593416777528,-0.0026460912303190158
2024-10-25,^AORD,8467.2998046875,0.0015849978641053752,0.0015837430807017962
2024-10-28,^AORD,8478.2001953125,0.0012873514433686672,0.0012865235169779428
2024-10-29,^AORD,8505.900390625,0.003267225905778437,0.0032619001204283933
2024-10-30,^AORD,8439.5,-0.007806391748742425,-0.007837021132251954
2024-10-31,^AORD,8422.099609375,-0.0020617798003436105,-0.002063908194339196
2024-11-01,^AORD,8379.7001953125,-0.005034304511823073,-0.005047019314190729
2024-11-04,^AORD,8422.7998046875,0.005143335485809919,0.005130153715375448
2024-11-05,^AORD,8387.7998046875,-0.004155387853397863,-0.004164045469663226
2024-11-06,^AORD,8456.0,0.008130880195112322,0.008098002683908732
2024-11-07,^AORD,8481.599609375,0.0030273899450095065,0.0030228166278879294
2024-11-08,^AORD,8552.599609375,0.008371062449295641,0.008336219419771782
2024-11-11,^AORD,8518.900390625,-0.003940231074661793,-0.003948014236821562
2024-11-12,^AORD,8515.2001953125,-0.0004343512827749141,-0.00043444564061729396
2024-11-13,^AORD,8450.900390625,-0.007551179445304923,-0.007579833942116343
2024-11-14,^AORD,8479.900390625,0.0034315870096126577,0.003425712550219965
2024-11-15,^AORD,8539.0,0.006969375423364399,0.0069452015792080815
2024-11-18,^AORD,8554.400390625,0.0018035356159971094,0.0018019111984746662
2024-11-19,^AORD,8629.2001953125,0.008744014924701782,0.008706007424273304
2024-11-20,^AORD,8579.099609375,-0.005805936216975893,-0.005822856187284084
2024-11-21,^AORD,8567.0,-0.0014103588868205064,-0.0014113543790262668
2024-11-22,^AORD,8633.099609375,0.00771560749095368,0.0076859944158488664
2024-11-25,^AORD,8661.2001953125,0.0032549822438032727,0.0032496962565233857
2024-11-26,^AORD,8612.599609375,-0.005611299224304145,-0.005627101706492857
2024-11-27,^AORD,8659.599609375,0.005457121209819116,0.0054422850744545856
2024-11-28,^AORD,8700.0,0.00466538782939363,0.0046545386382972585
2024-11-29,^AORD,8699.099609375,-0.00010349317528735025,-0.00010349853107554398
2024-12-02,^AORD,8705.0,0.000678276015904089,0.0006780460906898447
2024-12-03,^AORD,8754.7001953125,0.005709384872199852,0.005693148106372449
2024-12-04,^AORD,8728.5,-0.0029927004612365637,-0.00299718754382754
2024-12-05,^AORD,8744.5,0.0018330755570830082,0.0018313975244115277
2024-12-06,^AORD,8689.2998046875,-0.006312561645891668,-0.0063325701107145305
2024-12-09,^AORD,8687.0,-0.000264670887090257,-0.00026470591861084566
2024-12-10,^AORD,8650.0,-0.004259237941752092,-0.004268334333995558
2024-12-11,^AORD,8610.400390625,-0.004577989523121384,-0.0045885006091879186
2024-12-12,^AORD,8586.900390625,-0.0027292575181041556,-0.002732988731912766
2024-12-13,^AORD,8550.2998046875,-0.004262374579011019,-0.004271484393045809
2024-12-16,^AORD,8494.0,-0.006584541591937554,-0.006606315318562086
2024-12-17,^AORD,8558.599609375,0.007605322507063805,0.007576547843485754
2024-12-18,^AORD,8558.599609375,0.0,0.0
2024-12-19,^AORD,8415.0,-0.01677840019735266,-0.016920752091795836
2024-12-20,^AORD,8316.7001953125,-0.01168149788324424,-0.011750262620976858
2024-12-23,^AORD,8452.7001953125,0.016352639485147424,0.016220375043269782
2024-12-24,^AORD,8471.5,0.002224118240692574,0.0022216485509616948
2024-12-25,^AORD,8471.5,0.0,0.0
2024-12-26,^AORD,8471.5,0.0,0.0
2024-12-27,^AORD,8520.099609375,0.005736836377855159,0.005720443398055616
2024-12-30,^AORD,8496.0,-0.0028285595802756136,-0.00283256751449652
2024-12-31,^AORD,8420.5,-0.008886534839924631,-0.008926255585611043
2025-01-01,^AORD,8420.5,0.0,0.0
2025-01-02,^AORD,8465.0,0.005284721809868831,0.0052708066711267595
2025-01-03,^AORD,8511.900390625,0.005540506866509087,0.0055252147165124185
2025-01-06,^AORD,8545.7001953125,0.0039708881843503185,0.003963025016829781
2025-01-07,^AORD,8542.900390625,-0.0003276273006904695,-0.000327680982239896
2025-01-08,^AORD,8599.400390625,0.006613678893178099,0.006591904472219033
2025-01-09,^AORD,8577.7998046875,-0.0025118711719771536,-0.002515031213222965
2025-01-10,^AORD,8543.7001953125,-0.003975332853579316,-0.0039832554929506185
2025-01-13,^AORD,8431.900390625,-0.013085642301545075,-0.013172013629065595
2025-01-14,^AORD,8471.7998046875,0.004731959844646916,0.00472079931626093
2025-01-15,^AORD,8456.7998046875,-0.0017705800828414775,-0.0017721494124457613
2025-01-16,^AORD,8569.099609375,0.01327923177574264,0.013191835629749326
2025-01-17,^AORD,8557.400390625,-0.0013652798174035308,-0.0013662126610518436
2025-01-20,^AORD,8594.400390625,0.004323742995657298,0.00431442247560856
2025-01-21,^AORD,8652.7001953125,0.006783463887846564,0.006760559718085135
2025-01-22,^AORD,8680.5,0.003212847326267143,0.0032076971604787195
2025-01-23,^AORD,8629.099609375,-0.005921362896722515,-0.0059389636808133564
2025-01-24,^AORD,8660.400390625,0.0036273519448071223,0.0036207889697667324
2025-01-27,^AORD,8660.400390625,0.0,0.0
2025-01-28,^AORD,8644.5,-0.0018359879344853614,-0.001837675426125669
2025-01-29,^AORD,8700.7001953125,0.006501266159118613,0.006480224079151955
2025-01-30,^AORD,8806.0,0.012102451793963631,0.012029802691716501
2025-01-31,^AORD,8789.7001953125,-0.0018509884950601574,-0.0018527036911301716
2025-02-03,^AORD,8628.400390625,-0.01835100186619798,-0.018521470231999543
2025-02-04,^AORD,8633.400390625,0.0005794816853228468,0.0005793138506459854
2025-02-05,^AORD,8683.400390625,0.005791460807759385,0.005774754769159945
2025-02-06,^AORD,8785.099609375,0.011711911713733647,0.011643858118815279
2025-02-07,^AORD,8780.2998046875,-0.0005463574576181074,-0.0005465067652398867
2025-02-10,^AORD,8747.599609375,-0.0037242686514009637,-0.0037312210068891774
2025-02-11,^AORD,8751.599609375,0.000457268299718816,0.00045716378442965737
2025-02-12,^AORD,8799.599609375,0.005484711611872806,0.0054697253530395775
2025-02-13,^AORD,8804.2001953125,0.0005228176441798293,0.000522681022651986
2025-02-14,^AORD,8825.099609375,0.0023738004133102564,0.002370987399917871
2025-02-17,^AORD,8811.900390625,-0.0014956452996834901,-0.0014967648935975551
2025-02-18,^AORD,8756.7001953125,-0.00626427817672881,-0.006283981093398211
2025-02-19,^AORD,8699.099609375,-0.006577887178132902,-0.006599616820505643
2025-02-20,^AORD,8601.7001953125,-0.01119649371039877,-0.011259646280142173
2025-02-21,^AORD,8570.900390625,-0.003580664750938878,-0.0035870906749404232
2025-02-24,^AORD,8560.099609375,-0.0012601687988130772,-0.0012609634792049415
2025-02-25,^AORD,8498.0,-0.007254542845154366,-0.00728098500255508
2025-02-26,^AORD,8477.2998046875,-0.0024358902462343623,-0.0024388618535338786
2025-02-27,^AORD,8506.099609375,0.003397285143976525,0.003391527407564864
2025-02-28,^AORD,8403.900390625,-0.012014815655034261,-0.012087576948965803
2025-03-03,^AORD,8478.7998046875,0.008912458570553117,0.00887297702336553
2025-03-04,^AORD,8420.900390625,-0.0068287275789304935,-0.006852150030365281
2025-03-05,^AORD,8363.099609375,-0.006863966864440019,-0.00688763223940176
2025-03-06,^AORD,8326.400390625,-0.0043882316920942355,-0.004397888241257621
2025-03-07,^AORD,8178.5,-0.017762824712528436,-0.017922477093582533
2025-03-10,^AORD,8191.7001953125,0.0016140117763037143,0.0016127106591208532
2025-03-11,^AORD,8103.39990234375,-0.010779238847056116,-0.010837755733701987
2025-03-12,^AORD,8002.60009765625,-0.012439199089550712,-0.012517213560021027
2025-03-13,^AORD,7966.60009765625,-0.004498537920262113,-0.0045086867901269366
2025-03-14,^AORD,8013.2998046875,0.005861936893881259,0.005844822591212419
2025-03-17,^AORD,8082.10009765625,0.008585762999720137,0.008549114954794086
2025-03-18,^AORD,8089.89990234375,0.0009650715276048327,0.0009646061454720989
2025-03-19,^AORD,8055.2998046875,-0.004276950033241578,-0.004286122346394279
2025-03-20,^AORD,8148.89990234375,0.0116196913740918,0.011552701197661112
2025-03-21,^AORD,8158.7001953125,0.0012026522703918463,0.0012019296634553282
2025-03-24,^AORD,8157.89990234375,-9.809074357336467e-05,-9.809555478497817e-05
2025-03-25,^AORD,8166.7001953125,0.0010787449066667065,0.0010781634794833845
2025-03-26,^AORD,8225.099609375,0.007150919302268521,0.007125472717800127
2025-03-27,^AORD,8185.5,-0.004814483867145447,-0.004826110828154108
2025-03-28,^AORD,8195.5,0.0012216724696108017,0.0012209268350183505
2025-03-31,^AORD,8053.2001953125,-0.017363163283204197,-0.01751567092443964
2025-04-01,^AORD,8126.89990234375,0.009151604982345685,0.009109982792638265
2025-04-02,^AORD,8133.10009765625,0.0007629225642009629,0.0007626316867167415
2025-04-03,^AORD,8052.7001953125,-0.009885517376937103,-0.00993470352598187
2025-04-04,^AORD,7847.60009765625,-0.025469729740545843,-0.025799698167583422
2025-04-07,^AORD,7524.2998046875,-0.0411973455509419,-0.04207000791399822
2025-04-08,^AORD,7704.39990234375,0.023935795001689186,0.023653824457913825
2025-04-09,^AORD,7561.7001953125,-0.01852184580759353,-0.018695523086013004
2025-04-10,^AORD,7913.89990234375,0.04657678801515819,0.045524636241801884
2025-04-11,^AORD,7853.7001953125,-0.007606832001175734,-0.007635911510211275
2025-04-14,^AORD,7959.7001953125,0.01349682281776765,0.013406552043403247
2025-04-15,^AORD,7969.89990234375,0.0012814184932814499,0.0012805981773079125
2025-04-16,^AORD,7961.7001953125,-0.0010288343808231293,-0.0010293639942021743
2025-04-17,^AORD,8021.89990234375,0.007561162258620691,0.007532719952555622
2025-04-18,^AORD,8021.89990234375,0.0,0.0
2025-04-21,^AORD,8021.89990234375,0.0,0.0
2025-04-22,^AORD,8013.7001953125,-0.0010221652141102489,-0.0010226879812393278
2025-04-23,^AORD,8125.2001953125,0.013913672496161045,0.013817765939386207
2025-04-24,^AORD,8175.10009765625,0.006141375122367787,0.006122593734643802
2025-04-25,^AORD,8175.10009765625,0.0,0.0
2025-04-28,^AORD,8203.900390625,0.0035229284809621397,0.003516737504405559
2025-04-29,^AORD,8287.900390625,0.010239032167673745,0.010186968364851737
2025-04-30,^AORD,8341.0,0.006406883151619969,0.006386446320241165
2025-05-01,^AORD,8365.7001953125,0.0029612990423810714,0.002956923033357532
2025-05-02,^AORD,8456.2001953125,0.01081798270164036,0.010759886937205887
2025-05-05,^AORD,8374.0,-0.009720701191306413,-0.009768255633086498
2025-05-06,^AORD,8369.2998046875,-0.0005612843697755387,-0.0005614419488146091
2025-05-07,^AORD,8399.7998046875,0.003644271410007116,0.0036376471418282856
2025-05-08,^AORD,8421.7001953125,0.002607251498158103,0.0026038585142660765
2025-05-09,^AORD,8462.599609375,0.004856431969077368,0.004844677544356475
2025-05-12,^AORD,8467.0,0.0005199809548031009,0.0005198458115523368
2025-05-13,^AORD,8510.7001953125,0.005161237192925494,0.005147963660554247
2025-05-14,^AORD,8520.2001953125,0.0011162418816295094,0.0011156193468835275
2025-05-15,^AORD,8529.7998046875,0.0011266882414666668,0.0011260540046167027
2025-05-16,^AORD,8579.900390625,0.005873594584244302,0.005856412276020151
2025-05-19,^AORD,8524.7998046875,-0.006422054269733302,-0.0064427643754859446
2025-05-20,^AORD,8573.400390625,0.005701082377415512,0.0056848927105498945
2025-05-21,^AORD,8611.7001953125,0.004467282868228173,0.004457334178186928
2025-05-22,^AORD,8571.400390625,-0.0046796571842382395,-0.0046906410604995495
2025-05-23,^AORD,8586.7001953125,0.0017849830821383694,0.0017833918930522882
2025-05-26,^AORD,8588.7998046875,0.0002445187705686358,0.00024448888072637465
2025-05-27,^AORD,8631.5,0.004971613762518423,0.00495929609972172
2025-05-28,^AORD,8624.900390625,-0.0007645958842611433,-0.0007648883367757527
2025-05-29,^AORD,8637.7998046875,0.0014956015117022492,0.0014944842136443888
2025-05-30,^AORD,8660.2998046875,0.0026048299924466,0.002601443302694337
2025-06-02,^AORD,8637.5,-0.002632680761832207,-0.0026361523602412705
2025-06-03,^AORD,8690.900390625,0.006182389652677367,0.006163357085982392
2025-06-04,^AORD,8770.2001953125,0.009124463648558345,0.00908308723141072
2025-06-05,^AORD,8768.599609375,-0.00018250278236009443,-0.00018251943801937928
2025-06-06,^AORD,8741.900390625,-0.0030448669045687327,-0.0030495119432146986
2025-06-09,^AORD,8741.900390625,0.0,0.0
2025-06-10,^AORD,8812.7001953125,0.00809890315879458,0.008066283048989709
2025-06-11,^AORD,8819.7001953125,0.0007943081966776955,0.0007939929008723556
2025-06-12,^AORD,8796.0,-0.0026871883156636134,-0.002690805287294557
2025-06-13,^AORD,8770.599609375,-0.00288772062585263,-0.002891898135317599
2025-06-16,^AORD,8775.0,0.0005017206144373176,0.0005015947947323093
2025-06-17,^AORD,8771.099609375,-0.00044448896011395345,-0.00044458777461417286
2025-06-18,^AORD,8757.900390625,-0.0015048533636412564,-0.001505986792703357
2025-06-19,^AORD,8741.400390625,-0.0018840132068255189,-0.0018857901919670133
2025-06-20,^AORD,8723.5,-0.0020477715040027045,-0.002049871054825561
2025-06-23,^AORD,8688.0,-0.004069467530234405,-0.004077770346239792
2025-06-24,^AORD,8774.7998046875,0.009990769416148737,0.009941191619473471
2025-06-25,^AORD,8779.900390625,0.000581276616108628,0.0005811077402956157
2025-06-26,^AORD,8773.599609375,-0.0007176369855775855,-0.0007178946102604943
2025-06-27,^AORD,8743.599609375,-0.0034193491081977445,-0.003425208442913136
2025-06-30,^AORD,8773.0,0.0033625042246303583,0.0033568636480716635
2025-07-01,^AORD,8772.0,-0.00011398609369661639,-0.000113992590605104
2025-07-02,^AORD,8828.7001953125,0.006463770555460657,0.006442969975897892
2025-07-03,^AORD,8833.599609375,0.0005549417189520955,0.0005547877957393542
2025-07-04,^AORD,8841.900390625,0.0009396827586787282,0.0009392415332215852
2025-07-07,^AORD,8826.400390625,-0.0017530168080647224,-0.0017545551401068977
2025-07-08,^AORD,8828.7001953125,0.0002605597509424129,0.0002605258111459426
2025-07-09,^AORD,8777.900390625,-0.005753939262143182,-0.005770556946081543
2025-07-10,^AORD,8826.7001953125,0.0055593937634128565,0.0055439973706196645
2025-07-11,^AORD,8820.2998046875,-0.0007251170293967046,-0.0007253800539065855
2025-07-14,^AORD,8815.2998046875,-0.000566874155155439,-0.0005670348890561305
2025-07-15,^AORD,8875.2998046875,0.006806348204753565,0.0067832895876648825
2025-07-16,^AORD,8816.400390625,-0.006636329516597539,-0.006658447862052826
2025-07-17,^AORD,8890.7998046875,0.008438751731558503,0.00840334452181396
2025-07-18,^AORD,9006.7998046875,0.013047195139726409,0.012962813657821873
2025-07-21,^AORD,8926.2001953125,-0.008948751068393102,-0.008989031628435932
2025-07-22,^AORD,8941.5,0.0017140333347591685,0.001712566056026675
2025-07-23,^AORD,9001.400390625,0.006699143390370699,0.006676803844336476
2025-07-24,^AORD,8979.400390625,-0.0024440641506084937,-0.002447055750830626
2025-07-25,^AORD,8934.2998046875,-0.005022672336182699,-0.005035328350675519
2025-07-28,^AORD,8963.5,0.0032683249891816146,0.0032629956239719885
2025-07-29,^AORD,8966.7001953125,0.0003570251924471801,0.00035696147411874035
2025-07-30,^AORD,9015.400390625,0.005431228239119568,0.005416532306322953
2025-07-31,^AORD,8999.0,-0.001819152773520183,-0.0018208094413863908
2025-08-01,^AORD,8917.099609375,-0.009101054631070138,-0.009142722234198689
2025-08-04,^AORD,8922.0,0.00054954983567157,0.000549398888460105
2025-08-05,^AORD,9028.7998046875,0.011970388330811543,0.011899309894499431
2025-08-06,^AORD,9111.099609375,0.009115254127660677,0.009073960940993763
2025-08-07,^AORD,9102.0,-0.0009987388751229176,-0.0009992379471159968
2025-08-08,^AORD,9076.599609375,-0.002790638389914335,-0.0027945394806052452
2025-08-11,^AORD,9117.599609375,0.004517110125431989,0.004506938602579478
2025-08-12,^AORD,9150.2998046875,0.003586491698854166,0.0035800755738443256
2025-08-13,^AORD,9103.099609375,-0.0051583222757707325,-0.005171672349231027
2025-08-14,^AORD,9149.099609375,0.005053223843956012,0.005040499157470612
2025-08-15,^AORD,9212.099609375,0.006885923499558855,0.006862323803532793
2025-08-18,^AORD,9233.5,0.002323074166851402,0.0023203800017492036
2025-08-19,^AORD,9173.7998046875,-0.0064656084163643435,-0.0064866009979256106
2025-08-20,^AORD,9177.400390625,0.00039248577624939607,0.0003924087738546879
2025-08-21,^AORD,9284.2001953125,0.011637261113353947,0.011570068976124434
2025-08-22,^AORD,9234.2998046875,-0.005374764608177429,-0.005389260620575171
2025-08-25,^AORD,9245.0,0.0011587446302174786,0.0011580738038194322
2025-08-26,^AORD,9207.2998046875,-0.0040779010613845035,-0.004086238373459441
2025-08-27,^AORD,9231.099609375,0.002584884297498702,0.0025815492300223964
2025-08-28,^AORD,9241.099609375,0.0010832945611207734,0.0010827082209822136
2025-08-29,^AORD,9243.0,0.00020564550814627935,0.00020562436600724327
2025-09-01,^AORD,9196.7998046875,-0.0049983982811316885,-0.005010932057133111
2025-09-02,^AORD,9168.0,-0.0031315028378481324,-0.0031364162531237277
2025-09-03,^AORD,9010.099609375,-0.017222991996618697,-0.017373032988719683
2025-09-04,^AORD,9091.400390625,0.009023294389043812,0.008982827714538028
2025-09-05,^AORD,9140.5,0.005400665163271423,0.005386133866800707
2025-09-08,^AORD,9126.900390625,-0.001487840859362155,-0.0014889487936631943
2025-09-09,^AORD,9080.7001953125,-0.0050619808845461245,-0.005074836110070572
2025-09-10,^AORD,9095.2001953125,0.0015967931644176314,0.0015955196457297124
2025-09-11,^AORD,9071.400390625,-0.0026167433565416065,-0.002620173013766942
2025-09-12,^AORD,9128.7001953125,0.006316533525156487,0.0062966678382345865
2025-09-15,^AORD,9120.900390625,-0.0008544266457020111,-0.0008547918762050561
2025-09-16,^AORD,9151.2001953125,0.0033220190320950582,0.0033165133168944557
2025-09-17,^AORD,9094.900390625,-0.006152177144626125,-0.006171179764848597
2025-09-18,^AORD,9030.900390625,-0.007036910493925963,-0.007061786316558824
2025-09-19,^AORD,9061.2001953125,0.0033551255552497494,0.0033495096793107956
2025-09-22,^AORD,9102.099609375,0.0045136861763255265,0.004503530044469997
2025-09-23,^AORD,9137.7998046875,0.003922193432790877,0.003914521685636698
2025-09-24,^AORD,9057.599609375,-0.008776751190298415,-0.008815493726674775
2025-09-25,^AORD,9063.400390625,0.0006404325097342234,0.0006402275203510352
2025-09-26,^AORD,9079.2001953125,0.0017432535258889992,0.001741735823032479
2025-09-29,^AORD,9148.5,0.0076328094101592026,0.0076038269056092475
2025-09-30,^AORD,9135.900390625,-0.0013772322648522017,-0.0013781815208719912
2025-10-01,^AORD,9136.599609375,7.653528608053684e-05,7.653235740495951e-05
2025-10-02,^AORD,9240.2998046875,0.011349976987728994,0.011286049262954302
2025-10-03,^AORD,9288.099609375,0.005172971191178322,0.005159637339690804
2025-10-06,^AORD,9280.0,-0.0008720416140697296,-0.0008724220635526656
2025-10-07,^AORD,9253.599609375,-0.002844869679418105,-0.002848924012356146
2025-10-08,^AORD,9244.7998046875,-0.0009509601732264894,-0.0009514126227157268
2025-10-09,^AORD,9276.599609375,0.0034397504931773515,0.003433848082789678
2025-10-10,^AORD,9264.2998046875,-0.0013258958244861674,-0.0013267756021031606
2025-10-13,^AORD,9183.2998046875,-0.00874324036437335,-0.008781686751789275
2025-10-14,^AORD,9208.5,0.002744132920460274,0.002740374661588995
2025-10-15,^AORD,9299.0,0.009827876418526449,0.009779896942536646
2025-10-16,^AORD,9375.900390625,0.008269748427250256,0.008235741415375366
2025-10-17,^AORD,9293.2001953125,-0.008820507030470659,-0.008859637975728907
2025-10-20,^AORD,9324.599609375,0.0033787514959957576,0.0033730563398992105
2025-10-21,^AORD,9390.099609375,0.0070244302966260275,0.006999873915457556
2025-10-22,^AORD,9321.099609375,-0.007348164861969209,-0.007375295614589928
2025-10-23,^AORD,9329.099609375,0.0008582678369786212,0.0008578997357432022
2025-10-24,^AORD,9317.2001953125,-0.0012755158118948895,-0.0012763299745799774
2025-10-27,^AORD,9351.900390625,0.003724315737034134,0.0037173976446327607
2025-10-28,^AORD,9295.7998046875,-0.0059988434001863045,-0.006016908744938472
2025-10-29,^AORD,9218.7998046875,-0.008283310916525122,-0.008317808169458535
2025-10-30,^AORD,9178.900390625,-0.004328048651432104,-0.0043374417663667
2025-10-31,^AORD,9178.0,-9.809351738032657e-05,-9.809832886405541e-05
2025-11-03,^AORD,9182.5,0.0004903028982348179,0.0004901827390434713
2025-11-04,^AORD,9098.2001953125,-0.009180485127960769,-0.009222885484959857
2025-11-05,^AORD,9071.2001953125,-0.0029676199050786556,-0.0029720320201783437
2025-11-06,^AORD,9096.599609375,0.002800005899508795,0.0027960931850375503
2025-11-07,^AORD,9031.7001953125,-0.007134469675417421,-0.007160041705362984
2025-11-10,^AORD,9109.400390625,0.00860305298362607,0.008566257607746906
2025-11-11,^AORD,9098.400390625,-0.001207543804015998,-0.0012082734724988915
2025-11-12,^AORD,9079.400390625,-0.002088279168234619,-0.00209046266353829
2025-11-13,^AORD,9034.5,-0.00494530351050082,-0.0049575719881830346
2025-11-14,^AORD,8907.0,-0.014112568487464672,-0.014213097720015914
2025-11-17,^AORD,8915.7001953125,0.0009767817797798894,0.0009763050388798608
2025-11-18,^AORD,8738.2998046875,-0.019897527590516106,-0.02009814910077348
2025-11-19,^AORD,8721.400390625,-0.0019339476145502354,-0.0019358201058276537
2025-11-20,^AORD,8834.0,0.012910725838941817,0.012828092892323372
2025-11-21,^AORD,8686.2998046875,-0.016719514977643235,-0.01686086380570509
2025-11-24,^AORD,8800.400390625,0.013135695117951984,0.013050170015145175
2025-11-25,^AORD,8824.2001953125,0.002704400212614644,0.002700749902145525
2025-11-26,^AORD,8899.2998046875,0.008510642065316487,0.008474630726623586
2025-11-27,^AORD,8919.7998046875,0.0023035520153171785,0.002300902906833009
2025-11-28,^AORD,8918.7001953125,-0.00012327736037553993,-0.00012328495965388292
2025-12-01,^AORD,8866.400390625,-0.005864061302900181,-0.005881322423641573
2025-12-02,^AORD,8877.5,0.0012518732389681375,0.001251090299024502
2025-12-03,^AORD,8894.2001953125,0.0018811822373978604,0.00187941503003835
2025-12-04,^AORD,8906.7001953125,0.0014054102365030907,0.001404423571874182
2025-12-05,^AORD,8926.099609375,0.0021780697269577765,0.0021757011717188197
2025-12-08,^AORD,8915.0,-0.0012435005053430537,-0.0012442742936337181
2025-12-09,^AORD,8875.7998046875,-0.00439710547532246,-0.004406801176054575
2025-12-10,^AORD,8868.2001953125,-0.0008562168528166714,-0.0008565836158335901
2025-12-11,^AORD,8877.5,0.0010486687808892725,0.0010481193118903724
2025-12-12,^AORD,8983.2998046875,0.011917747641509324,0.01184729052803499
2025-12-15,^AORD,8923.7998046875,-0.006623401344008628,-0.006645433405367259
2025-12-16,^AORD,8880.599609375,-0.004841009016115283,-0.004852764655043435
2025-12-17,^AORD,8874.2001953125,-0.0007206060788670365,-0.0007208658402253924
2025-12-18,^AORD,8875.7001953125,0.0001690293172327273,0.00016901503338725496
2025-12-19,^AORD,8918.2998046875,0.0047995773220796956,0.004788096072950436
2025-12-22,^AORD,9000.7001953125,0.00923947304190098,0.009197050220321128
2025-12-23,^AORD,9096.2001953125,0.010610285636414751,0.010554391576119182
2025-12-24,^AORD,9069.0,-0.002990281076544088,-0.002994760899852011
2025-12-25,^AORD,9069.0,0.0,0.0
2025-12-26,^AORD,9069.0,0.0,0.0
2025-12-29,^AORD,9032.0,-0.0040798323960745675,-0.004088177618069826
2025-12-30,^AORD,9022.400390625,-0.0010628442620681522,-0.0010634094815598787
2025-12-31,^AORD,9018.7998046875,-0.0003990718413739991,-0.000399151491732803
2026-01-01,^AORD,9018.7998046875,0.0,0.0
2026-01-02,^AORD,9036.599609375,0.001973633418301146,0.0019716883626636292
2026-01-05,^AORD,9034.7001953125,-0.00021019123836463205,-0.00021021333163890403
2026-01-06,^AORD,8996.900390625,-0.004183847152682718,-0.004192623930199279
2026-01-07,^AORD,9018.0,0.0023452087339976835,0.002342463023998801
2026-01-08,^AORD,9046.5,0.003160345974717149,0.0031553625781215867
2026-01-09,^AORD,9045.900390625,-6.628081302162414e-05,-6.62830096917768e-05
2026-01-12,^AORD,9092.7001953125,0.005173592751032574,0.005160255700589767
2026-01-13,^AORD,9138.5,0.0050369861211425615,0.00502434294444763
2026-01-14,^AORD,9151.7998046875,0.0014553597075559477,0.0014543016980153292
2026-01-15,^AORD,9184.2001953125,0.0035403299150409406,0.0035340776993460447
2026-01-16,^AORD,9226.7001953125,0.0046275123686536634,0.004616838350060815
2026-01-19,^AORD,9194.900390625,-0.003446498099467399,-0.00345245095564947
2026-01-20,^AORD,9138.599609375,-0.0061230441721156215,-0.006141866881269324
2026-01-21,^AORD,9108.599609375,-0.003282778684080223,-0.0032881788235718384
2026-01-22,^AORD,9172.5,0.007015391318686337,0.006990897948008709
2026-01-23,^AORD,9189.900390625,0.0018970172390297968,0.0018952201741769615
2026-01-26,^AORD,9189.900390625,0.0,0.0
2026-01-27,^AORD,9268.5,0.008552824952834381,0.00851645676552994
2026-01-28,^AORD,9250.599609375,-0.0019313147353940963,-0.0019331821284341636
2026-01-29,^AORD,9236.900390625,-0.0014809006257406887,-0.0014819982428474245
2026-01-30,^AORD,9164.7998046875,-0.007805712185732672,-0.007836336222803452
2026-02-02,^AORD,9068.7998046875,-0.010474860558426946,-0.010530108055504974
2026-02-03,^AORD,9149.2998046875,0.008876588052852519,0.008837422744027558
2026-02-04,^AORD,9204.599609375,0.006044157024909014,0.006025964377180255
2026-02-05,^AORD,9154.900390625,-0.00539938952905461,-0.005414018916300771
2026-02-06,^AORD,8954.599609375,-0.021879078166171628,-0.02212197463347675
2026-02-09,^AORD,9175.099609375,0.024624216561190293,0.02432592738048383
2026-02-10,^AORD,9139.900390625,-0.0038363854615849347,-0.0038437632637300196
2026-02-11,^AORD,9281.7998046875,0.015525269204033076,0.015405985238346687
2026-02-12,^AORD,9281.7998046875,0.0,0.0
2026-02-13,^AORD,9138.7998046875,-0.015406494754151234,-0.015526408017545394
2026-02-16,^AORD,9163.7998046875,0.0027355889760465324,0.002731854062432088
2026-02-17,^AORD,9182.5,0.002040659520184507,0.0020385802028511286
2026-02-18,^AORD,9238.7001953125,0.006120358868772158,0.006101705543767449
2026-02-19,^AORD,9316.599609375,0.008431858639814216,0.008396509089031244
2026-02-20,^AORD,9303.2001953125,-0.0014382301080124726,-0.0014392653536676417
2026-02-23,^AORD,9251.5,-0.00555724849805439,-0.005572747451182623
2026-02-24,^AORD,9244.2998046875,-0.000778273286764275,-0.0007785762986462901
2026-02-25,^AORD,9359.0,0.012407667182574356,0.012331322934131882
2026-02-26,^AORD,9408.7001953125,0.005310417278822532,0.00529636673387191
2026-02-27,^AORD,9435.599609375,0.002858993644616392,0.0028549144952782365
2026-03-02,^AORD,9430.599609375,-0.0005299080299074888,-0.0005300484807871266
2026-03-03,^AORD,9297.2001953125,-0.014145379889724863,-0.014246379357678625
2026-03-04,^AORD,9117.099609375,-0.01937148627049079,-0.01956157234815896
2026-03-05,^AORD,9164.900390625,0.005242981134136793,0.005229284561606045
2026-03-06,^AORD,9085.099609375,-0.008707217519966726,-0.008745346833269866
2026-03-09,^AORD,8823.599609375,-0.02878339382544093,-0.029205760208421565
2026-03-10,^AORD,8924.2001953125,0.0114013090338565,0.011336803941983067
2026-03-11,^AORD,8976.7998046875,0.005894041843954589,0.005876739931501571
2026-03-12,^AORD,8851.400390625,-0.013969278227305315,-0.014067766880424182
2026-03-13,^AORD,8839.099609375,-0.0013896988846000546,-0.0013906654116531403
